2026-02-22T17:36:25.020+0800	[34mINFO[0m	runtime/proc.go:283	Starting application...
2026-02-22T17:36:25.020+0800	[34mINFO[0m	runtime/proc.go:283	Connecting to PostgreSQL database...
2026-02-22T17:36:25.084+0800	[34mINFO[0m	runtime/proc.go:283	Database connected successfully	{"database": "School-manajement"}
2026-02-22T17:36:25.084+0800	[34mINFO[0m	runtime/asm_amd64.s:1700	Starting server	{"port": ":8080"}
2026-02-22T17:36:30.593+0800	[34mINFO[0m	runtime/proc.go:283	Shutting down server...
2026-02-22T17:36:30.594+0800	[31mERROR[0m	runtime/asm_amd64.s:1700	Server error	{"error": "http: Server closed"}
2026-02-22T17:36:30.594+0800	[34mINFO[0m	runtime/proc.go:283	Server exited properly
2026-02-22T17:36:30.594+0800	[34mINFO[0m	cmd/main.go:108	Closing database connection...
2026-02-22T17:38:49.123+0800	[34mINFO[0m	runtime/proc.go:283	Starting application...
2026-02-22T17:38:49.124+0800	[34mINFO[0m	runtime/proc.go:283	Connecting to PostgreSQL database...
2026-02-22T17:38:49.143+0800	[34mINFO[0m	runtime/proc.go:283	Database connected successfully	{"database": "School-manajement"}
2026-02-22T17:38:49.145+0800	[34mINFO[0m	runtime/asm_amd64.s:1700	Starting server	{"port": ":8080"}
2026-02-22T17:38:58.329+0800	[34mINFO[0m	runtime/proc.go:283	Shutting down server...
2026-02-22T17:38:58.330+0800	[31mERROR[0m	runtime/asm_amd64.s:1700	Server error	{"error": "http: Server closed"}
2026-02-22T17:38:58.330+0800	[34mINFO[0m	runtime/proc.go:283	Server exited properly
2026-02-22T17:38:58.330+0800	[34mINFO[0m	cmd/main.go:108	Closing database connection...
2026-02-22T20:04:31.411+0800	[34mINFO[0m	runtime/proc.go:283	Starting application...
2026-02-22T20:04:31.412+0800	[34mINFO[0m	runtime/proc.go:283	Connecting to PostgreSQL database...
2026-02-22T20:04:31.454+0800	[34mINFO[0m	runtime/proc.go:283	Database connected successfully	{"database": "School-manajement"}
2026-02-22T20:04:31.455+0800	[34mINFO[0m	runtime/asm_amd64.s:1700	Starting server	{"port": ":8080"}
2026-02-23T17:53:03.291+0800	[34mINFO[0m	runtime/proc.go:283	Starting application...
2026-02-23T17:53:03.292+0800	[34mINFO[0m	runtime/proc.go:283	Connecting to PostgreSQL database...
2026-02-23T17:53:03.308+0800	[34mINFO[0m	runtime/proc.go:283	Database connected successfully	{"database": "School-manajement"}
2026-02-23T17:53:03.309+0800	[34mINFO[0m	runtime/asm_amd64.s:1700	Starting server	{"port": ":8080"}
2026-02-23T17:56:03.972+0800	[34mINFO[0m	runtime/proc.go:283	Shutting down server...
2026-02-23T17:56:03.975+0800	[31mERROR[0m	runtime/asm_amd64.s:1700	Server error	{"error": "http: Server closed"}
2026-02-23T17:56:03.975+0800	[34mINFO[0m	runtime/proc.go:283	Server exited properly
2026-02-23T17:56:03.975+0800	[34mINFO[0m	cmd/main.go:108	Closing database connection...
2026-02-23T17:56:10.871+0800	[34mINFO[0m	runtime/proc.go:283	Starting application...
2026-02-23T17:56:10.872+0800	[34mINFO[0m	runtime/proc.go:283	Connecting to PostgreSQL database...
2026-02-23T17:56:10.889+0800	[34mINFO[0m	runtime/proc.go:283	Database connected successfully	{"database": "School-manajement"}
2026-02-23T17:56:10.890+0800	[34mINFO[0m	runtime/asm_amd64.s:1700	Starting server	{"port": ":8080"}
2026-02-23T17:59:16.239+0800	[34mINFO[0m	runtime/proc.go:283	Shutting down server...
2026-02-23T17:59:16.240+0800	[31mERROR[0m	runtime/asm_amd64.s:1700	Server error	{"error": "http: Server closed"}
2026-02-23T17:59:16.240+0800	[34mINFO[0m	runtime/proc.go:283	Server exited properly
2026-02-23T17:59:16.240+0800	[34mINFO[0m	cmd/main.go:108	Closing database connection...
2026-02-23T18:00:59.355+0800	[34mINFO[0m	runtime/proc.go:283	Starting application...
2026-02-23T18:00:59.355+0800	[34mINFO[0m	runtime/proc.go:283	Connecting to PostgreSQL database...
2026-02-23T18:00:59.370+0800	[34mINFO[0m	runtime/proc.go:283	Database connected successfully	{"database": "School-manajement"}
2026-02-23T18:00:59.371+0800	[34mINFO[0m	runtime/asm_amd64.s:1700	Starting server	{"port": ":8080"}
2026-02-23T18:03:24.733+0800	[34mINFO[0m	runtime/proc.go:283	Shutting down server...
2026-02-23T18:03:24.749+0800	[34mINFO[0m	runtime/proc.go:283	Server exited properly
2026-02-23T18:03:24.749+0800	[34mINFO[0m	cmd/main.go:108	Closing database connection...
2026-02-23T18:03:24.749+0800	[31mERROR[0m	runtime/asm_amd64.s:1700	Server error	{"error": "http: Server closed"}
2026-02-23T18:03:27.364+0800	[34mINFO[0m	runtime/proc.go:283	Starting application...
2026-02-23T18:03:27.369+0800	[34mINFO[0m	runtime/proc.go:283	Connecting to PostgreSQL database...
2026-02-23T18:03:27.385+0800	[34mINFO[0m	runtime/proc.go:283	Database connected successfully	{"database": "School-manajement"}
2026-02-23T18:03:27.385+0800	[34mINFO[0m	runtime/asm_amd64.s:1700	Starting server	{"port": ":8080"}
2026-02-23T18:08:37.026+0800	[34mINFO[0m	runtime/proc.go:283	Shutting down server...
2026-02-23T18:08:37.027+0800	[31mERROR[0m	runtime/asm_amd64.s:1700	Server error	{"error": "http: Server closed"}
2026-02-23T18:08:37.027+0800	[34mINFO[0m	runtime/proc.go:283	Server exited properly
2026-02-23T18:08:37.027+0800	[34mINFO[0m	cmd/main.go:108	Closing database connection...
2026-02-23T18:08:46.919+0800	[34mINFO[0m	runtime/proc.go:283	Starting application...
2026-02-23T18:08:46.920+0800	[34mINFO[0m	runtime/proc.go:283	Connecting to PostgreSQL database...
2026-02-23T18:08:46.985+0800	[34mINFO[0m	runtime/proc.go:283	Database connected successfully	{"database": "School-manajement"}
2026-02-23T18:08:46.985+0800	[34mINFO[0m	runtime/asm_amd64.s:1700	Starting server	{"port": ":8080"}
2026-02-23T18:11:18.632+0800	[34mINFO[0m	runtime/proc.go:283	Shutting down server...
2026-02-23T18:11:18.632+0800	[31mERROR[0m	runtime/asm_amd64.s:1700	Server error	{"error": "http: Server closed"}
2026-02-23T18:11:18.632+0800	[34mINFO[0m	runtime/proc.go:283	Server exited properly
2026-02-23T18:11:18.632+0800	[34mINFO[0m	cmd/main.go:108	Closing database connection...
2026-02-23T18:11:26.286+0800	[34mINFO[0m	runtime/proc.go:283	Starting application...
2026-02-23T18:11:26.286+0800	[34mINFO[0m	runtime/proc.go:283	Connecting to PostgreSQL database...
2026-02-23T18:11:26.302+0800	[34mINFO[0m	runtime/proc.go:283	Database connected successfully	{"database": "School-manajement"}
2026-02-23T18:11:26.303+0800	[34mINFO[0m	runtime/asm_amd64.s:1700	Starting server	{"port": ":8080"}
2026-02-23T18:12:12.096+0800	[34mINFO[0m	runtime/proc.go:283	Shutting down server...
2026-02-23T18:12:12.096+0800	[31mERROR[0m	runtime/asm_amd64.s:1700	Server error	{"error": "http: Server closed"}
2026-02-23T18:12:12.096+0800	[34mINFO[0m	runtime/proc.go:283	Server exited properly
2026-02-23T18:12:12.097+0800	[34mINFO[0m	cmd/main.go:108	Closing database connection...
2026-02-23T18:13:37.763+0800	[34mINFO[0m	runtime/proc.go:283	Starting application...
2026-02-23T18:13:37.763+0800	[34mINFO[0m	runtime/proc.go:283	Connecting to PostgreSQL database...
2026-02-23T18:13:37.778+0800	[34mINFO[0m	runtime/proc.go:283	Database connected successfully	{"database": "School-manajement"}
2026-02-23T18:13:37.778+0800	[34mINFO[0m	runtime/asm_amd64.s:1700	Starting server	{"port": ":8080"}
2026-02-23T18:16:23.543+0800	[34mINFO[0m	runtime/proc.go:283	Shutting down server...
2026-02-23T18:16:23.544+0800	[31mERROR[0m	runtime/asm_amd64.s:1700	Server error	{"error": "http: Server closed"}
2026-02-23T18:16:23.544+0800	[34mINFO[0m	runtime/proc.go:283	Server exited properly
2026-02-23T18:16:23.544+0800	[34mINFO[0m	cmd/main.go:108	Closing database connection...
2026-02-23T18:17:18.185+0800	[34mINFO[0m	runtime/proc.go:283	Starting application...
2026-02-23T18:17:18.186+0800	[34mINFO[0m	runtime/proc.go:283	Connecting to PostgreSQL database...
2026-02-23T18:17:18.220+0800	[34mINFO[0m	runtime/proc.go:283	Database connected successfully	{"database": "School-manajement"}
2026-02-23T18:17:18.221+0800	[34mINFO[0m	runtime/asm_amd64.s:1700	Starting server	{"port": ":8080"}
2026-02-23T18:18:19.860+0800	[34mINFO[0m	runtime/proc.go:283	Shutting down server...
2026-02-23T18:18:19.860+0800	[31mERROR[0m	runtime/asm_amd64.s:1700	Server error	{"error": "http: Server closed"}
2026-02-23T18:18:19.860+0800	[34mINFO[0m	runtime/proc.go:283	Server exited properly
2026-02-23T18:18:19.860+0800	[34mINFO[0m	cmd/main.go:108	Closing database connection...
2026-02-23T18:18:44.488+0800	[34mINFO[0m	runtime/proc.go:283	Starting application...
2026-02-23T18:18:44.488+0800	[34mINFO[0m	runtime/proc.go:283	Connecting to PostgreSQL database...
2026-02-23T18:18:44.503+0800	[34mINFO[0m	runtime/proc.go:283	Database connected successfully	{"database": "School-manajement"}
2026-02-23T18:18:44.503+0800	[34mINFO[0m	runtime/asm_amd64.s:1700	Starting server	{"port": ":8080"}
2026-02-23T18:19:01.932+0800	[34mINFO[0m	runtime/proc.go:283	Shutting down server...
2026-02-23T18:19:01.932+0800	[31mERROR[0m	runtime/asm_amd64.s:1700	Server error	{"error": "http: Server closed"}
2026-02-23T18:19:01.932+0800	[34mINFO[0m	runtime/proc.go:283	Server exited properly
2026-02-23T18:19:01.932+0800	[34mINFO[0m	cmd/main.go:108	Closing database connection...
2026-02-23T18:20:05.934+0800	[34mINFO[0m	runtime/proc.go:283	Starting application...
2026-02-23T18:20:05.936+0800	[34mINFO[0m	runtime/proc.go:283	Connecting to PostgreSQL database...
2026-02-23T18:20:05.959+0800	[34mINFO[0m	runtime/proc.go:283	Database connected successfully	{"database": "School-manajement"}
2026-02-23T18:20:05.961+0800	[34mINFO[0m	runtime/asm_amd64.s:1700	Starting server	{"port": ":8080"}
2026-02-23T18:23:46.225+0800	[34mINFO[0m	runtime/proc.go:283	Shutting down server...
2026-02-23T18:23:46.226+0800	[31mERROR[0m	runtime/asm_amd64.s:1700	Server error	{"error": "http: Server closed"}
2026-02-23T18:23:46.226+0800	[34mINFO[0m	runtime/proc.go:283	Server exited properly
2026-02-23T18:23:46.226+0800	[34mINFO[0m	cmd/main.go:108	Closing database connection...
2026-02-23T18:24:52.493+0800	[34mINFO[0m	runtime/proc.go:283	Starting application...
2026-02-23T18:24:52.493+0800	[34mINFO[0m	runtime/proc.go:283	Connecting to PostgreSQL database...
2026-02-23T18:24:52.522+0800	[34mINFO[0m	runtime/proc.go:283	Database connected successfully	{"database": "School-manajement"}
2026-02-23T18:24:52.522+0800	[34mINFO[0m	runtime/asm_amd64.s:1700	Starting server	{"port": ":8080"}
2026-02-23T18:27:24.077+0800	[34mINFO[0m	runtime/proc.go:283	Shutting down server...
2026-02-23T18:27:24.077+0800	[31mERROR[0m	runtime/asm_amd64.s:1700	Server error	{"error": "http: Server closed"}
2026-02-23T18:27:24.078+0800	[34mINFO[0m	runtime/proc.go:283	Server exited properly
2026-02-23T18:27:24.078+0800	[34mINFO[0m	cmd/main.go:108	Closing database connection...
2026-02-23T18:27:52.009+0800	[34mINFO[0m	runtime/proc.go:283	Starting application...
2026-02-23T18:27:52.010+0800	[34mINFO[0m	runtime/proc.go:283	Connecting to PostgreSQL database...
2026-02-23T18:27:52.021+0800	[34mINFO[0m	runtime/proc.go:283	Database connected successfully	{"database": "School-manajement"}
2026-02-23T18:27:52.021+0800	[34mINFO[0m	runtime/asm_amd64.s:1700	Starting server	{"port": ":8080"}
2026-02-23T18:27:55.738+0800	[34mINFO[0m	http/server.go:2294	HTTP Request completed	{"method": "POST", "path": "/api/v1/register", "ip": "[::1]:57696", "status": 201, "duration": 0.189195438}
2026-02-23T19:28:07.114+0800	[31mERROR[0m	http/server.go:2294	Failed to generate the jwt !	{"request_id": "ca5e2d4e-3166-47c0-a26d-93b3d43407b3", "client_ip": "[::1]:46992"}
2026-02-23T19:28:07.115+0800	[34mINFO[0m	http/server.go:2294	HTTP Request completed	{"method": "POST", "path": "/api/v1/login", "ip": "[::1]:46992", "status": 400, "duration": 0.115056774}
2026-02-23T19:31:47.695+0800	[34mINFO[0m	runtime/proc.go:283	Shutting down server...
2026-02-23T19:31:47.695+0800	[31mERROR[0m	runtime/asm_amd64.s:1700	Server error	{"error": "http: Server closed"}
2026-02-23T19:31:47.695+0800	[34mINFO[0m	runtime/proc.go:283	Server exited properly
2026-02-23T19:31:47.695+0800	[34mINFO[0m	cmd/main.go:108	Closing database connection...
2026-02-23T19:31:51.650+0800	[34mINFO[0m	runtime/proc.go:283	Starting application...
2026-02-23T19:31:51.650+0800	[34mINFO[0m	runtime/proc.go:283	Connecting to PostgreSQL database...
2026-02-23T19:31:51.660+0800	[34mINFO[0m	runtime/proc.go:283	Database connected successfully	{"database": "School-manajement"}
2026-02-23T19:31:51.661+0800	[34mINFO[0m	runtime/asm_amd64.s:1700	Starting server	{"port": ":8080"}
2026-02-23T19:31:55.714+0800	[34mINFO[0m	http/server.go:2294	HTTP Request completed	{"method": "POST", "path": "/api/v1/login", "ip": "[::1]:45830", "status": 200, "duration": 0.10827485}
2026-02-23T19:35:34.930+0800	[34mINFO[0m	runtime/proc.go:283	Shutting down server...
2026-02-23T19:35:34.931+0800	[31mERROR[0m	runtime/asm_amd64.s:1700	Server error	{"error": "http: Server closed"}
2026-02-23T19:35:34.931+0800	[34mINFO[0m	runtime/proc.go:283	Server exited properly
2026-02-23T19:35:34.931+0800	[34mINFO[0m	cmd/main.go:108	Closing database connection...
2026-02-23T19:35:44.892+0800	[34mINFO[0m	runtime/proc.go:283	Starting application...
2026-02-23T19:35:44.893+0800	[34mINFO[0m	runtime/proc.go:283	Connecting to PostgreSQL database...
2026-02-23T19:35:44.910+0800	[34mINFO[0m	runtime/proc.go:283	Database connected successfully	{"database": "School-manajement"}
2026-02-23T19:35:44.910+0800	[34mINFO[0m	runtime/asm_amd64.s:1700	Starting server	{"port": ":8080"}
2026-02-23T19:53:29.648+0800	[34mINFO[0m	runtime/proc.go:283	Shutting down server...
2026-02-23T19:53:29.660+0800	[34mINFO[0m	runtime/proc.go:283	Server exited properly
2026-02-23T19:53:29.662+0800	[34mINFO[0m	cmd/main.go:108	Closing database connection...
2026-02-23T19:53:29.660+0800	[31mERROR[0m	runtime/asm_amd64.s:1700	Server error	{"error": "http: Server closed"}
2026-02-23T19:53:34.638+0800	[34mINFO[0m	runtime/proc.go:283	Starting application...
2026-02-23T19:53:34.644+0800	[34mINFO[0m	runtime/proc.go:283	Connecting to PostgreSQL database...
2026-02-23T19:53:34.657+0800	[34mINFO[0m	runtime/proc.go:283	Database connected successfully	{"database": "School-manajement"}
2026-02-23T19:53:34.658+0800	[34mINFO[0m	runtime/asm_amd64.s:1700	Starting server	{"port": ":8080"}
2026-02-23T19:54:39.444+0800	[33mWARN[0m	http/server.go:2294	Token validation failed	{"request_id": "9288202b-a973-48a0-a544-05b579e33173", "client_ip": "[::1]:44358", "error": "token signature is invalid: signature is invalid"}
2026-02-23T19:54:39.444+0800	[34mINFO[0m	http/server.go:2294	HTTP Request completed	{"method": "POST", "path": "/api/v1/student/register", "ip": "[::1]:44358", "status": 400, "duration": 0.000532177}
2026-02-23T19:57:02.586+0800	[34mINFO[0m	runtime/proc.go:283	Shutting down server...
2026-02-23T19:57:02.587+0800	[31mERROR[0m	runtime/asm_amd64.s:1700	Server error	{"error": "http: Server closed"}
2026-02-23T19:57:02.587+0800	[34mINFO[0m	runtime/proc.go:283	Server exited properly
2026-02-23T19:57:02.587+0800	[34mINFO[0m	cmd/main.go:108	Closing database connection...
2026-02-23T19:57:07.121+0800	[34mINFO[0m	runtime/proc.go:283	Starting application...
2026-02-23T19:57:07.122+0800	[34mINFO[0m	runtime/proc.go:283	Connecting to PostgreSQL database...
2026-02-23T19:57:07.136+0800	[34mINFO[0m	runtime/proc.go:283	Database connected successfully	{"database": "School-manajement"}
2026-02-23T19:57:07.136+0800	[34mINFO[0m	runtime/asm_amd64.s:1700	Starting server	{"port": ":8080"}
2026-02-23T19:57:10.217+0800	[33mWARN[0m	http/server.go:2294	Token validation failed	{"request_id": "34219f48-eb7e-42d1-b46f-a6ed455e4626", "client_ip": "[::1]:60064", "error": "token signature is invalid: signature is invalid"}
2026-02-23T19:57:10.217+0800	[34mINFO[0m	http/server.go:2294	HTTP Request completed	{"method": "POST", "path": "/api/v1/student/register", "ip": "[::1]:60064", "status": 400, "duration": 0.000580366}
2026-02-23T19:59:23.345+0800	[34mINFO[0m	http/server.go:2294	HTTP Request completed	{"method": "POST", "path": "/api/v1/student/register", "ip": "[::1]:35078", "status": 200, "duration": 0.000601581}
2026-02-23T20:01:49.295+0800	[34mINFO[0m	runtime/proc.go:283	Shutting down server...
2026-02-23T20:01:49.295+0800	[31mERROR[0m	runtime/asm_amd64.s:1700	Server error	{"error": "http: Server closed"}
2026-02-23T20:01:49.295+0800	[34mINFO[0m	runtime/proc.go:283	Server exited properly
2026-02-23T20:01:49.296+0800	[34mINFO[0m	cmd/main.go:108	Closing database connection...
2026-02-23T20:02:00.172+0800	[34mINFO[0m	runtime/proc.go:283	Starting application...
2026-02-23T20:02:00.174+0800	[34mINFO[0m	runtime/proc.go:283	Connecting to PostgreSQL database...
2026-02-23T20:02:00.187+0800	[34mINFO[0m	runtime/proc.go:283	Database connected successfully	{"database": "School-manajement"}
2026-02-23T20:02:00.188+0800	[34mINFO[0m	runtime/asm_amd64.s:1700	Starting server	{"port": ":8080"}
2026-02-23T20:02:02.848+0800	[34mINFO[0m	http/server.go:2294	HTTP Request completed	{"method": "POST", "path": "/api/v1/student/register", "ip": "[::1]:56206", "status": 200, "duration": 0.000648851}
2026-02-23T20:06:09.703+0800	[34mINFO[0m	runtime/proc.go:283	Shutting down server...
2026-02-23T20:06:09.703+0800	[31mERROR[0m	runtime/asm_amd64.s:1700	Server error	{"error": "http: Server closed"}
2026-02-23T20:06:09.703+0800	[34mINFO[0m	runtime/proc.go:283	Server exited properly
2026-02-23T20:06:09.704+0800	[34mINFO[0m	cmd/main.go:108	Closing database connection...
2026-02-23T20:07:40.797+0800	[34mINFO[0m	runtime/proc.go:283	Starting application...
2026-02-23T20:07:40.798+0800	[34mINFO[0m	runtime/proc.go:283	Connecting to PostgreSQL database...
2026-02-23T20:07:40.811+0800	[34mINFO[0m	runtime/proc.go:283	Database connected successfully	{"database": "School-manajement"}
2026-02-23T20:07:40.811+0800	[34mINFO[0m	runtime/asm_amd64.s:1700	Starting server	{"port": ":8080"}
2026-02-23T20:07:43.830+0800	[34mINFO[0m	http/server.go:2294	HTTP Request completed	{"method": "POST", "path": "/api/v1/students/register", "ip": "[::1]:42306", "status": 200, "duration": 0.000799679}
2026-02-23T20:08:32.365+0800	[34mINFO[0m	runtime/proc.go:283	Shutting down server...
2026-02-23T20:08:32.366+0800	[34mINFO[0m	runtime/proc.go:283	Server exited properly
2026-02-23T20:08:32.366+0800	[34mINFO[0m	cmd/main.go:108	Closing database connection...
2026-02-23T20:08:32.365+0800	[31mERROR[0m	runtime/asm_amd64.s:1700	Server error	{"error": "http: Server closed"}
2026-02-23T20:08:43.294+0800	[34mINFO[0m	runtime/proc.go:283	Starting application...
2026-02-23T20:08:43.295+0800	[34mINFO[0m	runtime/proc.go:283	Connecting to PostgreSQL database...
2026-02-23T20:08:43.308+0800	[34mINFO[0m	runtime/proc.go:283	Database connected successfully	{"database": "School-manajement"}
2026-02-23T20:08:43.308+0800	[34mINFO[0m	runtime/asm_amd64.s:1700	Starting server	{"port": ":8080"}
2026-02-23T20:08:45.948+0800	[34mINFO[0m	http/server.go:2294	HTTP Request completed	{"method": "POST", "path": "/api/v1/students/register", "ip": "[::1]:34488", "status": 200, "duration": 0.000627539}
2026-02-23T20:09:30.501+0800	[34mINFO[0m	runtime/proc.go:283	Shutting down server...
2026-02-23T20:09:30.501+0800	[31mERROR[0m	runtime/asm_amd64.s:1700	Server error	{"error": "http: Server closed"}
2026-02-23T20:09:30.501+0800	[34mINFO[0m	runtime/proc.go:283	Server exited properly
2026-02-23T20:09:30.501+0800	[34mINFO[0m	cmd/main.go:108	Closing database connection...
2026-02-23T20:09:33.399+0800	[34mINFO[0m	runtime/proc.go:283	Starting application...
2026-02-23T20:09:33.399+0800	[34mINFO[0m	runtime/proc.go:283	Connecting to PostgreSQL database...
2026-02-23T20:09:33.409+0800	[34mINFO[0m	runtime/proc.go:283	Database connected successfully	{"database": "School-manajement"}
2026-02-23T20:09:33.410+0800	[34mINFO[0m	runtime/asm_amd64.s:1700	Starting server	{"port": ":8080"}
2026-02-23T20:09:37.370+0800	[34mINFO[0m	http/server.go:2294	HTTP Request completed	{"method": "POST", "path": "/api/v1/students/register", "ip": "[::1]:53122", "status": 200, "duration": 0.000603004}
2026-02-23T20:11:29.227+0800	[34mINFO[0m	runtime/proc.go:283	Shutting down server...
2026-02-23T20:11:29.227+0800	[31mERROR[0m	runtime/asm_amd64.s:1700	Server error	{"error": "http: Server closed"}
2026-02-23T20:11:29.227+0800	[34mINFO[0m	runtime/proc.go:283	Server exited properly
2026-02-23T20:11:29.227+0800	[34mINFO[0m	cmd/main.go:108	Closing database connection...
2026-02-23T20:11:33.474+0800	[34mINFO[0m	runtime/proc.go:283	Starting application...
2026-02-23T20:11:33.474+0800	[34mINFO[0m	runtime/proc.go:283	Connecting to PostgreSQL database...
2026-02-23T20:11:33.491+0800	[34mINFO[0m	runtime/proc.go:283	Database connected successfully	{"database": "School-manajement"}
2026-02-23T20:11:33.493+0800	[34mINFO[0m	runtime/asm_amd64.s:1700	Starting server	{"port": ":8080"}
2026-02-23T20:11:37.619+0800	[34mINFO[0m	http/server.go:2294	HTTP Request completed	{"method": "POST", "path": "/api/v1/students/register", "ip": "[::1]:47270", "status": 200, "duration": 0.00070276}
2026-02-23T20:46:04.722+0800	[34mINFO[0m	runtime/proc.go:283	Shutting down server...
2026-02-23T20:46:04.723+0800	[31mERROR[0m	runtime/asm_amd64.s:1700	Server error	{"error": "http: Server closed"}
2026-02-23T20:46:04.723+0800	[34mINFO[0m	runtime/proc.go:283	Server exited properly
2026-02-23T20:46:04.724+0800	[34mINFO[0m	cmd/main.go:108	Closing database connection...
2026-02-23T20:50:27.384+0800	[34mINFO[0m	runtime/proc.go:283	Starting application...
2026-02-23T20:50:27.385+0800	[34mINFO[0m	runtime/proc.go:283	Connecting to PostgreSQL database...
2026-02-23T20:50:27.400+0800	[34mINFO[0m	runtime/proc.go:283	Database connected successfully	{"database": "School-manajement"}
2026-02-23T20:50:27.400+0800	[34mINFO[0m	runtime/asm_amd64.s:1700	Starting server	{"port": ":8080"}
2026-02-23T20:50:29.891+0800	[34mINFO[0m	http/server.go:2294	HTTP Request completed	{"method": "POST", "path": "/api/v1/students/register", "ip": "[::1]:45440", "status": 200, "duration": 0.000985957}
2026-02-23T20:50:56.072+0800	[33mWARN[0m	http/server.go:2294	Token validation failed	{"request_id": "fd5b27c5-3aed-4f4b-94ed-24338d594d5f", "client_ip": "[::1]:45440", "error": "token signature is invalid: signature is invalid"}
2026-02-23T20:50:56.072+0800	[34mINFO[0m	http/server.go:2294	HTTP Request completed	{"method": "POST", "path": "/api/v1/students/register", "ip": "[::1]:45440", "status": 400, "duration": 0.00072361}
2026-02-23T20:52:54.276+0800	[34mINFO[0m	runtime/proc.go:283	Shutting down server...
2026-02-23T20:52:54.276+0800	[31mERROR[0m	runtime/asm_amd64.s:1700	Server error	{"error": "http: Server closed"}
2026-02-23T20:52:54.276+0800	[34mINFO[0m	runtime/proc.go:283	Server exited properly
2026-02-23T20:52:54.277+0800	[34mINFO[0m	cmd/main.go:108	Closing database connection...
2026-02-23T20:53:11.525+0800	[34mINFO[0m	runtime/proc.go:283	Starting application...
2026-02-23T20:53:11.526+0800	[34mINFO[0m	runtime/proc.go:283	Connecting to PostgreSQL database...
2026-02-23T20:53:11.539+0800	[34mINFO[0m	runtime/proc.go:283	Database connected successfully	{"database": "School-manajement"}
2026-02-23T20:53:11.540+0800	[34mINFO[0m	runtime/asm_amd64.s:1700	Starting server	{"port": ":8080"}
2026-02-23T20:53:56.651+0800	[34mINFO[0m	http/server.go:2294	HTTP Request completed	{"method": "POST", "path": "/api/v1/students/register", "ip": "[::1]:33982", "status": 200, "duration": 0.000588608}
2026-02-23T20:54:43.247+0800	[34mINFO[0m	runtime/proc.go:283	Shutting down server...
2026-02-23T20:54:43.249+0800	[31mERROR[0m	runtime/asm_amd64.s:1700	Server error	{"error": "http: Server closed"}
2026-02-23T20:54:43.250+0800	[34mINFO[0m	runtime/proc.go:283	Server exited properly
2026-02-23T20:54:43.250+0800	[34mINFO[0m	cmd/main.go:108	Closing database connection...
2026-02-23T20:55:18.905+0800	[34mINFO[0m	runtime/proc.go:283	Starting application...
2026-02-23T20:55:18.906+0800	[34mINFO[0m	runtime/proc.go:283	Connecting to PostgreSQL database...
2026-02-23T20:55:18.920+0800	[34mINFO[0m	runtime/proc.go:283	Database connected successfully	{"database": "School-manajement"}
2026-02-23T20:55:18.920+0800	[34mINFO[0m	runtime/asm_amd64.s:1700	Starting server	{"port": ":8080"}
2026-02-23T20:55:22.181+0800	[34mINFO[0m	http/server.go:2294	HTTP Request completed	{"method": "POST", "path": "/api/v1/students/register", "ip": "[::1]:44852", "status": 200, "duration": 0.001275492}
2026-02-23T20:56:53.802+0800	[34mINFO[0m	runtime/proc.go:283	Shutting down server...
2026-02-23T20:56:53.803+0800	[31mERROR[0m	runtime/asm_amd64.s:1700	Server error	{"error": "http: Server closed"}
2026-02-23T20:56:53.803+0800	[34mINFO[0m	runtime/proc.go:283	Server exited properly
2026-02-23T20:56:53.804+0800	[34mINFO[0m	cmd/main.go:108	Closing database connection...
2026-02-23T20:57:09.655+0800	[34mINFO[0m	runtime/proc.go:283	Starting application...
2026-02-23T20:57:09.656+0800	[34mINFO[0m	runtime/proc.go:283	Connecting to PostgreSQL database...
2026-02-23T20:57:09.697+0800	[34mINFO[0m	runtime/proc.go:283	Database connected successfully	{"database": "School-manajement"}
2026-02-23T20:57:09.698+0800	[34mINFO[0m	runtime/asm_amd64.s:1700	Starting server	{"port": ":8080"}
2026-02-23T20:57:12.995+0800	[34mINFO[0m	http/server.go:2294	HTTP Request completed	{"method": "POST", "path": "/api/v1/students/register", "ip": "[::1]:60606", "status": 200, "duration": 0.000839717}
2026-02-23T20:58:41.031+0800	[34mINFO[0m	runtime/proc.go:283	Shutting down server...
2026-02-23T20:58:41.032+0800	[31mERROR[0m	runtime/asm_amd64.s:1700	Server error	{"error": "http: Server closed"}
2026-02-23T20:58:41.032+0800	[34mINFO[0m	runtime/proc.go:283	Server exited properly
2026-02-23T20:58:41.032+0800	[34mINFO[0m	cmd/main.go:108	Closing database connection...
2026-02-23T20:58:59.026+0800	[34mINFO[0m	runtime/proc.go:283	Starting application...
2026-02-23T20:58:59.026+0800	[34mINFO[0m	runtime/proc.go:283	Connecting to PostgreSQL database...
2026-02-23T20:58:59.039+0800	[34mINFO[0m	runtime/proc.go:283	Database connected successfully	{"database": "School-manajement"}
2026-02-23T20:58:59.039+0800	[34mINFO[0m	runtime/asm_amd64.s:1700	Starting server	{"port": ":8080"}
2026-02-23T20:59:15.163+0800	[34mINFO[0m	http/server.go:2294	HTTP Request completed	{"method": "POST", "path": "/api/v1/students/register", "ip": "[::1]:52438", "status": 200, "duration": 0.001052235}
2026-02-23T21:01:42.407+0800	[34mINFO[0m	runtime/proc.go:283	Shutting down server...
2026-02-23T21:01:42.407+0800	[31mERROR[0m	runtime/asm_amd64.s:1700	Server error	{"error": "http: Server closed"}
2026-02-23T21:01:42.408+0800	[34mINFO[0m	runtime/proc.go:283	Server exited properly
2026-02-23T21:01:42.408+0800	[34mINFO[0m	cmd/main.go:108	Closing database connection...
2026-02-23T21:02:02.021+0800	[34mINFO[0m	runtime/proc.go:283	Starting application...
2026-02-23T21:02:02.021+0800	[34mINFO[0m	runtime/proc.go:283	Connecting to PostgreSQL database...
2026-02-23T21:02:02.032+0800	[34mINFO[0m	runtime/proc.go:283	Database connected successfully	{"database": "School-manajement"}
2026-02-23T21:02:02.037+0800	[34mINFO[0m	runtime/asm_amd64.s:1700	Starting server	{"port": ":8080"}
2026-02-23T21:02:11.487+0800	[34mINFO[0m	http/server.go:2294	HTTP Request completed	{"method": "POST", "path": "/api/v1/students/register", "ip": "[::1]:38340", "status": 200, "duration": 0.000826988}
2026-02-23T21:02:30.716+0800	[34mINFO[0m	http/server.go:2294	HTTP Request completed	{"method": "GET", "path": "/api/v1/profile", "ip": "[::1]:38340", "status": 200, "duration": 0.003916683}
2026-02-23T21:03:25.272+0800	[34mINFO[0m	runtime/proc.go:283	Shutting down server...
2026-02-23T21:03:25.272+0800	[31mERROR[0m	runtime/asm_amd64.s:1700	Server error	{"error": "http: Server closed"}
2026-02-23T21:03:25.272+0800	[34mINFO[0m	runtime/proc.go:283	Server exited properly
2026-02-23T21:03:25.273+0800	[34mINFO[0m	cmd/main.go:108	Closing database connection...
2026-02-23T21:03:37.365+0800	[34mINFO[0m	runtime/proc.go:283	Starting application...
2026-02-23T21:03:37.366+0800	[34mINFO[0m	runtime/proc.go:283	Connecting to PostgreSQL database...
2026-02-23T21:03:37.379+0800	[34mINFO[0m	runtime/proc.go:283	Database connected successfully	{"database": "School-manajement"}
2026-02-23T21:03:37.379+0800	[34mINFO[0m	runtime/asm_amd64.s:1700	Starting server	{"port": ":8080"}
2026-02-23T21:03:52.907+0800	[34mINFO[0m	http/server.go:2294	HTTP Request completed	{"method": "POST", "path": "/api/v1/students/register", "ip": "[::1]:47162", "status": 200, "duration": 0.000738757}
2026-02-23T21:06:54.308+0800	[34mINFO[0m	runtime/proc.go:283	Shutting down server...
2026-02-23T21:06:54.309+0800	[31mERROR[0m	runtime/asm_amd64.s:1700	Server error	{"error": "http: Server closed"}
2026-02-23T21:06:54.309+0800	[34mINFO[0m	runtime/proc.go:283	Server exited properly
2026-02-23T21:06:54.309+0800	[34mINFO[0m	cmd/main.go:108	Closing database connection...
2026-02-23T21:07:09.475+0800	[34mINFO[0m	runtime/proc.go:283	Starting application...
2026-02-23T21:07:09.475+0800	[34mINFO[0m	runtime/proc.go:283	Connecting to PostgreSQL database...
2026-02-23T21:07:09.527+0800	[34mINFO[0m	runtime/proc.go:283	Database connected successfully	{"database": "School-manajement"}
2026-02-23T21:07:09.531+0800	[34mINFO[0m	runtime/asm_amd64.s:1700	Starting server	{"port": ":8080"}
2026-02-23T21:07:15.138+0800	[34mINFO[0m	http/server.go:2294	HTTP Request completed	{"method": "POST", "path": "/api/v1/students/register", "ip": "[::1]:39656", "status": 200, "duration": 0.000660847}
2026-02-23T21:10:22.757+0800	[34mINFO[0m	runtime/proc.go:283	Shutting down server...
2026-02-23T21:10:22.757+0800	[31mERROR[0m	runtime/asm_amd64.s:1700	Server error	{"error": "http: Server closed"}
2026-02-23T21:10:22.757+0800	[34mINFO[0m	runtime/proc.go:283	Server exited properly
2026-02-23T21:10:22.758+0800	[34mINFO[0m	cmd/main.go:108	Closing database connection...
2026-02-23T21:10:39.796+0800	[34mINFO[0m	runtime/proc.go:283	Starting application...
2026-02-23T21:10:39.797+0800	[34mINFO[0m	runtime/proc.go:283	Connecting to PostgreSQL database...
2026-02-23T21:10:39.811+0800	[34mINFO[0m	runtime/proc.go:283	Database connected successfully	{"database": "School-manajement"}
2026-02-23T21:10:39.811+0800	[34mINFO[0m	runtime/asm_amd64.s:1700	Starting server	{"port": ":8080"}
2026-02-23T21:10:44.996+0800	[34mINFO[0m	http/server.go:2294	HTTP Request completed	{"method": "POST", "path": "/api/v1/students/register", "ip": "[::1]:42422", "status": 200, "duration": 0.001420397}
2026-02-23T21:11:42.577+0800	[34mINFO[0m	runtime/proc.go:283	Shutting down server...
2026-02-23T21:11:42.577+0800	[31mERROR[0m	runtime/asm_amd64.s:1700	Server error	{"error": "http: Server closed"}
2026-02-23T21:11:42.577+0800	[34mINFO[0m	runtime/proc.go:283	Server exited properly
2026-02-23T21:11:42.577+0800	[34mINFO[0m	cmd/main.go:108	Closing database connection...
2026-02-23T21:11:54.293+0800	[34mINFO[0m	runtime/proc.go:283	Starting application...
2026-02-23T21:11:54.293+0800	[34mINFO[0m	runtime/proc.go:283	Connecting to PostgreSQL database...
2026-02-23T21:11:54.306+0800	[34mINFO[0m	runtime/proc.go:283	Database connected successfully	{"database": "School-manajement"}
2026-02-23T21:11:54.306+0800	[34mINFO[0m	runtime/asm_amd64.s:1700	Starting server	{"port": ":8080"}
2026-02-23T21:11:57.854+0800	[31mERROR[0m	http/server.go:2294	Failed to doing some validate	{"request_id": "c5c109b2-16fc-438f-b50d-036095de9379", "client_ip": "[::1]:35854"}
2026-02-23T21:11:57.854+0800	[34mINFO[0m	http/server.go:2294	HTTP Request completed	{"method": "POST", "path": "/api/v1/students/register", "ip": "[::1]:35854", "status": 400, "duration": 0.000818713}
2026-02-23T21:12:39.690+0800	[34mINFO[0m	runtime/proc.go:283	Shutting down server...
2026-02-23T21:12:39.690+0800	[31mERROR[0m	runtime/asm_amd64.s:1700	Server error	{"error": "http: Server closed"}
2026-02-23T21:12:39.690+0800	[34mINFO[0m	runtime/proc.go:283	Server exited properly
2026-02-23T21:12:39.690+0800	[34mINFO[0m	cmd/main.go:108	Closing database connection...
2026-02-23T21:12:53.070+0800	[34mINFO[0m	runtime/proc.go:283	Starting application...
2026-02-23T21:12:53.070+0800	[34mINFO[0m	runtime/proc.go:283	Connecting to PostgreSQL database...
2026-02-23T21:12:53.086+0800	[34mINFO[0m	runtime/proc.go:283	Database connected successfully	{"database": "School-manajement"}
2026-02-23T21:12:53.086+0800	[34mINFO[0m	runtime/asm_amd64.s:1700	Starting server	{"port": ":8080"}
2026-02-23T21:12:58.102+0800	[31mERROR[0m	http/server.go:2294	Failed to decode data payload	{"request_id": "bd189359-7ec5-41c3-9b7d-9c4a78a373fb", "client_ip": "[::1]:43664"}
2026-02-23T21:12:58.102+0800	[34mINFO[0m	http/server.go:2294	HTTP Request completed	{"method": "POST", "path": "/api/v1/students/register", "ip": "[::1]:43664", "status": 400, "duration": 0.000990074}
2026-02-23T21:13:09.014+0800	[31mERROR[0m	http/server.go:2294	Failed to get the student	{"request_id": "e72fed09-6637-4432-8431-d861744ea798", "client_ip": "[::1]:43664"}
2026-02-23T21:13:09.014+0800	[34mINFO[0m	http/server.go:2294	HTTP Request completed	{"method": "POST", "path": "/api/v1/students/register", "ip": "[::1]:43664", "status": 400, "duration": 0.003529582}
2026-02-23T21:13:31.407+0800	[34mINFO[0m	runtime/proc.go:283	Shutting down server...
2026-02-23T21:13:31.407+0800	[31mERROR[0m	runtime/asm_amd64.s:1700	Server error	{"error": "http: Server closed"}
2026-02-23T21:13:31.407+0800	[34mINFO[0m	runtime/proc.go:283	Server exited properly
2026-02-23T21:13:31.407+0800	[34mINFO[0m	cmd/main.go:108	Closing database connection...
2026-02-23T21:13:42.974+0800	[34mINFO[0m	runtime/proc.go:283	Starting application...
2026-02-23T21:13:42.975+0800	[34mINFO[0m	runtime/proc.go:283	Connecting to PostgreSQL database...
2026-02-23T21:13:42.992+0800	[34mINFO[0m	runtime/proc.go:283	Database connected successfully	{"database": "School-manajement"}
2026-02-23T21:13:42.992+0800	[34mINFO[0m	runtime/asm_amd64.s:1700	Starting server	{"port": ":8080"}
2026-02-23T21:13:50.734+0800	[31mERROR[0m	http/server.go:2294	Failed to get the student	{"request_id": "547b848d-fff1-4f15-bc3a-adb0d6d0151c", "client_ip": "[::1]:36766"}
2026-02-23T21:13:50.735+0800	[34mINFO[0m	http/server.go:2294	HTTP Request completed	{"method": "POST", "path": "/api/v1/students/register", "ip": "[::1]:36766", "status": 400, "duration": 0.003837944}
2026-02-23T21:14:44.512+0800	[34mINFO[0m	runtime/proc.go:283	Shutting down server...
2026-02-23T21:14:44.512+0800	[31mERROR[0m	runtime/asm_amd64.s:1700	Server error	{"error": "http: Server closed"}
2026-02-23T21:14:44.514+0800	[34mINFO[0m	runtime/proc.go:283	Server exited properly
2026-02-23T21:14:44.515+0800	[34mINFO[0m	cmd/main.go:108	Closing database connection...
2026-02-23T21:15:01.387+0800	[34mINFO[0m	runtime/proc.go:283	Starting application...
2026-02-23T21:15:01.401+0800	[34mINFO[0m	runtime/proc.go:283	Connecting to PostgreSQL database...
2026-02-23T21:15:01.419+0800	[34mINFO[0m	runtime/proc.go:283	Database connected successfully	{"database": "School-manajement"}
2026-02-23T21:15:01.421+0800	[34mINFO[0m	runtime/asm_amd64.s:1700	Starting server	{"port": ":8080"}
2026-02-23T21:15:08.612+0800	[31mERROR[0m	http/server.go:2294	Failed to get the student	{"request_id": "e9599135-95be-4f7f-b836-a29fe325b9ea", "client_ip": "[::1]:52472"}
2026-02-23T21:15:08.617+0800	[34mINFO[0m	http/server.go:2294	HTTP Request completed	{"method": "POST", "path": "/api/v1/students/register", "ip": "[::1]:52472", "status": 400, "duration": 0.010923787}
2026-02-23T21:15:19.450+0800	[34mINFO[0m	runtime/proc.go:283	Shutting down server...
2026-02-23T21:15:19.451+0800	[31mERROR[0m	runtime/asm_amd64.s:1700	Server error	{"error": "http: Server closed"}
2026-02-23T21:15:19.451+0800	[34mINFO[0m	runtime/proc.go:283	Server exited properly
2026-02-23T21:15:19.454+0800	[34mINFO[0m	cmd/main.go:108	Closing database connection...
2026-02-23T21:16:42.121+0800	[34mINFO[0m	runtime/proc.go:283	Starting application...
2026-02-23T21:16:42.123+0800	[34mINFO[0m	runtime/proc.go:283	Connecting to PostgreSQL database...
2026-02-23T21:16:42.210+0800	[34mINFO[0m	runtime/proc.go:283	Database connected successfully	{"database": "School-manajement"}
2026-02-23T21:16:42.210+0800	[34mINFO[0m	runtime/asm_amd64.s:1700	Starting server	{"port": ":8080"}
2026-02-23T21:16:47.003+0800	[31mERROR[0m	http/server.go:2294	Failed to get the student	{"request_id": "7f92596b-2446-4213-a349-57b4007dc0a5", "client_ip": "[::1]:52680"}
2026-02-23T21:16:47.003+0800	[34mINFO[0m	http/server.go:2294	HTTP Request completed	{"method": "POST", "path": "/api/v1/students/register", "ip": "[::1]:52680", "status": 400, "duration": 0.00801463}
2026-02-23T21:18:30.044+0800	[34mINFO[0m	runtime/proc.go:283	Shutting down server...
2026-02-23T21:18:30.045+0800	[31mERROR[0m	runtime/asm_amd64.s:1700	Server error	{"error": "http: Server closed"}
2026-02-23T21:18:30.045+0800	[34mINFO[0m	runtime/proc.go:283	Server exited properly
2026-02-23T21:18:30.045+0800	[34mINFO[0m	cmd/main.go:108	Closing database connection...
2026-02-23T21:22:46.081+0800	[34mINFO[0m	runtime/proc.go:283	Starting application...
2026-02-23T21:22:46.082+0800	[34mINFO[0m	runtime/proc.go:283	Connecting to PostgreSQL database...
2026-02-23T21:22:46.102+0800	[34mINFO[0m	runtime/proc.go:283	Database connected successfully	{"database": "School-manajement"}
2026-02-23T21:22:46.104+0800	[34mINFO[0m	runtime/asm_amd64.s:1700	Starting server	{"port": ":8080"}
2026-02-23T21:22:50.719+0800	[31mERROR[0m	http/server.go:2294	Failed to get the student	{"request_id": "47369ea7-13a8-4f17-8d5f-35a22b1022ea", "client_ip": "[::1]:39902"}
2026-02-23T21:22:50.719+0800	[34mINFO[0m	http/server.go:2294	HTTP Request completed	{"method": "POST", "path": "/api/v1/students/register", "ip": "[::1]:39902", "status": 400, "duration": 0.004168214}
2026-02-23T21:25:55.766+0800	[34mINFO[0m	runtime/proc.go:283	Shutting down server...
2026-02-23T21:25:55.766+0800	[31mERROR[0m	runtime/asm_amd64.s:1700	Server error	{"error": "http: Server closed"}
2026-02-23T21:25:55.766+0800	[34mINFO[0m	runtime/proc.go:283	Server exited properly
2026-02-23T21:25:55.766+0800	[34mINFO[0m	cmd/main.go:108	Closing database connection...
2026-02-23T21:26:08.022+0800	[34mINFO[0m	runtime/proc.go:283	Starting application...
2026-02-23T21:26:08.022+0800	[34mINFO[0m	runtime/proc.go:283	Connecting to PostgreSQL database...
2026-02-23T21:26:08.035+0800	[34mINFO[0m	runtime/proc.go:283	Database connected successfully	{"database": "School-manajement"}
2026-02-23T21:26:08.035+0800	[34mINFO[0m	runtime/asm_amd64.s:1700	Starting server	{"port": ":8080"}
2026-02-23T21:26:12.625+0800	[34mINFO[0m	http/server.go:2294	HTTP Request completed	{"method": "POST", "path": "/api/v1/students/register", "ip": "[::1]:41576", "status": 201, "duration": 0.006995721}
2026-02-23T21:27:05.259+0800	[34mINFO[0m	runtime/proc.go:283	Shutting down server...
2026-02-23T21:27:05.260+0800	[31mERROR[0m	runtime/asm_amd64.s:1700	Server error	{"error": "http: Server closed"}
2026-02-23T21:27:05.260+0800	[34mINFO[0m	runtime/proc.go:283	Server exited properly
2026-02-23T21:27:05.260+0800	[34mINFO[0m	cmd/main.go:108	Closing database connection...
2026-02-23T21:27:17.182+0800	[34mINFO[0m	runtime/proc.go:283	Starting application...
2026-02-23T21:27:17.184+0800	[34mINFO[0m	runtime/proc.go:283	Connecting to PostgreSQL database...
2026-02-23T21:27:17.237+0800	[34mINFO[0m	runtime/proc.go:283	Database connected successfully	{"database": "School-manajement"}
2026-02-23T21:27:17.240+0800	[34mINFO[0m	runtime/asm_amd64.s:1700	Starting server	{"port": ":8080"}
2026-02-23T21:28:06.891+0800	[34mINFO[0m	http/server.go:2294	HTTP Request completed	{"method": "POST", "path": "/api/v1/register", "ip": "[::1]:48560", "status": 201, "duration": 0.178012068}
2026-02-23T21:28:41.378+0800	[34mINFO[0m	http/server.go:2294	HTTP Request completed	{"method": "POST", "path": "/api/v1/login", "ip": "[::1]:48560", "status": 200, "duration": 0.133922104}
2026-02-23T21:29:16.974+0800	[31mERROR[0m	http/server.go:2294	Failed to get the student	{"request_id": "46c2d3b6-8c61-452b-95f9-a20830ed8d5a", "client_ip": "[::1]:48560"}
2026-02-23T21:29:16.975+0800	[34mINFO[0m	http/server.go:2294	HTTP Request completed	{"method": "POST", "path": "/api/v1/students/register", "ip": "[::1]:48560", "status": 400, "duration": 0.001896774}
2026-02-23T21:31:39.217+0800	[34mINFO[0m	runtime/proc.go:283	Shutting down server...
2026-02-23T21:31:39.218+0800	[31mERROR[0m	runtime/asm_amd64.s:1700	Server error	{"error": "http: Server closed"}
2026-02-23T21:31:39.218+0800	[34mINFO[0m	runtime/proc.go:283	Server exited properly
2026-02-23T21:31:39.218+0800	[34mINFO[0m	cmd/main.go:108	Closing database connection...
2026-02-23T21:32:01.451+0800	[34mINFO[0m	runtime/proc.go:283	Starting application...
2026-02-23T21:32:01.451+0800	[34mINFO[0m	runtime/proc.go:283	Connecting to PostgreSQL database...
2026-02-23T21:32:01.493+0800	[34mINFO[0m	runtime/proc.go:283	Database connected successfully	{"database": "School-manajement"}
2026-02-23T21:32:01.493+0800	[34mINFO[0m	runtime/asm_amd64.s:1700	Starting server	{"port": ":8080"}
2026-02-23T21:32:04.685+0800	[31mERROR[0m	http/server.go:2294	Failed to get the student	{"request_id": "e7472d2f-b7f7-4463-a9a3-c3970fd46a35", "client_ip": "[::1]:52200"}
2026-02-23T21:32:04.685+0800	[34mINFO[0m	http/server.go:2294	HTTP Request completed	{"method": "POST", "path": "/api/v1/students/register", "ip": "[::1]:52200", "status": 400, "duration": 0.003730415}
2026-02-23T21:32:53.792+0800	[34mINFO[0m	runtime/proc.go:283	Shutting down server...
2026-02-23T21:32:53.792+0800	[31mERROR[0m	runtime/asm_amd64.s:1700	Server error	{"error": "http: Server closed"}
2026-02-23T21:32:53.792+0800	[34mINFO[0m	runtime/proc.go:283	Server exited properly
2026-02-23T21:32:53.792+0800	[34mINFO[0m	cmd/main.go:108	Closing database connection...
2026-02-23T21:33:05.909+0800	[34mINFO[0m	runtime/proc.go:283	Starting application...
2026-02-23T21:33:05.909+0800	[34mINFO[0m	runtime/proc.go:283	Connecting to PostgreSQL database...
2026-02-23T21:33:05.922+0800	[34mINFO[0m	runtime/proc.go:283	Database connected successfully	{"database": "School-manajement"}
2026-02-23T21:33:05.922+0800	[34mINFO[0m	runtime/asm_amd64.s:1700	Starting server	{"port": ":8080"}
2026-02-23T21:33:09.062+0800	[31mERROR[0m	http/server.go:2294	Failed to get the student	{"request_id": "5928bb5a-2c27-4e5c-8dd1-75be76e6d0bd", "client_ip": "[::1]:53038"}
2026-02-23T21:33:09.064+0800	[34mINFO[0m	http/server.go:2294	HTTP Request completed	{"method": "POST", "path": "/api/v1/students/register", "ip": "[::1]:53038", "status": 400, "duration": 0.004482096}
2026-02-23T21:35:45.631+0800	[34mINFO[0m	runtime/proc.go:283	Shutting down server...
2026-02-23T21:35:45.631+0800	[31mERROR[0m	runtime/asm_amd64.s:1700	Server error	{"error": "http: Server closed"}
2026-02-23T21:35:45.631+0800	[34mINFO[0m	runtime/proc.go:283	Server exited properly
2026-02-23T21:35:45.632+0800	[34mINFO[0m	cmd/main.go:108	Closing database connection...
2026-02-23T21:35:57.901+0800	[34mINFO[0m	runtime/proc.go:283	Starting application...
2026-02-23T21:35:57.903+0800	[34mINFO[0m	runtime/proc.go:283	Connecting to PostgreSQL database...
2026-02-23T21:35:57.922+0800	[34mINFO[0m	runtime/proc.go:283	Database connected successfully	{"database": "School-manajement"}
2026-02-23T21:35:57.936+0800	[34mINFO[0m	runtime/asm_amd64.s:1700	Starting server	{"port": ":8080"}
2026-02-23T21:36:02.096+0800	[31mERROR[0m	http/server.go:2294	Failed to get the student	{"request_id": "2596b2af-1847-46ce-b243-5121a792fa53", "client_ip": "[::1]:52622"}
2026-02-23T21:36:02.096+0800	[34mINFO[0m	http/server.go:2294	HTTP Request completed	{"method": "POST", "path": "/api/v1/students/register", "ip": "[::1]:52622", "status": 400, "duration": 0.005049565}
2026-02-23T21:39:19.456+0800	[34mINFO[0m	runtime/proc.go:283	Shutting down server...
2026-02-23T21:39:19.457+0800	[31mERROR[0m	runtime/asm_amd64.s:1700	Server error	{"error": "http: Server closed"}
2026-02-23T21:39:19.457+0800	[34mINFO[0m	runtime/proc.go:283	Server exited properly
2026-02-23T21:39:19.458+0800	[34mINFO[0m	cmd/main.go:108	Closing database connection...
2026-02-23T21:39:38.023+0800	[34mINFO[0m	runtime/proc.go:283	Starting application...
2026-02-23T21:39:38.023+0800	[34mINFO[0m	runtime/proc.go:283	Connecting to PostgreSQL database...
2026-02-23T21:39:38.037+0800	[34mINFO[0m	runtime/proc.go:283	Database connected successfully	{"database": "School-manajement"}
2026-02-23T21:39:38.037+0800	[34mINFO[0m	runtime/asm_amd64.s:1700	Starting server	{"port": ":8080"}
2026-02-23T21:39:41.040+0800	[31mERROR[0m	http/server.go:2294	Failed to get the student	{"request_id": "23f7f0d4-2d93-413c-ab34-0896e5d64fab", "client_ip": "[::1]:54186"}
2026-02-23T21:39:41.041+0800	[34mINFO[0m	http/server.go:2294	HTTP Request completed	{"method": "POST", "path": "/api/v1/students/register", "ip": "[::1]:54186", "status": 400, "duration": 0.004517273}
2026-02-23T21:45:12.196+0800	[34mINFO[0m	runtime/proc.go:283	Shutting down server...
2026-02-23T21:45:12.197+0800	[31mERROR[0m	runtime/asm_amd64.s:1700	Server error	{"error": "http: Server closed"}
2026-02-23T21:45:12.197+0800	[34mINFO[0m	runtime/proc.go:283	Server exited properly
2026-02-23T21:45:12.197+0800	[34mINFO[0m	cmd/main.go:108	Closing database connection...
2026-02-23T21:45:30.949+0800	[34mINFO[0m	runtime/proc.go:283	Starting application...
2026-02-23T21:45:30.950+0800	[34mINFO[0m	runtime/proc.go:283	Connecting to PostgreSQL database...
2026-02-23T21:45:30.963+0800	[34mINFO[0m	runtime/proc.go:283	Database connected successfully	{"database": "School-manajement"}
2026-02-23T21:45:30.963+0800	[34mINFO[0m	runtime/asm_amd64.s:1700	Starting server	{"port": ":8080"}
2026-02-23T21:45:34.566+0800	[31mERROR[0m	http/server.go:2294	Failed to get the student	{"request_id": "3262b226-1f8b-410a-a4cd-0cb8087707e4", "client_ip": "[::1]:37664"}
2026-02-23T21:45:34.566+0800	[34mINFO[0m	http/server.go:2294	HTTP Request completed	{"method": "POST", "path": "/api/v1/students/register", "ip": "[::1]:37664", "status": 400, "duration": 0.003560438}
2026-02-23T21:46:36.188+0800	[34mINFO[0m	runtime/proc.go:283	Shutting down server...
2026-02-23T21:46:36.188+0800	[31mERROR[0m	runtime/asm_amd64.s:1700	Server error	{"error": "http: Server closed"}
2026-02-23T21:46:36.188+0800	[34mINFO[0m	runtime/proc.go:283	Server exited properly
2026-02-23T21:46:36.188+0800	[34mINFO[0m	cmd/main.go:108	Closing database connection...
2026-02-23T21:47:15.838+0800	[34mINFO[0m	runtime/proc.go:283	Starting application...
2026-02-23T21:47:15.840+0800	[34mINFO[0m	runtime/proc.go:283	Connecting to PostgreSQL database...
2026-02-23T21:47:15.886+0800	[34mINFO[0m	runtime/proc.go:283	Database connected successfully	{"database": "School-manajement"}
2026-02-23T21:47:15.887+0800	[34mINFO[0m	runtime/asm_amd64.s:1700	Starting server	{"port": ":8080"}
2026-02-23T21:49:21.798+0800	[34mINFO[0m	runtime/proc.go:283	Shutting down server...
2026-02-23T21:49:21.798+0800	[31mERROR[0m	runtime/asm_amd64.s:1700	Server error	{"error": "http: Server closed"}
2026-02-23T21:49:21.798+0800	[34mINFO[0m	runtime/proc.go:283	Server exited properly
2026-02-23T21:49:21.798+0800	[34mINFO[0m	cmd/main.go:108	Closing database connection...
2026-02-23T21:52:17.579+0800	[34mINFO[0m	runtime/proc.go:283	Starting application...
2026-02-23T21:52:17.587+0800	[34mINFO[0m	runtime/proc.go:283	Connecting to PostgreSQL database...
2026-02-23T21:52:17.609+0800	[34mINFO[0m	runtime/proc.go:283	Database connected successfully	{"database": "School-manajement"}
2026-02-23T21:52:17.609+0800	[34mINFO[0m	runtime/asm_amd64.s:1700	Starting server	{"port": ":8080"}
2026-02-23T21:54:25.202+0800	[34mINFO[0m	runtime/proc.go:283	Shutting down server...
2026-02-23T21:54:25.202+0800	[31mERROR[0m	runtime/asm_amd64.s:1700	Server error	{"error": "http: Server closed"}
2026-02-23T21:54:25.203+0800	[34mINFO[0m	runtime/proc.go:283	Server exited properly
2026-02-23T21:54:25.203+0800	[34mINFO[0m	cmd/main.go:108	Closing database connection...
2026-02-23T21:54:39.801+0800	[34mINFO[0m	runtime/proc.go:283	Starting application...
2026-02-23T21:54:39.801+0800	[34mINFO[0m	runtime/proc.go:283	Connecting to PostgreSQL database...
2026-02-23T21:54:39.816+0800	[34mINFO[0m	runtime/proc.go:283	Database connected successfully	{"database": "School-manajement"}
2026-02-23T21:54:39.816+0800	[34mINFO[0m	runtime/asm_amd64.s:1700	Starting server	{"port": ":8080"}
2026-02-23T21:55:28.472+0800	[34mINFO[0m	runtime/proc.go:283	Shutting down server...
2026-02-23T21:55:28.472+0800	[31mERROR[0m	runtime/asm_amd64.s:1700	Server error	{"error": "http: Server closed"}
2026-02-23T21:55:28.473+0800	[34mINFO[0m	runtime/proc.go:283	Server exited properly
2026-02-23T21:55:28.473+0800	[34mINFO[0m	cmd/main.go:108	Closing database connection...
2026-02-23T21:55:39.007+0800	[34mINFO[0m	runtime/proc.go:283	Starting application...
2026-02-23T21:55:39.007+0800	[34mINFO[0m	runtime/proc.go:283	Connecting to PostgreSQL database...
2026-02-23T21:55:39.019+0800	[34mINFO[0m	runtime/proc.go:283	Database connected successfully	{"database": "School-manajement"}
2026-02-23T21:55:39.020+0800	[34mINFO[0m	runtime/asm_amd64.s:1700	Starting server	{"port": ":8080"}
2026-02-23T21:57:10.930+0800	[34mINFO[0m	runtime/proc.go:283	Shutting down server...
2026-02-23T21:57:10.930+0800	[31mERROR[0m	runtime/asm_amd64.s:1700	Server error	{"error": "http: Server closed"}
2026-02-23T21:57:10.930+0800	[34mINFO[0m	runtime/proc.go:283	Server exited properly
2026-02-23T21:57:10.931+0800	[34mINFO[0m	cmd/main.go:108	Closing database connection...
2026-02-23T21:58:01.175+0800	[34mINFO[0m	runtime/proc.go:283	Starting application...
2026-02-23T21:58:01.175+0800	[34mINFO[0m	runtime/proc.go:283	Connecting to PostgreSQL database...
2026-02-23T21:58:01.190+0800	[34mINFO[0m	runtime/proc.go:283	Database connected successfully	{"database": "School-manajement"}
2026-02-23T21:58:01.191+0800	[34mINFO[0m	runtime/asm_amd64.s:1700	Starting server	{"port": ":8080"}
2026-02-23T21:58:03.968+0800	[34mINFO[0m	http/server.go:2294	HTTP Request completed	{"method": "POST", "path": "/api/v1/students/register", "ip": "[::1]:34434", "status": 201, "duration": 0.007246391}
2026-02-23T21:59:17.050+0800	[34mINFO[0m	runtime/proc.go:283	Shutting down server...
2026-02-23T21:59:17.051+0800	[31mERROR[0m	runtime/asm_amd64.s:1700	Server error	{"error": "http: Server closed"}
2026-02-23T21:59:17.051+0800	[34mINFO[0m	runtime/proc.go:283	Server exited properly
2026-02-23T21:59:17.051+0800	[34mINFO[0m	cmd/main.go:108	Closing database connection...
2026-02-26T21:12:37.252+0800	[34mINFO[0m	runtime/proc.go:283	Starting application...
2026-02-26T21:12:37.256+0800	[34mINFO[0m	runtime/proc.go:283	Connecting to PostgreSQL database...
2026-02-26T21:12:37.302+0800	[34mINFO[0m	runtime/proc.go:283	Database connected successfully	{"database": "School-manajement"}
2026-02-26T21:12:37.302+0800	[34mINFO[0m	runtime/asm_amd64.s:1700	Starting server	{"port": ":8080"}
2026-02-26T21:12:43.392+0800	[34mINFO[0m	runtime/proc.go:283	Shutting down server...
2026-02-26T21:12:43.394+0800	[34mINFO[0m	runtime/proc.go:283	Server exited properly
2026-02-26T21:12:43.394+0800	[34mINFO[0m	cmd/main.go:108	Closing database connection...
2026-02-26T21:12:43.394+0800	[31mERROR[0m	runtime/asm_amd64.s:1700	Server error	{"error": "http: Server closed"}
2026-03-07T14:44:29.192+0800	[34mINFO[0m	runtime/proc.go:290	Starting application...
2026-03-07T14:44:29.225+0800	[34mINFO[0m	runtime/proc.go:290	Connecting to PostgreSQL database...
2026-03-07T14:44:29.436+0800	[34mINFO[0m	runtime/proc.go:290	Database connected successfully	{"database": "School-manajement"}
2026-03-07T14:44:29.436+0800	[34mINFO[0m	runtime/asm_amd64.s:1771	Starting server	{"port": ":8080"}
2026-03-07T14:44:35.567+0800	[34mINFO[0m	runtime/proc.go:290	Shutting down server...
2026-03-07T14:44:35.567+0800	[31mERROR[0m	runtime/asm_amd64.s:1771	Server error	{"error": "http: Server closed"}
2026-03-07T14:44:35.568+0800	[34mINFO[0m	runtime/proc.go:290	Server exited properly
2026-03-07T14:44:35.569+0800	[34mINFO[0m	cmd/main.go:108	Closing database connection...
2026-03-09T19:37:35.636+0800	[34mINFO[0m	runtime/proc.go:290	Starting application...
2026-03-09T19:37:35.669+0800	[34mINFO[0m	runtime/proc.go:290	Connecting to PostgreSQL database...
2026-03-09T19:37:36.060+0800	[34mINFO[0m	runtime/proc.go:290	Database connected successfully	{"database": "School-manajement"}
2026-03-09T19:37:36.061+0800	[34mINFO[0m	runtime/asm_amd64.s:1771	Starting server	{"port": ":8080"}
2026-03-09T19:37:43.083+0800	[34mINFO[0m	runtime/proc.go:290	Shutting down server...
2026-03-09T19:37:43.083+0800	[31mERROR[0m	runtime/asm_amd64.s:1771	Server error	{"error": "http: Server closed"}
2026-03-09T19:37:43.083+0800	[34mINFO[0m	runtime/proc.go:290	Server exited properly
2026-03-09T19:37:43.092+0800	[34mINFO[0m	cmd/main.go:108	Closing database connection...
2026-03-09T19:37:48.110+0800	[34mINFO[0m	runtime/proc.go:290	Starting application...
2026-03-09T19:37:48.143+0800	[34mINFO[0m	runtime/proc.go:290	Connecting to PostgreSQL database...
2026-03-09T19:37:48.390+0800	[34mINFO[0m	runtime/proc.go:290	Database connected successfully	{"database": "School-manajement"}
2026-03-09T19:37:48.391+0800	[34mINFO[0m	runtime/asm_amd64.s:1771	Starting server	{"port": ":8080"}
2026-03-09T19:38:21.746+0800	[34mINFO[0m	http/server.go:2286	HTTP Request completed	{"method": "POST", "path": "/api/v1/register", "ip": "[::1]:50897", "status": 201, "duration": 0.2618771}
2026-03-09T19:39:17.499+0800	[34mINFO[0m	http/server.go:2286	HTTP Request completed	{"method": "POST", "path": "/api/v1/register", "ip": "[::1]:50897", "status": 201, "duration": 0.1799832}
2026-03-09T19:39:59.285+0800	[34mINFO[0m	http/server.go:2286	HTTP Request completed	{"method": "POST", "path": "/api/v1/register", "ip": "[::1]:50897", "status": 201, "duration": 0.1523577}
2026-03-09T19:45:50.223+0800	[34mINFO[0m	http/server.go:2286	HTTP Request completed	{"method": "POST", "path": "/api/v1/register", "ip": "[::1]:64599", "status": 201, "duration": 0.2732526}
2026-03-09T19:46:28.058+0800	[34mINFO[0m	http/server.go:2286	HTTP Request completed	{"method": "POST", "path": "/api/v1/register", "ip": "[::1]:64599", "status": 201, "duration": 0.1382976}
2026-03-09T19:47:20.927+0800	[34mINFO[0m	http/server.go:2286	HTTP Request completed	{"method": "POST", "path": "/api/v1/register", "ip": "[::1]:64599", "status": 201, "duration": 0.1273436}
2026-03-09T19:47:52.433+0800	[31mERROR[0m	http/server.go:2286	Failed , invalid email type!	{"request_id": "5b52e3cb-ad87-41bb-9a13-e9528ce4f25b", "client_ip": "[::1]:64599"}
2026-03-09T19:47:52.436+0800	[34mINFO[0m	http/server.go:2286	HTTP Request completed	{"method": "POST", "path": "/api/v1/register", "ip": "[::1]:64599", "status": 400, "duration": 0.0032954}
2026-03-09T19:48:01.765+0800	[34mINFO[0m	http/server.go:2286	HTTP Request completed	{"method": "POST", "path": "/api/v1/register", "ip": "[::1]:64599", "status": 201, "duration": 0.1252167}
2026-03-09T19:48:55.605+0800	[31mERROR[0m	http/server.go:2286	Failed to decode the payload data	{"request_id": "3ba3ad73-e364-4455-8976-b996b64e2d4c", "client_ip": "[::1]:64599"}
2026-03-09T19:48:55.611+0800	[34mINFO[0m	http/server.go:2286	HTTP Request completed	{"method": "POST", "path": "/api/v1/login", "ip": "[::1]:64599", "status": 400, "duration": 0.0063835}
2026-03-09T19:49:03.832+0800	[34mINFO[0m	http/server.go:2286	HTTP Request completed	{"method": "POST", "path": "/api/v1/login", "ip": "[::1]:64599", "status": 200, "duration": 0.1347939}
2026-03-09T19:50:08.733+0800	[34mINFO[0m	http/server.go:2286	HTTP Request completed	{"method": "POST", "path": "/api/v1/login", "ip": "[::1]:52662", "status": 200, "duration": 0.1365057}
2026-03-09T19:51:33.963+0800	[34mINFO[0m	http/server.go:2286	HTTP Request completed	{"method": "POST", "path": "/api/v1/login", "ip": "[::1]:52149", "status": 200, "duration": 0.2824425}
2026-03-09T19:52:47.646+0800	[34mINFO[0m	http/server.go:2286	HTTP Request completed	{"method": "POST", "path": "/api/v1/login", "ip": "[::1]:63808", "status": 200, "duration": 0.1408358}
2026-03-09T19:53:40.106+0800	[34mINFO[0m	runtime/proc.go:290	Shutting down server...
2026-03-09T19:53:40.106+0800	[31mERROR[0m	runtime/asm_amd64.s:1771	Server error	{"error": "http: Server closed"}
2026-03-09T19:53:40.107+0800	[34mINFO[0m	runtime/proc.go:290	Server exited properly
2026-03-09T19:53:40.107+0800	[34mINFO[0m	cmd/main.go:108	Closing database connection...
2026-03-09T20:54:17.327+0800	[34mINFO[0m	runtime/proc.go:290	Starting application...
2026-03-09T20:54:17.355+0800	[34mINFO[0m	runtime/proc.go:290	Connecting to PostgreSQL database...
2026-03-09T20:54:17.523+0800	[34mINFO[0m	runtime/proc.go:290	Database connected successfully	{"database": "School-manajement"}
2026-03-09T20:54:17.523+0800	[34mINFO[0m	runtime/asm_amd64.s:1771	Starting server	{"port": ":8080"}
2026-03-09T20:55:18.656+0800	[34mINFO[0m	runtime/proc.go:290	Shutting down server...
2026-03-09T20:55:18.659+0800	[31mERROR[0m	runtime/asm_amd64.s:1771	Server error	{"error": "http: Server closed"}
2026-03-09T20:55:18.659+0800	[34mINFO[0m	runtime/proc.go:290	Server exited properly
2026-03-09T20:55:18.659+0800	[34mINFO[0m	cmd/main.go:108	Closing database connection...
2026-03-09T20:55:23.445+0800	[34mINFO[0m	runtime/proc.go:290	Starting application...
2026-03-09T20:55:23.481+0800	[34mINFO[0m	runtime/proc.go:290	Connecting to PostgreSQL database...
2026-03-09T20:55:23.642+0800	[34mINFO[0m	runtime/proc.go:290	Database connected successfully	{"database": "School-manajement"}
2026-03-09T20:55:23.642+0800	[34mINFO[0m	runtime/asm_amd64.s:1771	Starting server	{"port": ":8080"}
2026-03-09T20:56:14.013+0800	[34mINFO[0m	http/server.go:2286	HTTP Request completed	{"method": "POST", "path": "/api/v1/register", "ip": "[::1]:61918", "status": 201, "duration": 0.1315034}
2026-03-09T20:56:47.695+0800	[34mINFO[0m	http/server.go:2286	HTTP Request completed	{"method": "POST", "path": "/api/v1/register", "ip": "[::1]:61918", "status": 201, "duration": 0.1231498}
2026-03-09T20:57:19.664+0800	[34mINFO[0m	http/server.go:2286	HTTP Request completed	{"method": "POST", "path": "/api/v1/register", "ip": "[::1]:61918", "status": 201, "duration": 0.1280852}
2026-03-09T20:57:46.793+0800	[34mINFO[0m	http/server.go:2286	HTTP Request completed	{"method": "POST", "path": "/api/v1/register", "ip": "[::1]:61918", "status": 201, "duration": 0.1382713}
2026-03-09T21:02:41.545+0800	[34mINFO[0m	http/server.go:2286	HTTP Request completed	{"method": "POST", "path": "/api/v1/register", "ip": "[::1]:50816", "status": 201, "duration": 0.6799934}
2026-03-09T21:03:38.011+0800	[34mINFO[0m	http/server.go:2286	HTTP Request completed	{"method": "POST", "path": "/api/v1/login", "ip": "[::1]:50816", "status": 200, "duration": 0.1938057}
2026-03-09T21:04:36.389+0800	[34mINFO[0m	http/server.go:2286	HTTP Request completed	{"method": "POST", "path": "/api/v1/login", "ip": "[::1]:50816", "status": 200, "duration": 0.1386178}
2026-03-09T21:05:17.141+0800	[34mINFO[0m	http/server.go:2286	HTTP Request completed	{"method": "POST", "path": "/api/v1/login", "ip": "[::1]:50816", "status": 400, "duration": 0.004687}
2026-03-09T21:05:44.265+0800	[34mINFO[0m	http/server.go:2286	HTTP Request completed	{"method": "POST", "path": "/api/v1/login", "ip": "[::1]:50816", "status": 200, "duration": 0.200668}
2026-03-09T21:06:24.340+0800	[34mINFO[0m	http/server.go:2286	HTTP Request completed	{"method": "POST", "path": "/api/v1/login", "ip": "[::1]:50816", "status": 200, "duration": 0.0631381}
2026-03-09T21:07:18.100+0800	[34mINFO[0m	http/server.go:2286	HTTP Request completed	{"method": "POST", "path": "/api/v1/login", "ip": "[::1]:50816", "status": 200, "duration": 0.1697814}
2026-03-09T21:08:54.848+0800	[34mINFO[0m	runtime/proc.go:290	Shutting down server...
2026-03-09T21:08:54.848+0800	[31mERROR[0m	runtime/asm_amd64.s:1771	Server error	{"error": "http: Server closed"}
2026-03-09T21:08:54.848+0800	[34mINFO[0m	runtime/proc.go:290	Server exited properly
2026-03-09T21:08:54.849+0800	[34mINFO[0m	cmd/main.go:108	Closing database connection...
2026-03-09T21:10:33.892+0800	[34mINFO[0m	runtime/proc.go:290	Starting application...
2026-03-09T21:10:33.912+0800	[34mINFO[0m	runtime/proc.go:290	Connecting to PostgreSQL database...
2026-03-09T21:10:34.051+0800	[34mINFO[0m	runtime/proc.go:290	Database connected successfully	{"database": "School-manajement"}
2026-03-09T21:10:34.052+0800	[34mINFO[0m	runtime/asm_amd64.s:1771	Starting server	{"port": ":8080"}
2026-03-09T21:11:21.625+0800	[34mINFO[0m	runtime/proc.go:290	Shutting down server...
2026-03-09T21:11:21.625+0800	[31mERROR[0m	runtime/asm_amd64.s:1771	Server error	{"error": "http: Server closed"}
2026-03-09T21:11:21.625+0800	[34mINFO[0m	runtime/proc.go:290	Server exited properly
2026-03-09T21:11:21.626+0800	[34mINFO[0m	cmd/main.go:108	Closing database connection...
2026-03-09T21:11:31.381+0800	[34mINFO[0m	runtime/proc.go:290	Starting application...
2026-03-09T21:11:31.400+0800	[34mINFO[0m	runtime/proc.go:290	Connecting to PostgreSQL database...
2026-03-09T21:11:31.526+0800	[34mINFO[0m	runtime/proc.go:290	Database connected successfully	{"database": "School-manajement"}
2026-03-09T21:11:31.526+0800	[34mINFO[0m	runtime/asm_amd64.s:1771	Starting server	{"port": ":8080"}
2026-03-09T21:11:42.184+0800	[33mWARN[0m	http/server.go:2286	Token validation failed	{"request_id": "1d3c8ab0-0304-4d1a-956c-2ade7fb01dff", "client_ip": "[::1]:62631", "error": "token is malformed: token contains an invalid number of segments"}
2026-03-09T21:11:42.184+0800	[34mINFO[0m	http/server.go:2286	HTTP Request completed	{"method": "POST", "path": "/api/v1/student", "ip": "[::1]:62631", "status": 400, "duration": 0.0005488}
2026-03-09T21:12:11.215+0800	[34mINFO[0m	runtime/proc.go:290	Shutting down server...
2026-03-09T21:12:11.216+0800	[31mERROR[0m	runtime/asm_amd64.s:1771	Server error	{"error": "http: Server closed"}
2026-03-09T21:12:11.216+0800	[34mINFO[0m	runtime/proc.go:290	Server exited properly
2026-03-09T21:12:11.216+0800	[34mINFO[0m	cmd/main.go:108	Closing database connection...
2026-03-09T21:13:13.832+0800	[34mINFO[0m	runtime/proc.go:290	Starting application...
2026-03-09T21:13:13.851+0800	[34mINFO[0m	runtime/proc.go:290	Connecting to PostgreSQL database...
2026-03-09T21:13:14.088+0800	[34mINFO[0m	runtime/proc.go:290	Database connected successfully	{"database": "School-manajement"}
2026-03-09T21:13:14.088+0800	[34mINFO[0m	runtime/asm_amd64.s:1771	Starting server	{"port": ":8080"}
2026-03-09T21:13:18.438+0800	[34mINFO[0m	http/server.go:2286	HTTP Request completed	{"method": "POST", "path": "/api/v1/login", "ip": "[::1]:64265", "status": 200, "duration": 0.0672618}
2026-03-09T21:13:31.106+0800	[31mERROR[0m	http/server.go:2286	Failed to decode the data payloads of student register struct!	{"request_id": "8719fbf0-dfad-4a1a-83cc-037141f18ac0", "client_ip": "[::1]:64265"}
2026-03-09T21:13:31.106+0800	[34mINFO[0m	http/server.go:2286	HTTP Request completed	{"method": "POST", "path": "/api/v1/student", "ip": "[::1]:64265", "status": 400, "duration": 0.0003161}
2026-03-09T21:14:22.666+0800	[34mINFO[0m	runtime/proc.go:290	Shutting down server...
2026-03-09T21:14:22.666+0800	[31mERROR[0m	runtime/asm_amd64.s:1771	Server error	{"error": "http: Server closed"}
2026-03-09T21:14:22.667+0800	[34mINFO[0m	runtime/proc.go:290	Server exited properly
2026-03-09T21:14:22.667+0800	[34mINFO[0m	cmd/main.go:108	Closing database connection...
2026-03-09T21:14:32.493+0800	[34mINFO[0m	runtime/proc.go:290	Starting application...
2026-03-09T21:14:32.511+0800	[34mINFO[0m	runtime/proc.go:290	Connecting to PostgreSQL database...
2026-03-09T21:14:32.679+0800	[34mINFO[0m	runtime/proc.go:290	Database connected successfully	{"database": "School-manajement"}
2026-03-09T21:14:32.679+0800	[34mINFO[0m	runtime/asm_amd64.s:1771	Starting server	{"port": ":8080"}
2026-03-09T21:14:39.258+0800	[31mERROR[0m	http/server.go:2286	Failed to create a new students for a user!	{"request_id": "7ebad21c-0861-48de-8b63-71a140f9d6fa", "client_ip": "[::1]:52843"}
2026-03-09T21:14:39.258+0800	[34mINFO[0m	http/server.go:2286	HTTP Request completed	{"method": "POST", "path": "/api/v1/student", "ip": "[::1]:52843", "status": 400, "duration": 0.0007549}
2026-03-09T21:15:21.654+0800	[34mINFO[0m	runtime/proc.go:290	Shutting down server...
2026-03-09T21:15:21.660+0800	[31mERROR[0m	runtime/asm_amd64.s:1771	Server error	{"error": "http: Server closed"}
2026-03-09T21:15:21.661+0800	[34mINFO[0m	runtime/proc.go:290	Server exited properly
2026-03-09T21:15:21.661+0800	[34mINFO[0m	cmd/main.go:108	Closing database connection...
2026-03-09T21:15:32.970+0800	[34mINFO[0m	runtime/proc.go:290	Starting application...
2026-03-09T21:15:32.989+0800	[34mINFO[0m	runtime/proc.go:290	Connecting to PostgreSQL database...
2026-03-09T21:15:33.120+0800	[34mINFO[0m	runtime/proc.go:290	Database connected successfully	{"database": "School-manajement"}
2026-03-09T21:15:33.125+0800	[34mINFO[0m	runtime/asm_amd64.s:1771	Starting server	{"port": ":8080"}
2026-03-09T21:15:37.355+0800	[31mERROR[0m	http/server.go:2286	Failed to create a new students for a user!	{"request_id": "7c4b32f7-d56f-44f9-a77c-d27bf02ad814", "client_ip": "[::1]:52852"}
2026-03-09T21:15:37.355+0800	[34mINFO[0m	http/server.go:2286	HTTP Request completed	{"method": "POST", "path": "/api/v1/student", "ip": "[::1]:52852", "status": 400, "duration": 0}
2026-03-09T21:15:51.134+0800	[34mINFO[0m	runtime/proc.go:290	Shutting down server...
2026-03-09T21:15:51.134+0800	[31mERROR[0m	runtime/asm_amd64.s:1771	Server error	{"error": "http: Server closed"}
2026-03-09T21:15:51.134+0800	[34mINFO[0m	runtime/proc.go:290	Server exited properly
2026-03-09T21:15:51.134+0800	[34mINFO[0m	cmd/main.go:108	Closing database connection...
2026-03-09T21:16:00.072+0800	[34mINFO[0m	runtime/proc.go:290	Starting application...
2026-03-09T21:16:00.089+0800	[34mINFO[0m	runtime/proc.go:290	Connecting to PostgreSQL database...
2026-03-09T21:16:00.234+0800	[34mINFO[0m	runtime/proc.go:290	Database connected successfully	{"database": "School-manajement"}
2026-03-09T21:16:00.234+0800	[34mINFO[0m	runtime/asm_amd64.s:1771	Starting server	{"port": ":8080"}
2026-03-09T21:16:29.320+0800	[31mERROR[0m	http/server.go:2286	Failed to create a new students for a user!	{"request_id": "f0549bc4-7ba9-4b2b-86cf-a9dda68a5e5f", "client_ip": "[::1]:52858"}
2026-03-09T21:16:29.322+0800	[34mINFO[0m	http/server.go:2286	HTTP Request completed	{"method": "POST", "path": "/api/v1/student", "ip": "[::1]:52858", "status": 400, "duration": 0.0187891}
2026-03-09T21:17:35.773+0800	[34mINFO[0m	runtime/proc.go:290	Shutting down server...
2026-03-09T21:17:35.773+0800	[31mERROR[0m	runtime/asm_amd64.s:1771	Server error	{"error": "http: Server closed"}
2026-03-09T21:17:35.773+0800	[34mINFO[0m	runtime/proc.go:290	Server exited properly
2026-03-09T21:17:35.773+0800	[34mINFO[0m	cmd/main.go:108	Closing database connection...
2026-03-09T21:17:52.158+0800	[34mINFO[0m	runtime/proc.go:290	Starting application...
2026-03-09T21:17:52.177+0800	[34mINFO[0m	runtime/proc.go:290	Connecting to PostgreSQL database...
2026-03-09T21:17:52.306+0800	[34mINFO[0m	runtime/proc.go:290	Database connected successfully	{"database": "School-manajement"}
2026-03-09T21:17:52.306+0800	[34mINFO[0m	runtime/asm_amd64.s:1771	Starting server	{"port": ":8080"}
2026-03-09T21:17:56.575+0800	[31mERROR[0m	http/server.go:2286	Failed to create a new students for a user!	{"request_id": "429655f8-9299-4b97-97f0-66113066f7e8", "client_ip": "[::1]:52874"}
2026-03-09T21:17:56.575+0800	[34mINFO[0m	http/server.go:2286	HTTP Request completed	{"method": "POST", "path": "/api/v1/student", "ip": "[::1]:52874", "status": 400, "duration": 0.0016289}
2026-03-09T21:19:32.020+0800	[34mINFO[0m	runtime/proc.go:290	Shutting down server...
2026-03-09T21:19:32.022+0800	[31mERROR[0m	runtime/asm_amd64.s:1771	Server error	{"error": "http: Server closed"}
2026-03-09T21:19:32.022+0800	[34mINFO[0m	runtime/proc.go:290	Server exited properly
2026-03-09T21:19:32.026+0800	[34mINFO[0m	cmd/main.go:108	Closing database connection...
2026-03-09T21:19:51.373+0800	[34mINFO[0m	runtime/proc.go:290	Starting application...
2026-03-09T21:19:51.395+0800	[34mINFO[0m	runtime/proc.go:290	Connecting to PostgreSQL database...
2026-03-09T21:19:51.530+0800	[34mINFO[0m	runtime/proc.go:290	Database connected successfully	{"database": "School-manajement"}
2026-03-09T21:19:51.530+0800	[34mINFO[0m	runtime/asm_amd64.s:1771	Starting server	{"port": ":8080"}
2026-03-09T21:20:01.717+0800	[31mERROR[0m	http/server.go:2286	Failed to create a new students for a user!	{"request_id": "a2e8292b-d3e7-4bac-84c5-e1216cafffe1", "client_ip": "[::1]:53622"}
2026-03-09T21:20:01.718+0800	[34mINFO[0m	http/server.go:2286	HTTP Request completed	{"method": "POST", "path": "/api/v1/student", "ip": "[::1]:53622", "status": 400, "duration": 0.0048866}
2026-03-09T21:21:00.707+0800	[34mINFO[0m	runtime/proc.go:290	Shutting down server...
2026-03-09T21:21:00.707+0800	[31mERROR[0m	runtime/asm_amd64.s:1771	Server error	{"error": "http: Server closed"}
2026-03-09T21:21:00.707+0800	[34mINFO[0m	runtime/proc.go:290	Server exited properly
2026-03-09T21:21:00.707+0800	[34mINFO[0m	cmd/main.go:108	Closing database connection...
2026-03-09T21:21:09.790+0800	[34mINFO[0m	runtime/proc.go:290	Starting application...
2026-03-09T21:21:09.807+0800	[34mINFO[0m	runtime/proc.go:290	Connecting to PostgreSQL database...
2026-03-09T21:21:09.953+0800	[34mINFO[0m	runtime/proc.go:290	Database connected successfully	{"database": "School-manajement"}
2026-03-09T21:21:09.953+0800	[34mINFO[0m	runtime/asm_amd64.s:1771	Starting server	{"port": ":8080"}
2026-03-09T21:21:14.621+0800	[31mERROR[0m	http/server.go:2286	Failed to create a new students for a user!	{"request_id": "61b153ce-f55c-4426-817c-416b211717e0", "client_ip": "[::1]:56075"}
2026-03-09T21:21:14.621+0800	[34mINFO[0m	http/server.go:2286	HTTP Request completed	{"method": "POST", "path": "/api/v1/student", "ip": "[::1]:56075", "status": 400, "duration": 0.0016286}
2026-03-09T21:21:29.886+0800	[34mINFO[0m	runtime/proc.go:290	Shutting down server...
2026-03-09T21:21:29.886+0800	[31mERROR[0m	runtime/asm_amd64.s:1771	Server error	{"error": "http: Server closed"}
2026-03-09T21:21:29.886+0800	[34mINFO[0m	runtime/proc.go:290	Server exited properly
2026-03-09T21:21:29.886+0800	[34mINFO[0m	cmd/main.go:108	Closing database connection...
2026-03-09T21:21:39.200+0800	[34mINFO[0m	runtime/proc.go:290	Starting application...
2026-03-09T21:21:39.218+0800	[34mINFO[0m	runtime/proc.go:290	Connecting to PostgreSQL database...
2026-03-09T21:21:39.356+0800	[34mINFO[0m	runtime/proc.go:290	Database connected successfully	{"database": "School-manajement"}
2026-03-09T21:21:39.356+0800	[34mINFO[0m	runtime/asm_amd64.s:1771	Starting server	{"port": ":8080"}
2026-03-09T21:21:42.615+0800	[31mERROR[0m	http/server.go:2286	Failed to create a new students for a user!	{"request_id": "6c8b5c23-1b60-41b8-81f0-5a4db5f2d0cf", "client_ip": "[::1]:56082"}
2026-03-09T21:21:42.615+0800	[34mINFO[0m	http/server.go:2286	HTTP Request completed	{"method": "POST", "path": "/api/v1/student", "ip": "[::1]:56082", "status": 400, "duration": 0.0020087}
2026-03-09T21:22:53.713+0800	[34mINFO[0m	runtime/proc.go:290	Shutting down server...
2026-03-09T21:22:53.714+0800	[31mERROR[0m	runtime/asm_amd64.s:1771	Server error	{"error": "http: Server closed"}
2026-03-09T21:22:53.714+0800	[34mINFO[0m	runtime/proc.go:290	Server exited properly
2026-03-09T21:22:53.714+0800	[34mINFO[0m	cmd/main.go:108	Closing database connection...
2026-03-09T21:25:19.821+0800	[34mINFO[0m	runtime/proc.go:290	Starting application...
2026-03-09T21:25:19.839+0800	[34mINFO[0m	runtime/proc.go:290	Connecting to PostgreSQL database...
2026-03-09T21:25:20.001+0800	[34mINFO[0m	runtime/proc.go:290	Database connected successfully	{"database": "School-manajement"}
2026-03-09T21:25:20.001+0800	[34mINFO[0m	runtime/asm_amd64.s:1771	Starting server	{"port": ":8080"}
2026-03-09T21:25:24.334+0800	[31mERROR[0m	http/server.go:2286	Failed to create a new students for a user!	{"request_id": "6f23984a-661c-4783-a389-455a30de3d4b", "client_ip": "[::1]:50253"}
2026-03-09T21:25:24.335+0800	[34mINFO[0m	http/server.go:2286	HTTP Request completed	{"method": "POST", "path": "/api/v1/student", "ip": "[::1]:50253", "status": 400, "duration": 0.0028945}
2026-03-09T21:28:20.017+0800	[34mINFO[0m	runtime/proc.go:290	Shutting down server...
2026-03-09T21:28:20.018+0800	[31mERROR[0m	runtime/asm_amd64.s:1771	Server error	{"error": "http: Server closed"}
2026-03-09T21:28:20.018+0800	[34mINFO[0m	runtime/proc.go:290	Server exited properly
2026-03-09T21:28:20.018+0800	[34mINFO[0m	cmd/main.go:108	Closing database connection...
2026-03-09T21:28:32.571+0800	[34mINFO[0m	runtime/proc.go:290	Starting application...
2026-03-09T21:28:32.591+0800	[34mINFO[0m	runtime/proc.go:290	Connecting to PostgreSQL database...
2026-03-09T21:28:32.720+0800	[34mINFO[0m	runtime/proc.go:290	Database connected successfully	{"database": "School-manajement"}
2026-03-09T21:28:32.720+0800	[34mINFO[0m	runtime/asm_amd64.s:1771	Starting server	{"port": ":8080"}
2026-03-09T21:28:37.106+0800	[34mINFO[0m	http/server.go:2286	HTTP Request completed	{"method": "POST", "path": "/api/v1/student", "ip": "[::1]:60630", "status": 201, "duration": 0.0047858}
2026-03-09T21:33:59.678+0800	[34mINFO[0m	runtime/proc.go:290	Shutting down server...
2026-03-09T21:33:59.679+0800	[31mERROR[0m	runtime/asm_amd64.s:1771	Server error	{"error": "http: Server closed"}
2026-03-09T21:33:59.679+0800	[34mINFO[0m	runtime/proc.go:290	Server exited properly
2026-03-09T21:33:59.679+0800	[34mINFO[0m	cmd/main.go:108	Closing database connection...
2026-03-10T10:44:16.708+0800	[34mINFO[0m	runtime/proc.go:290	Starting application...
2026-03-10T10:44:16.738+0800	[34mINFO[0m	runtime/proc.go:290	Connecting to PostgreSQL database...
2026-03-10T10:44:16.900+0800	[34mINFO[0m	runtime/proc.go:290	Database connected successfully	{"database": "School-manajement"}
2026-03-10T10:44:16.900+0800	[34mINFO[0m	runtime/asm_amd64.s:1771	Starting server	{"port": ":8080"}
2026-03-10T10:45:02.697+0800	[34mINFO[0m	http/server.go:2286	HTTP Request completed	{"method": "POST", "path": "/api/v1/student", "ip": "[::1]:59208", "status": 201, "duration": 0.0049076}
2026-03-10T10:45:26.136+0800	[31mERROR[0m	http/server.go:2286	Failed to create a new students for a user!	{"request_id": "1a9a9461-413c-49b4-bf03-f6e64fbfac38", "client_ip": "[::1]:59208"}
2026-03-10T10:45:26.137+0800	[34mINFO[0m	http/server.go:2286	HTTP Request completed	{"method": "POST", "path": "/api/v1/student", "ip": "[::1]:59208", "status": 400, "duration": 0.01097}
2026-03-10T10:46:30.396+0800	[34mINFO[0m	runtime/proc.go:290	Shutting down server...
2026-03-10T10:46:30.396+0800	[31mERROR[0m	runtime/asm_amd64.s:1771	Server error	{"error": "http: Server closed"}
2026-03-10T10:46:30.396+0800	[34mINFO[0m	runtime/proc.go:290	Server exited properly
2026-03-10T10:46:30.397+0800	[34mINFO[0m	cmd/main.go:108	Closing database connection...
2026-03-10T10:46:38.382+0800	[34mINFO[0m	runtime/proc.go:290	Starting application...
2026-03-10T10:46:38.417+0800	[34mINFO[0m	runtime/proc.go:290	Connecting to PostgreSQL database...
2026-03-10T10:46:38.593+0800	[34mINFO[0m	runtime/proc.go:290	Database connected successfully	{"database": "School-manajement"}
2026-03-10T10:46:38.593+0800	[34mINFO[0m	runtime/asm_amd64.s:1771	Starting server	{"port": ":8080"}
2026-03-10T10:46:52.008+0800	[34mINFO[0m	http/server.go:2286	HTTP Request completed	{"method": "POST", "path": "/api/v1/student", "ip": "[::1]:53419", "status": 201, "duration": 0.0067073}
2026-03-10T10:47:35.562+0800	[34mINFO[0m	http/server.go:2286	HTTP Request completed	{"method": "POST", "path": "/api/v1/student", "ip": "[::1]:53419", "status": 201, "duration": 0.0042016}
2026-03-10T10:48:05.764+0800	[34mINFO[0m	runtime/proc.go:290	Shutting down server...
2026-03-10T10:48:05.764+0800	[31mERROR[0m	runtime/asm_amd64.s:1771	Server error	{"error": "http: Server closed"}
2026-03-10T10:48:05.764+0800	[34mINFO[0m	runtime/proc.go:290	Server exited properly
2026-03-10T10:48:05.765+0800	[34mINFO[0m	cmd/main.go:108	Closing database connection...
2026-03-10T10:49:22.650+0800	[34mINFO[0m	runtime/proc.go:290	Starting application...
2026-03-10T10:49:22.680+0800	[34mINFO[0m	runtime/proc.go:290	Connecting to PostgreSQL database...
2026-03-10T10:49:22.857+0800	[34mINFO[0m	runtime/proc.go:290	Database connected successfully	{"database": "School-manajement"}
2026-03-10T10:49:22.858+0800	[34mINFO[0m	runtime/asm_amd64.s:1771	Starting server	{"port": ":8080"}
2026-03-10T10:51:15.875+0800	[34mINFO[0m	http/server.go:2286	HTTP Request completed	{"method": "POST", "path": "/api/v1/login", "ip": "[::1]:63531", "status": 200, "duration": 0.0896984}
2026-03-10T10:51:32.297+0800	[33mWARN[0m	http/server.go:2286	Token validation failed	{"request_id": "d4a51704-2a52-4042-85d7-f6a42d35a45f", "client_ip": "[::1]:63531", "error": "token is malformed: token contains an invalid number of segments"}
2026-03-10T10:51:32.298+0800	[34mINFO[0m	http/server.go:2286	HTTP Request completed	{"method": "DELETE", "path": "/api/v1/student/808e27f3-2c83-47b6-b161-dacfa984db61", "ip": "[::1]:63531", "status": 400, "duration": 0.0005061}
2026-03-10T10:51:47.138+0800	[34mINFO[0m	http/server.go:2286	HTTP Request completed	{"method": "POST", "path": "/api/v1/login", "ip": "[::1]:63531", "status": 200, "duration": 0.0834892}
2026-03-10T10:52:09.766+0800	[33mWARN[0m	http/server.go:2286	Token validation failed	{"request_id": "84c8ea92-b8f8-4fba-a0d4-4a3fe6c181b0", "client_ip": "[::1]:63531", "error": "token signature is invalid: signature is invalid"}
2026-03-10T10:52:09.766+0800	[34mINFO[0m	http/server.go:2286	HTTP Request completed	{"method": "DELETE", "path": "/api/v1/student/808e27f3-2c83-47b6-b161-dacfa984db61", "ip": "[::1]:63531", "status": 400, "duration": 0.0005074}
2026-03-10T10:54:30.449+0800	[34mINFO[0m	runtime/proc.go:290	Shutting down server...
2026-03-10T10:54:30.450+0800	[31mERROR[0m	runtime/asm_amd64.s:1771	Server error	{"error": "http: Server closed"}
2026-03-10T10:54:30.450+0800	[34mINFO[0m	runtime/proc.go:290	Server exited properly
2026-03-10T10:54:30.450+0800	[34mINFO[0m	cmd/main.go:108	Closing database connection...
2026-03-10T10:54:47.003+0800	[34mINFO[0m	runtime/proc.go:290	Starting application...
2026-03-10T10:54:47.036+0800	[34mINFO[0m	runtime/proc.go:290	Connecting to PostgreSQL database...
2026-03-10T10:54:47.201+0800	[34mINFO[0m	runtime/proc.go:290	Database connected successfully	{"database": "School-manajement"}
2026-03-10T10:54:47.201+0800	[34mINFO[0m	runtime/asm_amd64.s:1771	Starting server	{"port": ":8080"}
2026-03-10T10:55:03.303+0800	[34mINFO[0m	http/server.go:2286	HTTP Request completed	{"method": "DELETE", "path": "/api/v1/student/808e27f3-2c83-47b6-b161-dacfa984db61", "ip": "[::1]:55834", "status": 200, "duration": 0.0114395}
2026-03-10T10:56:26.027+0800	[34mINFO[0m	runtime/proc.go:290	Shutting down server...
2026-03-10T10:56:26.028+0800	[31mERROR[0m	runtime/asm_amd64.s:1771	Server error	{"error": "http: Server closed"}
2026-03-10T10:56:26.028+0800	[34mINFO[0m	runtime/proc.go:290	Server exited properly
2026-03-10T10:56:26.029+0800	[34mINFO[0m	cmd/main.go:108	Closing database connection...
2026-03-10T10:56:49.667+0800	[34mINFO[0m	runtime/proc.go:290	Starting application...
2026-03-10T10:56:49.694+0800	[34mINFO[0m	runtime/proc.go:290	Connecting to PostgreSQL database...
2026-03-10T10:56:49.862+0800	[34mINFO[0m	runtime/proc.go:290	Database connected successfully	{"database": "School-manajement"}
2026-03-10T10:56:49.862+0800	[34mINFO[0m	runtime/asm_amd64.s:1771	Starting server	{"port": ":8080"}
2026-03-10T10:57:05.399+0800	[34mINFO[0m	http/server.go:2286	HTTP Request completed	{"method": "DELETE", "path": "/api/v1/student/808e27f3-2c83-47b6-b161-dacfa984db61", "ip": "[::1]:63687", "status": 200, "duration": 0.0069732}
2026-03-10T10:58:24.680+0800	[34mINFO[0m	http/server.go:2286	HTTP Request completed	{"method": "POST", "path": "/api/v1/login", "ip": "[::1]:53340", "status": 200, "duration": 0.0776547}
2026-03-10T10:59:09.894+0800	[34mINFO[0m	http/server.go:2286	HTTP Request completed	{"method": "POST", "path": "/api/v1/student", "ip": "[::1]:53340", "status": 201, "duration": 0.0045452}
2026-03-10T11:01:36.327+0800	[34mINFO[0m	runtime/proc.go:290	Shutting down server...
2026-03-10T11:01:36.328+0800	[31mERROR[0m	runtime/asm_amd64.s:1771	Server error	{"error": "http: Server closed"}
2026-03-10T11:01:36.328+0800	[34mINFO[0m	runtime/proc.go:290	Server exited properly
2026-03-10T11:01:36.328+0800	[34mINFO[0m	cmd/main.go:108	Closing database connection...
2026-03-11T11:16:40.286+0800	[34mINFO[0m	runtime/proc.go:290	Starting application...
2026-03-11T11:16:40.315+0800	[34mINFO[0m	runtime/proc.go:290	Connecting to PostgreSQL database...
2026-03-11T11:16:40.507+0800	[34mINFO[0m	runtime/proc.go:290	Database connected successfully	{"database": "School-manajement"}
2026-03-11T11:16:40.508+0800	[34mINFO[0m	runtime/asm_amd64.s:1771	Starting server	{"port": ":8080"}
2026-03-11T11:19:04.690+0800	[34mINFO[0m	http/server.go:2286	HTTP Request completed	{"method": "POST", "path": "/api/v1/login", "ip": "[::1]:57678", "status": 200, "duration": 0.171177}
2026-03-11T11:20:46.627+0800	[31mERROR[0m	http/server.go:2286	Failed to settings the max byte reader for an http request!	{"request_id": "3f68a522-145f-4e8b-9472-7fb3753532fd", "client_ip": "[::1]:65062"}
2026-03-11T11:23:20.006+0800	[34mINFO[0m	runtime/proc.go:290	Shutting down server...
2026-03-11T11:23:20.007+0800	[31mERROR[0m	runtime/asm_amd64.s:1771	Server error	{"error": "http: Server closed"}
2026-03-11T11:23:20.007+0800	[34mINFO[0m	runtime/proc.go:290	Server exited properly
2026-03-11T11:23:20.009+0800	[34mINFO[0m	cmd/main.go:108	Closing database connection...
2026-03-11T11:26:28.375+0800	[34mINFO[0m	runtime/proc.go:290	Starting application...
2026-03-11T11:26:28.413+0800	[34mINFO[0m	runtime/proc.go:290	Connecting to PostgreSQL database...
2026-03-11T11:26:28.661+0800	[34mINFO[0m	runtime/proc.go:290	Database connected successfully	{"database": "School-manajement"}
2026-03-11T11:26:28.662+0800	[34mINFO[0m	runtime/asm_amd64.s:1771	Starting server	{"port": ":8080"}
2026-03-11T11:26:35.832+0800	[31mERROR[0m	http/server.go:2286	Failed to convert from string into an integer for a absen!	{"request_id": "2d7c1a06-7b92-4614-b906-1624f9826bc0", "client_ip": "[::1]:55433"}
2026-03-11T11:26:35.834+0800	[34mINFO[0m	http/server.go:2286	HTTP Request completed	{"method": "PATCH", "path": "/api/v1/student/f6827860-6181-4d49-89d6-e112a1233e48", "ip": "[::1]:55433", "status": 400, "duration": 0.0052043}
2026-03-11T11:28:49.637+0800	[34mINFO[0m	runtime/proc.go:290	Shutting down server...
2026-03-11T11:28:49.638+0800	[31mERROR[0m	runtime/asm_amd64.s:1771	Server error	{"error": "http: Server closed"}
2026-03-11T11:28:49.638+0800	[34mINFO[0m	runtime/proc.go:290	Server exited properly
2026-03-11T11:28:49.639+0800	[34mINFO[0m	cmd/main.go:108	Closing database connection...
2026-03-11T11:29:02.447+0800	[34mINFO[0m	runtime/proc.go:290	Starting application...
2026-03-11T11:29:02.473+0800	[34mINFO[0m	runtime/proc.go:290	Connecting to PostgreSQL database...
2026-03-11T11:29:02.684+0800	[34mINFO[0m	runtime/proc.go:290	Database connected successfully	{"database": "School-manajement"}
2026-03-11T11:29:02.685+0800	[34mINFO[0m	runtime/asm_amd64.s:1771	Starting server	{"port": ":8080"}
2026-03-11T11:29:10.410+0800	[31mERROR[0m	http/server.go:2286	Failed to convert from string into an integer for a absen!	{"request_id": "1cc7e7b1-21ac-4742-b452-561ca9cddcc9", "client_ip": "[::1]:62284"}
2026-03-11T11:29:10.410+0800	[34mINFO[0m	http/server.go:2286	HTTP Request completed	{"method": "PATCH", "path": "/api/v1/student/f6827860-6181-4d49-89d6-e112a1233e48", "ip": "[::1]:62284", "status": 400, "duration": 0.0021945}
2026-03-11T11:33:00.153+0800	[34mINFO[0m	runtime/proc.go:290	Shutting down server...
2026-03-11T11:33:00.153+0800	[31mERROR[0m	runtime/asm_amd64.s:1771	Server error	{"error": "http: Server closed"}
2026-03-11T11:33:00.153+0800	[34mINFO[0m	runtime/proc.go:290	Server exited properly
2026-03-11T11:33:00.154+0800	[34mINFO[0m	cmd/main.go:108	Closing database connection...
2026-03-11T11:33:13.201+0800	[34mINFO[0m	runtime/proc.go:290	Starting application...
2026-03-11T11:33:13.227+0800	[34mINFO[0m	runtime/proc.go:290	Connecting to PostgreSQL database...
2026-03-11T11:33:13.391+0800	[34mINFO[0m	runtime/proc.go:290	Database connected successfully	{"database": "School-manajement"}
2026-03-11T11:33:13.391+0800	[34mINFO[0m	runtime/asm_amd64.s:1771	Starting server	{"port": ":8080"}
2026-03-11T11:33:21.671+0800	[31mERROR[0m	http/server.go:2286	Failed to convert from string into an integer for a absen!	{"request_id": "9dcb523b-1478-49cc-8f62-16b373dacf58", "client_ip": "[::1]:53913"}
2026-03-11T11:33:21.672+0800	[34mINFO[0m	http/server.go:2286	HTTP Request completed	{"method": "PATCH", "path": "/api/v1/student/f6827860-6181-4d49-89d6-e112a1233e48", "ip": "[::1]:53913", "status": 400, "duration": 0.0023292}
2026-03-11T11:33:26.544+0800	[31mERROR[0m	http/server.go:2286	Failed to convert from string into an integer for a absen!	{"request_id": "f95e7e14-f9fa-4025-8260-02e8f51607bc", "client_ip": "[::1]:53913"}
2026-03-11T11:33:26.544+0800	[34mINFO[0m	http/server.go:2286	HTTP Request completed	{"method": "PATCH", "path": "/api/v1/student/f6827860-6181-4d49-89d6-e112a1233e48", "ip": "[::1]:53913", "status": 400, "duration": 0.0015081}
2026-03-11T11:33:41.681+0800	[34mINFO[0m	runtime/proc.go:290	Shutting down server...
2026-03-11T11:33:41.682+0800	[31mERROR[0m	runtime/asm_amd64.s:1771	Server error	{"error": "http: Server closed"}
2026-03-11T11:33:41.683+0800	[34mINFO[0m	runtime/proc.go:290	Server exited properly
2026-03-11T11:33:41.684+0800	[34mINFO[0m	cmd/main.go:108	Closing database connection...
2026-03-11T11:33:57.136+0800	[34mINFO[0m	runtime/proc.go:290	Starting application...
2026-03-11T11:33:57.167+0800	[34mINFO[0m	runtime/proc.go:290	Connecting to PostgreSQL database...
2026-03-11T11:33:57.320+0800	[34mINFO[0m	runtime/proc.go:290	Database connected successfully	{"database": "School-manajement"}
2026-03-11T11:33:57.320+0800	[34mINFO[0m	runtime/asm_amd64.s:1771	Starting server	{"port": ":8080"}
2026-03-11T11:34:04.789+0800	[31mERROR[0m	http/server.go:2286	Failed to convert from string into an integer for a absen!	{"request_id": "3aacce1b-162f-4065-b487-4c12e335da02", "client_ip": "[::1]:53922"}
2026-03-11T11:34:04.789+0800	[34mINFO[0m	http/server.go:2286	HTTP Request completed	{"method": "PATCH", "path": "/api/v1/student/f6827860-6181-4d49-89d6-e112a1233e48", "ip": "[::1]:53922", "status": 400, "duration": 0.0016375}
2026-03-11T11:35:42.787+0800	[34mINFO[0m	runtime/proc.go:290	Shutting down server...
2026-03-11T11:35:42.787+0800	[31mERROR[0m	runtime/asm_amd64.s:1771	Server error	{"error": "http: Server closed"}
2026-03-11T11:35:42.787+0800	[34mINFO[0m	runtime/proc.go:290	Server exited properly
2026-03-11T11:35:42.788+0800	[34mINFO[0m	cmd/main.go:108	Closing database connection...
2026-03-11T11:36:26.440+0800	[34mINFO[0m	runtime/proc.go:290	Starting application...
2026-03-11T11:36:26.466+0800	[34mINFO[0m	runtime/proc.go:290	Connecting to PostgreSQL database...
2026-03-11T11:36:26.627+0800	[34mINFO[0m	runtime/proc.go:290	Database connected successfully	{"database": "School-manajement"}
2026-03-11T11:36:26.627+0800	[34mINFO[0m	runtime/asm_amd64.s:1771	Starting server	{"port": ":8080"}
2026-03-11T11:36:32.762+0800	[31mERROR[0m	http/server.go:2286	Failed to convert from string into an integer for a absen!	{"request_id": "94c8a763-535f-45ba-8336-41ca2672edfc", "client_ip": "[::1]:55304"}
2026-03-11T11:36:32.763+0800	[34mINFO[0m	http/server.go:2286	HTTP Request completed	{"method": "PATCH", "path": "/api/v1/student/f6827860-6181-4d49-89d6-e112a1233e48", "ip": "[::1]:55304", "status": 400, "duration": 0.0022326}
2026-03-11T11:38:15.606+0800	[34mINFO[0m	runtime/proc.go:290	Shutting down server...
2026-03-11T11:38:15.607+0800	[31mERROR[0m	runtime/asm_amd64.s:1771	Server error	{"error": "http: Server closed"}
2026-03-11T11:38:15.607+0800	[34mINFO[0m	runtime/proc.go:290	Server exited properly
2026-03-11T11:38:15.607+0800	[34mINFO[0m	cmd/main.go:108	Closing database connection...
2026-03-11T11:39:54.428+0800	[34mINFO[0m	runtime/proc.go:290	Starting application...
2026-03-11T11:39:54.455+0800	[34mINFO[0m	runtime/proc.go:290	Connecting to PostgreSQL database...
2026-03-11T11:39:54.720+0800	[34mINFO[0m	runtime/proc.go:290	Database connected successfully	{"database": "School-manajement"}
2026-03-11T11:39:54.721+0800	[34mINFO[0m	runtime/asm_amd64.s:1771	Starting server	{"port": ":8080"}
2026-03-11T11:40:00.967+0800	[31mERROR[0m	http/server.go:2286	Failed to convert from string into an integer for a absen!	{"request_id": "bf913360-9b28-4fe2-b44a-b7b30993fb8a", "client_ip": "[::1]:52983"}
2026-03-11T11:40:00.967+0800	[34mINFO[0m	http/server.go:2286	HTTP Request completed	{"method": "PATCH", "path": "/api/v1/student/f6827860-6181-4d49-89d6-e112a1233e48", "ip": "[::1]:52983", "status": 400, "duration": 0.0017184}
2026-03-11T11:40:17.515+0800	[31mERROR[0m	http/server.go:2286	Failed to convert from string into an integer for a absen!	{"request_id": "b0090809-2203-407e-ab96-d25f739c1f27", "client_ip": "[::1]:52983"}
2026-03-11T11:40:17.516+0800	[34mINFO[0m	http/server.go:2286	HTTP Request completed	{"method": "PATCH", "path": "/api/v1/student/f6827860-6181-4d49-89d6-e112a1233e48", "ip": "[::1]:52983", "status": 400, "duration": 0.0017799}
2026-03-11T11:42:27.006+0800	[34mINFO[0m	runtime/proc.go:290	Shutting down server...
2026-03-11T11:42:27.007+0800	[31mERROR[0m	runtime/asm_amd64.s:1771	Server error	{"error": "http: Server closed"}
2026-03-11T11:42:27.007+0800	[34mINFO[0m	runtime/proc.go:290	Server exited properly
2026-03-11T11:42:27.007+0800	[34mINFO[0m	cmd/main.go:108	Closing database connection...
2026-03-11T11:42:44.796+0800	[34mINFO[0m	runtime/proc.go:290	Starting application...
2026-03-11T11:42:44.821+0800	[34mINFO[0m	runtime/proc.go:290	Connecting to PostgreSQL database...
2026-03-11T11:42:44.997+0800	[34mINFO[0m	runtime/proc.go:290	Database connected successfully	{"database": "School-manajement"}
2026-03-11T11:42:44.997+0800	[34mINFO[0m	runtime/asm_amd64.s:1771	Starting server	{"port": ":8080"}
2026-03-11T11:42:55.506+0800	[31mERROR[0m	http/server.go:2286	Failed to convert from string into an integer for a absen!	{"request_id": "5e0552e7-543c-4903-954d-bfefab48e9f1", "client_ip": "[::1]:51762"}
2026-03-11T11:42:55.506+0800	[34mINFO[0m	http/server.go:2286	HTTP Request completed	{"method": "PATCH", "path": "/api/v1/student/f6827860-6181-4d49-89d6-e112a1233e48", "ip": "[::1]:51762", "status": 400, "duration": 0.0021675}
2026-03-11T11:43:44.034+0800	[34mINFO[0m	runtime/proc.go:290	Shutting down server...
2026-03-11T11:43:44.035+0800	[31mERROR[0m	runtime/asm_amd64.s:1771	Server error	{"error": "http: Server closed"}
2026-03-11T11:43:44.036+0800	[34mINFO[0m	runtime/proc.go:290	Server exited properly
2026-03-11T11:43:44.037+0800	[34mINFO[0m	cmd/main.go:108	Closing database connection...
2026-03-11T11:43:52.275+0800	[34mINFO[0m	runtime/proc.go:290	Starting application...
2026-03-11T11:43:52.302+0800	[34mINFO[0m	runtime/proc.go:290	Connecting to PostgreSQL database...
2026-03-11T11:43:52.466+0800	[34mINFO[0m	runtime/proc.go:290	Database connected successfully	{"database": "School-manajement"}
2026-03-11T11:43:52.466+0800	[34mINFO[0m	runtime/asm_amd64.s:1771	Starting server	{"port": ":8080"}
2026-03-11T11:44:28.414+0800	[31mERROR[0m	http/server.go:2286	Failed to convert from string into an integer for a absen!	{"request_id": "bf031029-20b6-44ad-8d08-1f295924372f", "client_ip": "[::1]:58911"}
2026-03-11T11:44:28.414+0800	[34mINFO[0m	http/server.go:2286	HTTP Request completed	{"method": "PATCH", "path": "/api/v1/student/f6827860-6181-4d49-89d6-e112a1233e48", "ip": "[::1]:58911", "status": 400, "duration": 0.0024257}
2026-03-11T11:48:01.426+0800	[34mINFO[0m	runtime/proc.go:290	Shutting down server...
2026-03-11T11:48:01.426+0800	[31mERROR[0m	runtime/asm_amd64.s:1771	Server error	{"error": "http: Server closed"}
2026-03-11T11:48:01.426+0800	[34mINFO[0m	runtime/proc.go:290	Server exited properly
2026-03-11T11:48:01.426+0800	[34mINFO[0m	cmd/main.go:108	Closing database connection...
2026-03-11T11:48:15.364+0800	[34mINFO[0m	runtime/proc.go:290	Starting application...
2026-03-11T11:48:15.402+0800	[34mINFO[0m	runtime/proc.go:290	Connecting to PostgreSQL database...
2026-03-11T11:48:15.549+0800	[34mINFO[0m	runtime/proc.go:290	Database connected successfully	{"database": "School-manajement"}
2026-03-11T11:48:15.549+0800	[34mINFO[0m	runtime/asm_amd64.s:1771	Starting server	{"port": ":8080"}
2026-03-11T11:48:21.118+0800	[31mERROR[0m	http/server.go:2286	Failed to convert from string into an integer for a absen!	{"request_id": "14158cab-92c0-4b27-adb7-5ce3f2ec6b42", "client_ip": "[::1]:56509"}
2026-03-11T11:48:21.118+0800	[34mINFO[0m	http/server.go:2286	HTTP Request completed	{"method": "PATCH", "path": "/api/v1/student/f6827860-6181-4d49-89d6-e112a1233e48", "ip": "[::1]:56509", "status": 400, "duration": 0.001933}
2026-03-11T11:49:08.213+0800	[34mINFO[0m	runtime/proc.go:290	Shutting down server...
2026-03-11T11:49:08.214+0800	[31mERROR[0m	runtime/asm_amd64.s:1771	Server error	{"error": "http: Server closed"}
2026-03-11T11:49:08.214+0800	[34mINFO[0m	runtime/proc.go:290	Server exited properly
2026-03-11T11:49:08.215+0800	[34mINFO[0m	cmd/main.go:108	Closing database connection...
2026-03-11T11:49:19.431+0800	[34mINFO[0m	runtime/proc.go:290	Starting application...
2026-03-11T11:49:19.463+0800	[34mINFO[0m	runtime/proc.go:290	Connecting to PostgreSQL database...
2026-03-11T11:49:19.618+0800	[34mINFO[0m	runtime/proc.go:290	Database connected successfully	{"database": "School-manajement"}
2026-03-11T11:49:19.619+0800	[34mINFO[0m	runtime/asm_amd64.s:1771	Starting server	{"port": ":8080"}
2026-03-11T11:49:26.276+0800	[31mERROR[0m	http/server.go:2286	Failed to convert from string into an integer for a absen!	{"request_id": "5693a368-765f-4603-9703-93367706a2b2", "client_ip": "[::1]:56521"}
2026-03-11T11:49:26.277+0800	[34mINFO[0m	http/server.go:2286	HTTP Request completed	{"method": "PATCH", "path": "/api/v1/student/f6827860-6181-4d49-89d6-e112a1233e48", "ip": "[::1]:56521", "status": 400, "duration": 0.0022827}
2026-03-11T11:50:54.107+0800	[34mINFO[0m	runtime/proc.go:290	Shutting down server...
2026-03-11T11:50:54.107+0800	[31mERROR[0m	runtime/asm_amd64.s:1771	Server error	{"error": "http: Server closed"}
2026-03-11T11:50:54.107+0800	[34mINFO[0m	runtime/proc.go:290	Server exited properly
2026-03-11T11:50:54.107+0800	[34mINFO[0m	cmd/main.go:108	Closing database connection...
2026-03-11T11:53:26.428+0800	[34mINFO[0m	runtime/proc.go:290	Starting application...
2026-03-11T11:53:26.461+0800	[34mINFO[0m	runtime/proc.go:290	Connecting to PostgreSQL database...
2026-03-11T11:53:26.625+0800	[34mINFO[0m	runtime/proc.go:290	Database connected successfully	{"database": "School-manajement"}
2026-03-11T11:53:26.626+0800	[34mINFO[0m	runtime/asm_amd64.s:1771	Starting server	{"port": ":8080"}
2026-03-11T11:53:30.247+0800	[31mERROR[0m	http/server.go:2286	Failed to convert from string into an integer for a absen!	{"request_id": "88d5f4f1-9917-4e51-a9cd-f0b97be1e07e", "client_ip": "[::1]:65060"}
2026-03-11T11:53:30.247+0800	[34mINFO[0m	http/server.go:2286	HTTP Request completed	{"method": "PATCH", "path": "/api/v1/student/f6827860-6181-4d49-89d6-e112a1233e48", "ip": "[::1]:65060", "status": 400, "duration": 0.0021363}
2026-03-11T11:53:53.234+0800	[34mINFO[0m	runtime/proc.go:290	Shutting down server...
2026-03-11T11:53:53.235+0800	[31mERROR[0m	runtime/asm_amd64.s:1771	Server error	{"error": "http: Server closed"}
2026-03-11T11:53:53.236+0800	[34mINFO[0m	runtime/proc.go:290	Server exited properly
2026-03-11T11:53:53.237+0800	[34mINFO[0m	cmd/main.go:108	Closing database connection...
2026-03-11T11:54:49.315+0800	[34mINFO[0m	runtime/proc.go:290	Starting application...
2026-03-11T11:54:49.349+0800	[34mINFO[0m	runtime/proc.go:290	Connecting to PostgreSQL database...
2026-03-11T11:54:49.530+0800	[34mINFO[0m	runtime/proc.go:290	Database connected successfully	{"database": "School-manajement"}
2026-03-11T11:54:49.530+0800	[34mINFO[0m	runtime/asm_amd64.s:1771	Starting server	{"port": ":8080"}
2026-03-11T11:55:00.112+0800	[31mERROR[0m	http/server.go:2286	Failed to get the students id from db!	{"request_id": "76fe7194-08e2-4707-b14f-cba6440f8746", "cllient_ip": "[::1]:53296"}
2026-03-11T11:55:00.114+0800	[34mINFO[0m	http/server.go:2286	HTTP Request completed	{"method": "PATCH", "path": "/api/v1/student/f6827860-6181-4d49-89d6-e112a1233e48", "ip": "[::1]:53296", "status": 400, "duration": 0.0073514}
2026-03-11T11:56:00.532+0800	[34mINFO[0m	runtime/proc.go:290	Shutting down server...
2026-03-11T11:56:00.532+0800	[31mERROR[0m	runtime/asm_amd64.s:1771	Server error	{"error": "http: Server closed"}
2026-03-11T11:56:00.533+0800	[34mINFO[0m	runtime/proc.go:290	Server exited properly
2026-03-11T11:56:00.534+0800	[34mINFO[0m	cmd/main.go:108	Closing database connection...
2026-03-11T11:56:18.836+0800	[34mINFO[0m	runtime/proc.go:290	Starting application...
2026-03-11T11:56:18.873+0800	[34mINFO[0m	runtime/proc.go:290	Connecting to PostgreSQL database...
2026-03-11T11:56:19.069+0800	[34mINFO[0m	runtime/proc.go:290	Database connected successfully	{"database": "School-manajement"}
2026-03-11T11:56:19.069+0800	[34mINFO[0m	runtime/asm_amd64.s:1771	Starting server	{"port": ":8080"}
2026-03-11T11:56:32.045+0800	[31mERROR[0m	http/server.go:2286	Failed to get the students id from db!	{"request_id": "d8a830d5-1c47-469c-b727-b5f2fa1efc1f", "cllient_ip": "[::1]:54077"}
2026-03-11T11:56:32.046+0800	[34mINFO[0m	http/server.go:2286	HTTP Request completed	{"method": "PATCH", "path": "/api/v1/student/f6827860-6181-4d49-89d6-e112a1233e48", "ip": "[::1]:54077", "status": 400, "duration": 0.0140358}
2026-03-11T11:56:59.467+0800	[34mINFO[0m	runtime/proc.go:290	Shutting down server...
2026-03-11T11:56:59.467+0800	[31mERROR[0m	runtime/asm_amd64.s:1771	Server error	{"error": "http: Server closed"}
2026-03-11T11:56:59.468+0800	[34mINFO[0m	runtime/proc.go:290	Server exited properly
2026-03-11T11:56:59.470+0800	[34mINFO[0m	cmd/main.go:108	Closing database connection...
2026-03-11T11:57:10.945+0800	[34mINFO[0m	runtime/proc.go:290	Starting application...
2026-03-11T11:57:10.975+0800	[34mINFO[0m	runtime/proc.go:290	Connecting to PostgreSQL database...
2026-03-11T11:57:11.169+0800	[34mINFO[0m	runtime/proc.go:290	Database connected successfully	{"database": "School-manajement"}
2026-03-11T11:57:11.169+0800	[34mINFO[0m	runtime/asm_amd64.s:1771	Starting server	{"port": ":8080"}
2026-03-11T11:57:17.990+0800	[31mERROR[0m	http/server.go:2286	Failed to remove the data old from db!	{"request_id": "27cac73e-a946-46f0-b184-1caf620ac2ed", "client_ip": "[::1]:59235"}
2026-03-11T11:57:17.991+0800	[34mINFO[0m	http/server.go:2286	HTTP Request completed	{"method": "PATCH", "path": "/api/v1/student/f6827860-6181-4d49-89d6-e112a1233e48", "ip": "[::1]:59235", "status": 400, "duration": 0.0097864}
2026-03-11T11:57:35.594+0800	[34mINFO[0m	runtime/proc.go:290	Shutting down server...
2026-03-11T11:57:35.594+0800	[31mERROR[0m	runtime/asm_amd64.s:1771	Server error	{"error": "http: Server closed"}
2026-03-11T11:57:35.595+0800	[34mINFO[0m	runtime/proc.go:290	Server exited properly
2026-03-11T11:57:35.596+0800	[34mINFO[0m	cmd/main.go:108	Closing database connection...
2026-03-11T11:58:53.945+0800	[34mINFO[0m	runtime/proc.go:290	Starting application...
2026-03-11T11:58:54.011+0800	[34mINFO[0m	runtime/proc.go:290	Connecting to PostgreSQL database...
2026-03-11T11:58:54.257+0800	[34mINFO[0m	runtime/proc.go:290	Database connected successfully	{"database": "School-manajement"}
2026-03-11T11:58:54.258+0800	[34mINFO[0m	runtime/asm_amd64.s:1771	Starting server	{"port": ":8080"}
2026-03-11T11:59:34.724+0800	[31mERROR[0m	http/server.go:2286	Failed to remove the data old from db!	{"request_id": "3660ad23-dd6d-4520-8431-dc99e9a6a3aa", "client_ip": "[::1]:61857"}
2026-03-11T11:59:34.725+0800	[34mINFO[0m	http/server.go:2286	HTTP Request completed	{"method": "PATCH", "path": "/api/v1/student/f6827860-6181-4d49-89d6-e112a1233e48", "ip": "[::1]:61857", "status": 400, "duration": 0.0094865}
2026-03-11T12:02:00.765+0800	[34mINFO[0m	runtime/proc.go:290	Shutting down server...
2026-03-11T12:02:00.765+0800	[31mERROR[0m	runtime/asm_amd64.s:1771	Server error	{"error": "http: Server closed"}
2026-03-11T12:02:00.765+0800	[34mINFO[0m	runtime/proc.go:290	Server exited properly
2026-03-11T12:02:00.766+0800	[34mINFO[0m	cmd/main.go:108	Closing database connection...
2026-03-11T12:02:33.614+0800	[34mINFO[0m	runtime/proc.go:290	Starting application...
2026-03-11T12:02:33.649+0800	[34mINFO[0m	runtime/proc.go:290	Connecting to PostgreSQL database...
2026-03-11T12:02:33.828+0800	[34mINFO[0m	runtime/proc.go:290	Database connected successfully	{"database": "School-manajement"}
2026-03-11T12:02:33.828+0800	[34mINFO[0m	runtime/asm_amd64.s:1771	Starting server	{"port": ":8080"}
2026-03-11T12:02:39.947+0800	[31mERROR[0m	http/server.go:2286	Failed to remove the data old from db!	{"request_id": "ee12e5e7-bb89-4ee1-bf82-21bba44087fd", "client_ip": "[::1]:50051"}
2026-03-11T12:02:39.947+0800	[34mINFO[0m	http/server.go:2286	HTTP Request completed	{"method": "PATCH", "path": "/api/v1/student/f6827860-6181-4d49-89d6-e112a1233e48", "ip": "[::1]:50051", "status": 400, "duration": 0.0092012}
2026-03-11T12:03:56.720+0800	[34mINFO[0m	runtime/proc.go:290	Shutting down server...
2026-03-11T12:03:56.721+0800	[31mERROR[0m	runtime/asm_amd64.s:1771	Server error	{"error": "http: Server closed"}
2026-03-11T12:03:56.721+0800	[34mINFO[0m	runtime/proc.go:290	Server exited properly
2026-03-11T12:03:56.723+0800	[34mINFO[0m	cmd/main.go:108	Closing database connection...
2026-03-11T12:06:46.576+0800	[34mINFO[0m	runtime/proc.go:290	Starting application...
2026-03-11T12:06:46.612+0800	[34mINFO[0m	runtime/proc.go:290	Connecting to PostgreSQL database...
2026-03-11T12:06:46.826+0800	[34mINFO[0m	runtime/proc.go:290	Database connected successfully	{"database": "School-manajement"}
2026-03-11T12:06:46.827+0800	[34mINFO[0m	runtime/asm_amd64.s:1771	Starting server	{"port": ":8080"}
2026-03-11T12:06:54.383+0800	[34mINFO[0m	http/server.go:2286	HTTP Request completed	{"method": "POST", "path": "/api/v1/register", "ip": "[::1]:51525", "status": 201, "duration": 0.1654212}
2026-03-11T12:07:34.153+0800	[34mINFO[0m	http/server.go:2286	HTTP Request completed	{"method": "POST", "path": "/api/v1/register", "ip": "[::1]:51525", "status": 201, "duration": 0.1484139}
2026-03-11T12:08:09.113+0800	[34mINFO[0m	http/server.go:2286	HTTP Request completed	{"method": "POST", "path": "/api/v1/register", "ip": "[::1]:51525", "status": 201, "duration": 0.1438766}
2026-03-11T12:09:35.665+0800	[34mINFO[0m	http/server.go:2286	HTTP Request completed	{"method": "POST", "path": "/api/v1/register", "ip": "[::1]:51601", "status": 201, "duration": 0.151025}
2026-03-11T12:10:19.094+0800	[34mINFO[0m	http/server.go:2286	HTTP Request completed	{"method": "POST", "path": "/api/v1/register", "ip": "[::1]:51601", "status": 201, "duration": 0.1573334}
2026-03-11T12:10:56.944+0800	[34mINFO[0m	http/server.go:2286	HTTP Request completed	{"method": "POST", "path": "/api/v1/register", "ip": "[::1]:51601", "status": 201, "duration": 0.1711199}
2026-03-11T12:11:52.438+0800	[34mINFO[0m	http/server.go:2286	HTTP Request completed	{"method": "POST", "path": "/api/v1/register", "ip": "[::1]:51601", "status": 201, "duration": 0.3523699}
2026-03-11T12:12:21.259+0800	[34mINFO[0m	http/server.go:2286	HTTP Request completed	{"method": "POST", "path": "/api/v1/register", "ip": "[::1]:51601", "status": 201, "duration": 0.1540247}
2026-03-11T12:12:51.786+0800	[34mINFO[0m	http/server.go:2286	HTTP Request completed	{"method": "POST", "path": "/api/v1/register", "ip": "[::1]:51601", "status": 201, "duration": 0.1623471}
2026-03-11T12:14:13.590+0800	[34mINFO[0m	runtime/proc.go:290	Shutting down server...
2026-03-11T12:14:13.590+0800	[31mERROR[0m	runtime/asm_amd64.s:1771	Server error	{"error": "http: Server closed"}
2026-03-11T12:14:13.590+0800	[34mINFO[0m	runtime/proc.go:290	Server exited properly
2026-03-11T12:14:13.590+0800	[34mINFO[0m	cmd/main.go:108	Closing database connection...
2026-03-11T12:17:22.682+0800	[34mINFO[0m	runtime/proc.go:290	Starting application...
2026-03-11T12:17:22.702+0800	[34mINFO[0m	runtime/proc.go:290	Connecting to PostgreSQL database...
2026-03-11T12:17:22.849+0800	[34mINFO[0m	runtime/proc.go:290	Database connected successfully	{"database": "School-manajement"}
2026-03-11T12:17:22.849+0800	[34mINFO[0m	runtime/asm_amd64.s:1771	Starting server	{"port": ":8080"}
2026-03-11T12:18:10.000+0800	[34mINFO[0m	http/server.go:2286	HTTP Request completed	{"method": "POST", "path": "/api/v1/login", "ip": "[::1]:60188", "status": 200, "duration": 0.2671449}
2026-03-11T12:19:07.711+0800	[34mINFO[0m	http/server.go:2286	HTTP Request completed	{"method": "POST", "path": "/api/v1/student", "ip": "[::1]:60188", "status": 201, "duration": 0.0219435}
2026-03-11T12:21:15.088+0800	[34mINFO[0m	http/server.go:2286	HTTP Request completed	{"method": "POST", "path": "/api/v1/student", "ip": "[::1]:63077", "status": 201, "duration": 0.00294}
2026-03-11T12:22:32.054+0800	[34mINFO[0m	runtime/proc.go:290	Shutting down server...
2026-03-11T12:22:32.055+0800	[31mERROR[0m	runtime/asm_amd64.s:1771	Server error	{"error": "http: Server closed"}
2026-03-11T12:22:32.055+0800	[34mINFO[0m	runtime/proc.go:290	Server exited properly
2026-03-11T12:22:32.055+0800	[34mINFO[0m	cmd/main.go:108	Closing database connection...
2026-03-11T12:22:50.351+0800	[34mINFO[0m	runtime/proc.go:290	Starting application...
2026-03-11T12:22:50.368+0800	[34mINFO[0m	runtime/proc.go:290	Connecting to PostgreSQL database...
2026-03-11T12:22:50.632+0800	[34mINFO[0m	runtime/proc.go:290	Database connected successfully	{"database": "School-manajement"}
2026-03-11T12:22:50.632+0800	[34mINFO[0m	runtime/asm_amd64.s:1771	Starting server	{"port": ":8080"}
2026-03-11T12:22:56.525+0800	[34mINFO[0m	http/server.go:2286	HTTP Request completed	{"method": "POST", "path": "/api/v1/student", "ip": "[::1]:61321", "status": 201, "duration": 0.0050818}
2026-03-11T12:23:31.946+0800	[34mINFO[0m	http/server.go:2286	HTTP Request completed	{"method": "POST", "path": "/api/v1/login", "ip": "[::1]:61321", "status": 200, "duration": 0.0686124}
2026-03-11T12:24:16.849+0800	[34mINFO[0m	http/server.go:2286	HTTP Request completed	{"method": "POST", "path": "/api/v1/student", "ip": "[::1]:61321", "status": 201, "duration": 0.0147347}
2026-03-11T12:25:12.650+0800	[34mINFO[0m	http/server.go:2286	HTTP Request completed	{"method": "POST", "path": "/api/v1/login", "ip": "[::1]:61321", "status": 200, "duration": 0.0635238}
2026-03-11T12:25:42.301+0800	[33mWARN[0m	http/server.go:2286	Missing authorization header	{"request_id": "6491e7eb-cd1b-4e63-8737-6011808b5ded", "client_ip": "[::1]:61321", "path": "/api/v1/student"}
2026-03-11T12:25:42.301+0800	[34mINFO[0m	http/server.go:2286	HTTP Request completed	{"method": "POST", "path": "/api/v1/student", "ip": "[::1]:61321", "status": 400, "duration": 0}
2026-03-11T12:25:50.949+0800	[34mINFO[0m	http/server.go:2286	HTTP Request completed	{"method": "POST", "path": "/api/v1/student", "ip": "[::1]:61321", "status": 201, "duration": 0.0040094}
2026-03-11T12:28:10.186+0800	[34mINFO[0m	http/server.go:2286	HTTP Request completed	{"method": "POST", "path": "/api/v1/login", "ip": "[::1]:59505", "status": 200, "duration": 0.2038158}
2026-03-11T12:29:26.548+0800	[34mINFO[0m	http/server.go:2286	HTTP Request completed	{"method": "POST", "path": "/api/v1/student", "ip": "[::1]:59510", "status": 201, "duration": 0.0037572}
2026-03-11T12:29:34.105+0800	[34mINFO[0m	runtime/proc.go:290	Shutting down server...
2026-03-11T12:29:34.105+0800	[31mERROR[0m	runtime/asm_amd64.s:1771	Server error	{"error": "http: Server closed"}
2026-03-11T12:29:34.105+0800	[34mINFO[0m	runtime/proc.go:290	Server exited properly
2026-03-11T12:29:34.105+0800	[34mINFO[0m	cmd/main.go:108	Closing database connection...
2026-03-11T16:30:49.808+0800	[34mINFO[0m	runtime/proc.go:290	Starting application...
2026-03-11T16:30:49.902+0800	[34mINFO[0m	runtime/proc.go:290	Connecting to PostgreSQL database...
2026-03-11T16:30:50.271+0800	[34mINFO[0m	runtime/proc.go:290	Database connected successfully	{"database": "School-manajement"}
2026-03-11T16:30:50.271+0800	[34mINFO[0m	runtime/asm_amd64.s:1771	Starting server	{"port": ":8080"}
2026-03-11T16:31:40.492+0800	[34mINFO[0m	http/server.go:2286	HTTP Request completed	{"method": "POST", "path": "/api/v1/login", "ip": "[::1]:51724", "status": 200, "duration": 0.2483105}
2026-03-11T16:32:35.955+0800	[34mINFO[0m	http/server.go:2286	HTTP Request completed	{"method": "POST", "path": "/api/v1/student", "ip": "[::1]:51724", "status": 201, "duration": 0.0410446}
2026-03-11T16:33:44.409+0800	[34mINFO[0m	http/server.go:2286	HTTP Request completed	{"method": "POST", "path": "/api/v1/login", "ip": "[::1]:58605", "status": 400, "duration": 0.0045774}
2026-03-11T16:33:54.320+0800	[34mINFO[0m	http/server.go:2286	HTTP Request completed	{"method": "POST", "path": "/api/v1/login", "ip": "[::1]:58605", "status": 200, "duration": 0.2266361}
2026-03-11T16:34:44.636+0800	[34mINFO[0m	http/server.go:2286	HTTP Request completed	{"method": "POST", "path": "/api/v1/student", "ip": "[::1]:58605", "status": 201, "duration": 0.007427}
2026-03-11T16:35:24.016+0800	[34mINFO[0m	http/server.go:2286	HTTP Request completed	{"method": "POST", "path": "/api/v1/login", "ip": "[::1]:58605", "status": 400, "duration": 0.0015547}
2026-03-11T16:35:51.293+0800	[34mINFO[0m	http/server.go:2286	HTTP Request completed	{"method": "POST", "path": "/api/v1/login", "ip": "[::1]:58605", "status": 200, "duration": 0.5398694}
2026-03-11T16:36:24.456+0800	[34mINFO[0m	http/server.go:2286	HTTP Request completed	{"method": "POST", "path": "/api/v1/student", "ip": "[::1]:58605", "status": 201, "duration": 0.0100669}
2026-03-11T16:38:01.317+0800	[34mINFO[0m	http/server.go:2286	HTTP Request completed	{"method": "POST", "path": "/api/v1/login", "ip": "[::1]:54549", "status": 400, "duration": 0.0005682}
2026-03-11T16:38:20.715+0800	[34mINFO[0m	http/server.go:2286	HTTP Request completed	{"method": "POST", "path": "/api/v1/login", "ip": "[::1]:54549", "status": 200, "duration": 0.1860894}
2026-03-11T16:38:54.858+0800	[34mINFO[0m	http/server.go:2286	HTTP Request completed	{"method": "POST", "path": "/api/v1/student", "ip": "[::1]:54549", "status": 201, "duration": 0.0094158}
2026-03-11T16:39:46.046+0800	[34mINFO[0m	http/server.go:2286	HTTP Request completed	{"method": "POST", "path": "/api/v1/login", "ip": "[::1]:54549", "status": 200, "duration": 0.052139}
2026-03-11T16:49:14.530+0800	[31mERROR[0m	http/server.go:2286	Failed to remove the data old from db!	{"request_id": "56fc2940-f543-49b9-b00e-6bb667942d73", "client_ip": "[::1]:57703"}
2026-03-11T16:49:14.532+0800	[34mINFO[0m	http/server.go:2286	HTTP Request completed	{"method": "PATCH", "path": "/api/v1/student/2d29dc99-b93a-4159-95ec-f7be408db313", "ip": "[::1]:57703", "status": 400, "duration": 0.2410237}
2026-03-11T16:49:30.150+0800	[34mINFO[0m	runtime/proc.go:290	Shutting down server...
2026-03-11T16:49:30.156+0800	[31mERROR[0m	runtime/asm_amd64.s:1771	Server error	{"error": "http: Server closed"}
2026-03-11T16:49:30.157+0800	[34mINFO[0m	runtime/proc.go:290	Server exited properly
2026-03-11T16:49:30.157+0800	[34mINFO[0m	cmd/main.go:108	Closing database connection...
2026-03-11T16:53:48.142+0800	[34mINFO[0m	runtime/proc.go:290	Starting application...
2026-03-11T16:53:48.190+0800	[34mINFO[0m	runtime/proc.go:290	Connecting to PostgreSQL database...
2026-03-11T16:53:48.513+0800	[34mINFO[0m	runtime/proc.go:290	Database connected successfully	{"database": "School-manajement"}
2026-03-11T16:53:48.514+0800	[34mINFO[0m	runtime/asm_amd64.s:1771	Starting server	{"port": ":8080"}
2026-03-11T16:54:02.136+0800	[31mERROR[0m	http/server.go:2286	Failed to update and execute the query!	{"request_id": "8e7fc0a0-7ecc-423c-9005-c81792551cd9", "client_ip": "[::1]:49673"}
2026-03-11T16:54:02.137+0800	[34mINFO[0m	http/server.go:2286	HTTP Request completed	{"method": "PATCH", "path": "/api/v1/student/c99ad6c6-f9ef-49e7-9f02-0453f20d337e", "ip": "[::1]:49673", "status": 400, "duration": 0.0153072}
2026-03-11T16:55:04.078+0800	[34mINFO[0m	runtime/proc.go:290	Shutting down server...
2026-03-11T16:55:04.079+0800	[31mERROR[0m	runtime/asm_amd64.s:1771	Server error	{"error": "http: Server closed"}
2026-03-11T16:55:04.079+0800	[34mINFO[0m	runtime/proc.go:290	Server exited properly
2026-03-11T16:55:04.079+0800	[34mINFO[0m	cmd/main.go:108	Closing database connection...
2026-03-11T16:55:21.239+0800	[34mINFO[0m	runtime/proc.go:290	Starting application...
2026-03-11T16:55:21.276+0800	[34mINFO[0m	runtime/proc.go:290	Connecting to PostgreSQL database...
2026-03-11T16:55:21.518+0800	[34mINFO[0m	runtime/proc.go:290	Database connected successfully	{"database": "School-manajement"}
2026-03-11T16:55:21.519+0800	[34mINFO[0m	runtime/asm_amd64.s:1771	Starting server	{"port": ":8080"}
2026-03-11T16:55:30.194+0800	[31mERROR[0m	http/server.go:2286	Failed to update and execute the query!	{"request_id": "60329e9a-ac76-4763-8e90-cb8a53e2b391", "client_ip": "[::1]:60373"}
2026-03-11T16:55:30.199+0800	[34mINFO[0m	http/server.go:2286	HTTP Request completed	{"method": "PATCH", "path": "/api/v1/student/c99ad6c6-f9ef-49e7-9f02-0453f20d337e", "ip": "[::1]:60373", "status": 400, "duration": 0.0357992}
2026-03-11T16:56:02.768+0800	[34mINFO[0m	runtime/proc.go:290	Shutting down server...
2026-03-11T16:56:02.769+0800	[31mERROR[0m	runtime/asm_amd64.s:1771	Server error	{"error": "http: Server closed"}
2026-03-11T16:56:02.770+0800	[34mINFO[0m	runtime/proc.go:290	Server exited properly
2026-03-11T16:56:02.770+0800	[34mINFO[0m	cmd/main.go:108	Closing database connection...
2026-03-11T16:56:17.816+0800	[34mINFO[0m	runtime/proc.go:290	Starting application...
2026-03-11T16:56:17.850+0800	[34mINFO[0m	runtime/proc.go:290	Connecting to PostgreSQL database...
2026-03-11T16:56:18.080+0800	[34mINFO[0m	runtime/proc.go:290	Database connected successfully	{"database": "School-manajement"}
2026-03-11T16:56:18.081+0800	[34mINFO[0m	runtime/asm_amd64.s:1771	Starting server	{"port": ":8080"}
2026-03-11T16:56:26.082+0800	[31mERROR[0m	http/server.go:2286	Failed to update and execute the query!	{"request_id": "2eecc89e-feb9-402e-ad77-9bafa2a5163a", "client_ip": "[::1]:53283"}
2026-03-11T16:56:26.083+0800	[34mINFO[0m	http/server.go:2286	HTTP Request completed	{"method": "PATCH", "path": "/api/v1/student/c99ad6c6-f9ef-49e7-9f02-0453f20d337e", "ip": "[::1]:53283", "status": 400, "duration": 0.0113567}
2026-03-11T16:58:29.175+0800	[34mINFO[0m	runtime/proc.go:290	Shutting down server...
2026-03-11T16:58:29.176+0800	[31mERROR[0m	runtime/asm_amd64.s:1771	Server error	{"error": "http: Server closed"}
2026-03-11T16:58:29.176+0800	[34mINFO[0m	runtime/proc.go:290	Server exited properly
2026-03-11T16:58:29.177+0800	[34mINFO[0m	cmd/main.go:108	Closing database connection...
2026-03-11T16:59:09.459+0800	[34mINFO[0m	runtime/proc.go:290	Starting application...
2026-03-11T16:59:09.508+0800	[34mINFO[0m	runtime/proc.go:290	Connecting to PostgreSQL database...
2026-03-11T16:59:09.747+0800	[34mINFO[0m	runtime/proc.go:290	Database connected successfully	{"database": "School-manajement"}
2026-03-11T16:59:09.747+0800	[34mINFO[0m	runtime/asm_amd64.s:1771	Starting server	{"port": ":8080"}
2026-03-11T16:59:18.405+0800	[31mERROR[0m	http/server.go:2286	Failed to update and execute the query!	{"request_id": "734db897-090e-44a6-b7a8-6d0cc37f79fd", "client_ip": "[::1]:61878"}
2026-03-11T16:59:18.406+0800	[34mINFO[0m	http/server.go:2286	HTTP Request completed	{"method": "PATCH", "path": "/api/v1/student/c99ad6c6-f9ef-49e7-9f02-0453f20d337e", "ip": "[::1]:61878", "status": 400, "duration": 0.017719}
2026-03-11T17:01:46.573+0800	[34mINFO[0m	runtime/proc.go:290	Shutting down server...
2026-03-11T17:01:46.574+0800	[31mERROR[0m	runtime/asm_amd64.s:1771	Server error	{"error": "http: Server closed"}
2026-03-11T17:01:46.574+0800	[34mINFO[0m	runtime/proc.go:290	Server exited properly
2026-03-11T17:01:46.574+0800	[34mINFO[0m	cmd/main.go:108	Closing database connection...
2026-03-11T17:02:17.802+0800	[34mINFO[0m	runtime/proc.go:290	Starting application...
2026-03-11T17:02:17.840+0800	[34mINFO[0m	runtime/proc.go:290	Connecting to PostgreSQL database...
2026-03-11T17:02:18.096+0800	[34mINFO[0m	runtime/proc.go:290	Database connected successfully	{"database": "School-manajement"}
2026-03-11T17:02:18.096+0800	[34mINFO[0m	runtime/asm_amd64.s:1771	Starting server	{"port": ":8080"}
2026-03-11T17:02:26.418+0800	[31mERROR[0m	http/server.go:2286	Failed to update and execute the query!	{"request_id": "ad550cde-2cab-48bc-868f-45a0dcb5e5a8", "client_ip": "[::1]:59561"}
2026-03-11T17:02:26.419+0800	[34mINFO[0m	http/server.go:2286	HTTP Request completed	{"method": "PATCH", "path": "/api/v1/student/c99ad6c6-f9ef-49e7-9f02-0453f20d337e", "ip": "[::1]:59561", "status": 400, "duration": 0.0112577}
2026-03-11T17:03:27.470+0800	[34mINFO[0m	runtime/proc.go:290	Shutting down server...
2026-03-11T17:03:27.471+0800	[31mERROR[0m	runtime/asm_amd64.s:1771	Server error	{"error": "http: Server closed"}
2026-03-11T17:03:27.471+0800	[34mINFO[0m	runtime/proc.go:290	Server exited properly
2026-03-11T17:03:27.471+0800	[34mINFO[0m	cmd/main.go:108	Closing database connection...
2026-03-11T17:04:21.302+0800	[34mINFO[0m	runtime/proc.go:290	Starting application...
2026-03-11T17:04:21.337+0800	[34mINFO[0m	runtime/proc.go:290	Connecting to PostgreSQL database...
2026-03-11T17:04:21.588+0800	[34mINFO[0m	runtime/proc.go:290	Database connected successfully	{"database": "School-manajement"}
2026-03-11T17:04:21.589+0800	[34mINFO[0m	runtime/asm_amd64.s:1771	Starting server	{"port": ":8080"}
2026-03-11T17:04:29.613+0800	[31mERROR[0m	http/server.go:2286	Failed to update and execute the query!	{"request_id": "76ec4629-45e3-4cdc-be95-e7d486600ea1", "client_ip": "[::1]:60412"}
2026-03-11T17:04:29.613+0800	[34mINFO[0m	http/server.go:2286	HTTP Request completed	{"method": "PATCH", "path": "/api/v1/student/c99ad6c6-f9ef-49e7-9f02-0453f20d337e", "ip": "[::1]:60412", "status": 400, "duration": 0.0124831}
2026-03-11T17:07:41.505+0800	[34mINFO[0m	runtime/proc.go:290	Shutting down server...
2026-03-11T17:07:41.506+0800	[31mERROR[0m	runtime/asm_amd64.s:1771	Server error	{"error": "http: Server closed"}
2026-03-11T17:07:41.506+0800	[34mINFO[0m	runtime/proc.go:290	Server exited properly
2026-03-11T17:07:41.506+0800	[34mINFO[0m	cmd/main.go:108	Closing database connection...
2026-03-11T17:07:59.033+0800	[34mINFO[0m	runtime/proc.go:290	Starting application...
2026-03-11T17:07:59.078+0800	[34mINFO[0m	runtime/proc.go:290	Connecting to PostgreSQL database...
2026-03-11T17:07:59.354+0800	[34mINFO[0m	runtime/proc.go:290	Database connected successfully	{"database": "School-manajement"}
2026-03-11T17:07:59.354+0800	[34mINFO[0m	runtime/asm_amd64.s:1771	Starting server	{"port": ":8080"}
2026-03-11T17:08:08.650+0800	[34mINFO[0m	http/server.go:2286	HTTP Request completed	{"method": "PATCH", "path": "/api/v1/student/c99ad6c6-f9ef-49e7-9f02-0453f20d337e", "ip": "[::1]:60525", "status": 200, "duration": 0.0160337}
2026-03-11T17:09:01.781+0800	[34mINFO[0m	runtime/proc.go:290	Shutting down server...
2026-03-11T17:09:01.782+0800	[31mERROR[0m	runtime/asm_amd64.s:1771	Server error	{"error": "http: Server closed"}
2026-03-11T17:09:01.782+0800	[34mINFO[0m	runtime/proc.go:290	Server exited properly
2026-03-11T17:09:01.783+0800	[34mINFO[0m	cmd/main.go:108	Closing database connection...
2026-03-11T17:09:07.424+0800	[34mINFO[0m	runtime/proc.go:290	Starting application...
2026-03-11T17:09:07.464+0800	[34mINFO[0m	runtime/proc.go:290	Connecting to PostgreSQL database...
2026-03-11T17:09:07.704+0800	[34mINFO[0m	runtime/proc.go:290	Database connected successfully	{"database": "School-manajement"}
2026-03-11T17:09:07.704+0800	[34mINFO[0m	runtime/asm_amd64.s:1771	Starting server	{"port": ":8080"}
2026-03-11T17:09:13.502+0800	[34mINFO[0m	http/server.go:2286	HTTP Request completed	{"method": "PATCH", "path": "/api/v1/student/c99ad6c6-f9ef-49e7-9f02-0453f20d337e", "ip": "[::1]:60539", "status": 200, "duration": 0.0169159}
2026-03-11T17:09:24.927+0800	[34mINFO[0m	runtime/proc.go:290	Shutting down server...
2026-03-11T17:09:24.927+0800	[31mERROR[0m	runtime/asm_amd64.s:1771	Server error	{"error": "http: Server closed"}
2026-03-11T17:09:24.928+0800	[34mINFO[0m	runtime/proc.go:290	Server exited properly
2026-03-11T17:09:24.928+0800	[34mINFO[0m	cmd/main.go:108	Closing database connection...
2026-03-11T20:01:46.095+0800	[34mINFO[0m	runtime/proc.go:290	Starting application...
2026-03-11T20:01:46.123+0800	[34mINFO[0m	runtime/proc.go:290	Connecting to PostgreSQL database...
2026-03-11T20:01:46.282+0800	[34mINFO[0m	runtime/proc.go:290	Database connected successfully	{"database": "School-manajement"}
2026-03-11T20:01:46.283+0800	[34mINFO[0m	runtime/asm_amd64.s:1771	Starting server	{"port": ":8080"}
2026-03-11T20:01:54.258+0800	[34mINFO[0m	runtime/proc.go:290	Shutting down server...
2026-03-11T20:01:54.259+0800	[31mERROR[0m	runtime/asm_amd64.s:1771	Server error	{"error": "http: Server closed"}
2026-03-11T20:01:54.259+0800	[34mINFO[0m	runtime/proc.go:290	Server exited properly
2026-03-11T20:01:54.260+0800	[34mINFO[0m	cmd/main.go:108	Closing database connection...
2026-03-11T20:28:05.229+0800	[34mINFO[0m	runtime/proc.go:290	Starting application...
2026-03-11T20:28:05.269+0800	[34mINFO[0m	runtime/proc.go:290	Connecting to PostgreSQL database...
2026-03-11T20:28:05.509+0800	[34mINFO[0m	runtime/proc.go:290	Database connected successfully	{"database": "School-manajement"}
2026-03-11T20:28:05.510+0800	[34mINFO[0m	runtime/asm_amd64.s:1771	Starting server	{"port": ":8080"}
2026-03-11T20:30:23.395+0800	[34mINFO[0m	http/server.go:2286	HTTP Request completed	{"method": "POST", "path": "/api/v1/register", "ip": "[::1]:53628", "status": 201, "duration": 0.1900391}
2026-03-11T20:31:09.566+0800	[34mINFO[0m	http/server.go:2286	HTTP Request completed	{"method": "POST", "path": "/api/v1/login", "ip": "[::1]:53628", "status": 200, "duration": 0.1801989}
2026-03-11T20:32:26.461+0800	[31mERROR[0m	http/server.go:2286	Failed to get all the data of students!	{"request_id": "9ea45ef9-5be5-465a-b08d-361c39094cb6", "client_ip": "[::1]:63730"}
2026-03-11T20:32:26.462+0800	[34mINFO[0m	http/server.go:2286	HTTP Request completed	{"method": "GET", "path": "/api/v1/students", "ip": "[::1]:63730", "status": 400, "duration": 0.0024793}
2026-03-11T20:33:01.938+0800	[34mINFO[0m	runtime/proc.go:290	Shutting down server...
2026-03-11T20:33:01.939+0800	[31mERROR[0m	runtime/asm_amd64.s:1771	Server error	{"error": "http: Server closed"}
2026-03-11T20:33:01.939+0800	[34mINFO[0m	runtime/proc.go:290	Server exited properly
2026-03-11T20:33:01.939+0800	[34mINFO[0m	cmd/main.go:108	Closing database connection...
2026-03-11T20:33:15.152+0800	[34mINFO[0m	runtime/proc.go:290	Starting application...
2026-03-11T20:33:15.183+0800	[34mINFO[0m	runtime/proc.go:290	Connecting to PostgreSQL database...
2026-03-11T20:33:15.389+0800	[34mINFO[0m	runtime/proc.go:290	Database connected successfully	{"database": "School-manajement"}
2026-03-11T20:33:15.389+0800	[34mINFO[0m	runtime/asm_amd64.s:1771	Starting server	{"port": ":8080"}
2026-03-11T20:33:35.195+0800	[31mERROR[0m	http/server.go:2286	Failed to get all the data of students!	{"request_id": "123c229c-e9ca-45eb-bcbd-053013cc4678", "client_ip": "[::1]:56760"}
2026-03-11T20:33:35.195+0800	[34mINFO[0m	http/server.go:2286	HTTP Request completed	{"method": "GET", "path": "/api/v1/students", "ip": "[::1]:56760", "status": 400, "duration": 0.0019843}
2026-03-11T20:42:15.461+0800	[34mINFO[0m	runtime/proc.go:290	Shutting down server...
2026-03-11T20:42:15.462+0800	[31mERROR[0m	runtime/asm_amd64.s:1771	Server error	{"error": "http: Server closed"}
2026-03-11T20:42:15.462+0800	[34mINFO[0m	runtime/proc.go:290	Server exited properly
2026-03-11T20:42:15.463+0800	[34mINFO[0m	cmd/main.go:108	Closing database connection...
2026-03-11T20:42:40.046+0800	[34mINFO[0m	runtime/proc.go:290	Starting application...
2026-03-11T20:42:40.081+0800	[34mINFO[0m	runtime/proc.go:290	Connecting to PostgreSQL database...
2026-03-11T20:42:40.291+0800	[34mINFO[0m	runtime/proc.go:290	Database connected successfully	{"database": "School-manajement"}
2026-03-11T20:42:40.291+0800	[34mINFO[0m	runtime/asm_amd64.s:1771	Starting server	{"port": ":8080"}
2026-03-11T20:42:54.557+0800	[31mERROR[0m	http/server.go:2286	Failed to get all the data of students!	{"request_id": "4f29d0e5-47cb-4678-a96f-0aa1bce162ad", "client_ip": "[::1]:62359"}
2026-03-11T20:42:54.558+0800	[34mINFO[0m	http/server.go:2286	HTTP Request completed	{"method": "GET", "path": "/api/v1/students", "ip": "[::1]:62359", "status": 400, "duration": 0.0041001}
2026-03-11T20:44:22.284+0800	[34mINFO[0m	runtime/proc.go:290	Shutting down server...
2026-03-11T20:44:22.285+0800	[31mERROR[0m	runtime/asm_amd64.s:1771	Server error	{"error": "http: Server closed"}
2026-03-11T20:44:22.285+0800	[34mINFO[0m	runtime/proc.go:290	Server exited properly
2026-03-11T20:44:22.285+0800	[34mINFO[0m	cmd/main.go:108	Closing database connection...
2026-03-11T20:44:34.122+0800	[34mINFO[0m	runtime/proc.go:290	Starting application...
2026-03-11T20:44:34.162+0800	[34mINFO[0m	runtime/proc.go:290	Connecting to PostgreSQL database...
2026-03-11T20:44:34.377+0800	[34mINFO[0m	runtime/proc.go:290	Database connected successfully	{"database": "School-manajement"}
2026-03-11T20:44:34.377+0800	[34mINFO[0m	runtime/asm_amd64.s:1771	Starting server	{"port": ":8080"}
2026-03-11T20:44:52.685+0800	[31mERROR[0m	http/server.go:2286	Failed to get all the data of students!	{"request_id": "efec2687-0b79-48df-b6e0-1c9805d2082f", "client_ip": "[::1]:59901"}
2026-03-11T20:44:52.685+0800	[34mINFO[0m	http/server.go:2286	HTTP Request completed	{"method": "GET", "path": "/api/v1/students", "ip": "[::1]:59901", "status": 400, "duration": 0.0063883}
2026-03-11T20:45:06.337+0800	[34mINFO[0m	runtime/proc.go:290	Shutting down server...
2026-03-11T20:45:06.338+0800	[31mERROR[0m	runtime/asm_amd64.s:1771	Server error	{"error": "http: Server closed"}
2026-03-11T20:45:06.338+0800	[34mINFO[0m	runtime/proc.go:290	Server exited properly
2026-03-11T20:45:06.339+0800	[34mINFO[0m	cmd/main.go:108	Closing database connection...
2026-03-11T20:45:18.629+0800	[34mINFO[0m	runtime/proc.go:290	Starting application...
2026-03-11T20:45:18.665+0800	[34mINFO[0m	runtime/proc.go:290	Connecting to PostgreSQL database...
2026-03-11T20:45:18.897+0800	[34mINFO[0m	runtime/proc.go:290	Database connected successfully	{"database": "School-manajement"}
2026-03-11T20:45:18.897+0800	[34mINFO[0m	runtime/asm_amd64.s:1771	Starting server	{"port": ":8080"}
2026-03-11T20:45:27.555+0800	[31mERROR[0m	http/server.go:2286	Failed to get all the data of students!	{"request_id": "460e53c2-2840-46e5-9e9e-b9c933be8ffe", "client_ip": "[::1]:59911"}
2026-03-11T20:45:27.555+0800	[34mINFO[0m	http/server.go:2286	HTTP Request completed	{"method": "GET", "path": "/api/v1/students", "ip": "[::1]:59911", "status": 400, "duration": 0.0029093}
2026-03-11T20:45:50.074+0800	[34mINFO[0m	runtime/proc.go:290	Shutting down server...
2026-03-11T20:45:50.075+0800	[31mERROR[0m	runtime/asm_amd64.s:1771	Server error	{"error": "http: Server closed"}
2026-03-11T20:45:50.076+0800	[34mINFO[0m	runtime/proc.go:290	Server exited properly
2026-03-11T20:45:50.076+0800	[34mINFO[0m	cmd/main.go:108	Closing database connection...
2026-03-11T20:46:18.314+0800	[34mINFO[0m	runtime/proc.go:290	Starting application...
2026-03-11T20:46:18.354+0800	[34mINFO[0m	runtime/proc.go:290	Connecting to PostgreSQL database...
2026-03-11T20:46:18.666+0800	[34mINFO[0m	runtime/proc.go:290	Database connected successfully	{"database": "School-manajement"}
2026-03-11T20:46:18.666+0800	[34mINFO[0m	runtime/asm_amd64.s:1771	Starting server	{"port": ":8080"}
2026-03-11T20:46:26.307+0800	[31mERROR[0m	http/server.go:2286	Failed to get all the data of students!	{"request_id": "dfbdfcc1-dca9-4b35-8f16-3e6da408b19e", "client_ip": "[::1]:61158"}
2026-03-11T20:46:26.308+0800	[34mINFO[0m	http/server.go:2286	HTTP Request completed	{"method": "GET", "path": "/api/v1/students", "ip": "[::1]:61158", "status": 400, "duration": 0.0034536}
2026-03-11T20:47:03.669+0800	[34mINFO[0m	runtime/proc.go:290	Shutting down server...
2026-03-11T20:47:03.670+0800	[31mERROR[0m	runtime/asm_amd64.s:1771	Server error	{"error": "http: Server closed"}
2026-03-11T20:47:03.671+0800	[34mINFO[0m	runtime/proc.go:290	Server exited properly
2026-03-11T20:47:03.671+0800	[34mINFO[0m	cmd/main.go:108	Closing database connection...
2026-03-11T20:48:36.126+0800	[34mINFO[0m	runtime/proc.go:290	Starting application...
2026-03-11T20:48:36.157+0800	[34mINFO[0m	runtime/proc.go:290	Connecting to PostgreSQL database...
2026-03-11T20:48:36.400+0800	[34mINFO[0m	runtime/proc.go:290	Database connected successfully	{"database": "School-manajement"}
2026-03-11T20:48:36.401+0800	[34mINFO[0m	runtime/asm_amd64.s:1771	Starting server	{"port": ":8080"}
2026-03-11T20:48:49.963+0800	[31mERROR[0m	http/server.go:2286	Failed to get all the data of students!	{"request_id": "dcdabe0c-54fd-4c9f-b232-80a062275bf0", "client_ip": "[::1]:59945"}
2026-03-11T20:48:49.964+0800	[34mINFO[0m	http/server.go:2286	HTTP Request completed	{"method": "GET", "path": "/api/v1/students", "ip": "[::1]:59945", "status": 400, "duration": 0.0050445}
2026-03-11T20:49:33.936+0800	[34mINFO[0m	runtime/proc.go:290	Shutting down server...
2026-03-11T20:49:33.937+0800	[31mERROR[0m	runtime/asm_amd64.s:1771	Server error	{"error": "http: Server closed"}
2026-03-11T20:49:33.937+0800	[34mINFO[0m	runtime/proc.go:290	Server exited properly
2026-03-11T20:49:33.938+0800	[34mINFO[0m	cmd/main.go:108	Closing database connection...
2026-03-11T20:50:08.807+0800	[34mINFO[0m	runtime/proc.go:290	Starting application...
2026-03-11T20:50:08.840+0800	[34mINFO[0m	runtime/proc.go:290	Connecting to PostgreSQL database...
2026-03-11T20:50:09.054+0800	[34mINFO[0m	runtime/proc.go:290	Database connected successfully	{"database": "School-manajement"}
2026-03-11T20:50:09.054+0800	[34mINFO[0m	runtime/asm_amd64.s:1771	Starting server	{"port": ":8080"}
2026-03-11T20:50:25.839+0800	[31mERROR[0m	http/server.go:2286	Failed to get all the data of students!	{"request_id": "394ba205-f5c8-4bed-a163-60da3c4b519b", "client_ip": "[::1]:59968"}
2026-03-11T20:50:25.840+0800	[34mINFO[0m	http/server.go:2286	HTTP Request completed	{"method": "GET", "path": "/api/v1/students", "ip": "[::1]:59968", "status": 400, "duration": 0.0042652}
2026-03-11T20:51:24.893+0800	[34mINFO[0m	runtime/proc.go:290	Shutting down server...
2026-03-11T20:51:24.895+0800	[31mERROR[0m	runtime/asm_amd64.s:1771	Server error	{"error": "http: Server closed"}
2026-03-11T20:51:24.895+0800	[34mINFO[0m	runtime/proc.go:290	Server exited properly
2026-03-11T20:51:24.897+0800	[34mINFO[0m	cmd/main.go:108	Closing database connection...
2026-03-11T20:51:58.821+0800	[34mINFO[0m	runtime/proc.go:290	Starting application...
2026-03-11T20:51:58.858+0800	[34mINFO[0m	runtime/proc.go:290	Connecting to PostgreSQL database...
2026-03-11T20:51:59.065+0800	[34mINFO[0m	runtime/proc.go:290	Database connected successfully	{"database": "School-manajement"}
2026-03-11T20:51:59.065+0800	[34mINFO[0m	runtime/asm_amd64.s:1771	Starting server	{"port": ":8080"}
2026-03-11T20:52:09.833+0800	[31mERROR[0m	http/server.go:2286	Failed to get all the data of students!	{"request_id": "31396d90-98e5-4914-b564-4a09764d89f0", "client_ip": "[::1]:57756"}
2026-03-11T20:52:09.834+0800	[34mINFO[0m	http/server.go:2286	HTTP Request completed	{"method": "GET", "path": "/api/v1/students", "ip": "[::1]:57756", "status": 400, "duration": 0.0065436}
2026-03-11T20:53:03.528+0800	[34mINFO[0m	runtime/proc.go:290	Shutting down server...
2026-03-11T20:53:03.528+0800	[31mERROR[0m	runtime/asm_amd64.s:1771	Server error	{"error": "http: Server closed"}
2026-03-11T20:53:03.529+0800	[34mINFO[0m	runtime/proc.go:290	Server exited properly
2026-03-11T20:53:03.529+0800	[34mINFO[0m	cmd/main.go:108	Closing database connection...
2026-03-11T20:53:23.529+0800	[34mINFO[0m	runtime/proc.go:290	Starting application...
2026-03-11T20:53:23.565+0800	[34mINFO[0m	runtime/proc.go:290	Connecting to PostgreSQL database...
2026-03-11T20:53:23.774+0800	[34mINFO[0m	runtime/proc.go:290	Database connected successfully	{"database": "School-manajement"}
2026-03-11T20:53:23.774+0800	[34mINFO[0m	runtime/asm_amd64.s:1771	Starting server	{"port": ":8080"}
2026-03-11T20:53:32.765+0800	[31mERROR[0m	http/server.go:2286	Failed to get all the data of students!	{"request_id": "a06423be-a242-480e-8c88-7727764990f2", "client_ip": "[::1]:65059"}
2026-03-11T20:53:32.766+0800	[34mINFO[0m	http/server.go:2286	HTTP Request completed	{"method": "GET", "path": "/api/v1/students", "ip": "[::1]:65059", "status": 400, "duration": 0.004347}
2026-03-11T20:54:15.278+0800	[34mINFO[0m	runtime/proc.go:290	Shutting down server...
2026-03-11T20:54:15.278+0800	[31mERROR[0m	runtime/asm_amd64.s:1771	Server error	{"error": "http: Server closed"}
2026-03-11T20:54:15.278+0800	[34mINFO[0m	runtime/proc.go:290	Server exited properly
2026-03-11T20:54:15.279+0800	[34mINFO[0m	cmd/main.go:108	Closing database connection...
2026-03-11T20:54:31.204+0800	[34mINFO[0m	runtime/proc.go:290	Starting application...
2026-03-11T20:54:31.241+0800	[34mINFO[0m	runtime/proc.go:290	Connecting to PostgreSQL database...
2026-03-11T20:54:31.445+0800	[34mINFO[0m	runtime/proc.go:290	Database connected successfully	{"database": "School-manajement"}
2026-03-11T20:54:31.446+0800	[34mINFO[0m	runtime/asm_amd64.s:1771	Starting server	{"port": ":8080"}
2026-03-11T20:54:43.002+0800	[31mERROR[0m	http/server.go:2286	Failed to get all the data of students!	{"request_id": "8392dd23-5f52-443f-a966-98d7621502e6", "client_ip": "[::1]:65067"}
2026-03-11T20:54:43.002+0800	[34mINFO[0m	http/server.go:2286	HTTP Request completed	{"method": "GET", "path": "/api/v1/students", "ip": "[::1]:65067", "status": 400, "duration": 0.0025496}
2026-03-11T20:55:08.233+0800	[34mINFO[0m	runtime/proc.go:290	Shutting down server...
2026-03-11T20:55:08.233+0800	[31mERROR[0m	runtime/asm_amd64.s:1771	Server error	{"error": "http: Server closed"}
2026-03-11T20:55:08.234+0800	[34mINFO[0m	runtime/proc.go:290	Server exited properly
2026-03-11T20:55:08.235+0800	[34mINFO[0m	cmd/main.go:108	Closing database connection...
2026-03-11T20:56:14.760+0800	[34mINFO[0m	runtime/proc.go:290	Starting application...
2026-03-11T20:56:14.802+0800	[34mINFO[0m	runtime/proc.go:290	Connecting to PostgreSQL database...
2026-03-11T20:56:15.013+0800	[34mINFO[0m	runtime/proc.go:290	Database connected successfully	{"database": "School-manajement"}
2026-03-11T20:56:15.013+0800	[34mINFO[0m	runtime/asm_amd64.s:1771	Starting server	{"port": ":8080"}
2026-03-11T20:56:24.329+0800	[31mERROR[0m	http/server.go:2286	Failed to get all the data of students!	{"request_id": "366d2651-4392-4c35-8d43-d48d3541292f", "client_ip": "[::1]:56826"}
2026-03-11T20:56:24.330+0800	[34mINFO[0m	http/server.go:2286	HTTP Request completed	{"method": "GET", "path": "/api/v1/students", "ip": "[::1]:56826", "status": 400, "duration": 0.0052026}
2026-03-11T20:56:29.900+0800	[34mINFO[0m	runtime/proc.go:290	Shutting down server...
2026-03-11T20:56:29.901+0800	[31mERROR[0m	runtime/asm_amd64.s:1771	Server error	{"error": "http: Server closed"}
2026-03-11T20:56:29.902+0800	[34mINFO[0m	runtime/proc.go:290	Server exited properly
2026-03-11T20:56:29.903+0800	[34mINFO[0m	cmd/main.go:108	Closing database connection...
2026-03-11T20:59:26.554+0800	[34mINFO[0m	runtime/proc.go:290	Starting application...
2026-03-11T20:59:26.594+0800	[34mINFO[0m	runtime/proc.go:290	Connecting to PostgreSQL database...
2026-03-11T20:59:26.785+0800	[34mINFO[0m	runtime/proc.go:290	Database connected successfully	{"database": "School-manajement"}
2026-03-11T20:59:26.786+0800	[34mINFO[0m	runtime/asm_amd64.s:1771	Starting server	{"port": ":8080"}
2026-03-11T20:59:35.786+0800	[34mINFO[0m	http/server.go:2286	HTTP Request completed	{"method": "GET", "path": "/api/v1/students", "ip": "[::1]:65068", "status": 200, "duration": 0.0051623}
2026-03-11T21:00:35.723+0800	[34mINFO[0m	runtime/proc.go:290	Shutting down server...
2026-03-11T21:00:35.723+0800	[31mERROR[0m	runtime/asm_amd64.s:1771	Server error	{"error": "http: Server closed"}
2026-03-11T21:00:35.723+0800	[34mINFO[0m	runtime/proc.go:290	Server exited properly
2026-03-11T21:00:35.725+0800	[34mINFO[0m	cmd/main.go:108	Closing database connection...
2026-03-11T21:03:08.222+0800	[34mINFO[0m	runtime/proc.go:290	Starting application...
2026-03-11T21:03:08.256+0800	[34mINFO[0m	runtime/proc.go:290	Connecting to PostgreSQL database...
2026-03-11T21:03:08.453+0800	[34mINFO[0m	runtime/proc.go:290	Database connected successfully	{"database": "School-manajement"}
2026-03-11T21:03:08.454+0800	[34mINFO[0m	runtime/asm_amd64.s:1771	Starting server	{"port": ":8080"}
2026-03-11T21:03:27.408+0800	[34mINFO[0m	http/server.go:2286	HTTP Request completed	{"method": "PATCH", "path": "/api/v1/student/c99ad6c6-f9ef-49e7-9f02-0453f20d337e", "ip": "[::1]:49900", "status": 200, "duration": 0.0418646}
2026-03-11T21:03:32.570+0800	[34mINFO[0m	runtime/proc.go:290	Shutting down server...
2026-03-11T21:03:32.571+0800	[31mERROR[0m	runtime/asm_amd64.s:1771	Server error	{"error": "http: Server closed"}
2026-03-11T21:03:32.571+0800	[34mINFO[0m	runtime/proc.go:290	Server exited properly
2026-03-11T21:03:32.571+0800	[34mINFO[0m	cmd/main.go:108	Closing database connection...
2026-03-11T21:19:12.501+0800	[34mINFO[0m	runtime/proc.go:290	Starting application...
2026-03-11T21:19:12.521+0800	[34mINFO[0m	runtime/proc.go:290	Connecting to PostgreSQL database...
2026-03-11T21:19:12.703+0800	[34mINFO[0m	runtime/proc.go:290	Database connected successfully	{"database": "School-manajement"}
2026-03-11T21:19:12.703+0800	[34mINFO[0m	runtime/asm_amd64.s:1771	Starting server	{"port": ":8080"}
2026-03-11T21:24:07.797+0800	[34mINFO[0m	http/server.go:2286	HTTP Request completed	{"method": "PATCH", "path": "/api/v1/student/ee336a45-011d-4d3d-a553-622da1a25d5c", "ip": "[::1]:65011", "status": 200, "duration": 0.0149308}
2026-03-11T21:24:51.570+0800	[34mINFO[0m	http/server.go:2286	HTTP Request completed	{"method": "POST", "path": "/api/v1/login", "ip": "[::1]:65011", "status": 200, "duration": 0.2031461}
2026-03-11T21:26:45.353+0800	[31mERROR[0m	http/server.go:2286	Failed to parsing the date task file!	{"request_id": "daf00a03-2dec-4560-a0c0-72f8389a6512", "client_ip": "[::1]:63757"}
2026-03-11T21:26:45.353+0800	[34mINFO[0m	http/server.go:2286	HTTP Request completed	{"method": "POST", "path": "/api/v1/task", "ip": "[::1]:63757", "status": 400, "duration": 0.0010549}
2026-03-11T21:27:04.606+0800	[34mINFO[0m	runtime/proc.go:290	Shutting down server...
2026-03-11T21:27:04.607+0800	[31mERROR[0m	runtime/asm_amd64.s:1771	Server error	{"error": "http: Server closed"}
2026-03-11T21:27:04.607+0800	[34mINFO[0m	runtime/proc.go:290	Server exited properly
2026-03-11T21:27:04.608+0800	[34mINFO[0m	cmd/main.go:108	Closing database connection...
2026-03-11T21:29:00.826+0800	[34mINFO[0m	runtime/proc.go:290	Starting application...
2026-03-11T21:29:00.845+0800	[34mINFO[0m	runtime/proc.go:290	Connecting to PostgreSQL database...
2026-03-11T21:29:00.975+0800	[34mINFO[0m	runtime/proc.go:290	Database connected successfully	{"database": "School-manajement"}
2026-03-11T21:29:00.976+0800	[34mINFO[0m	runtime/asm_amd64.s:1771	Starting server	{"port": ":8080"}
2026-03-11T21:29:07.478+0800	[31mERROR[0m	http/server.go:2286	Failed to check the validator for this method!	{"request_id": "a61a1563-e5ac-452e-938e-83c4151ec931", "client_ip": "[::1]:55445"}
2026-03-11T21:29:38.315+0800	[34mINFO[0m	runtime/proc.go:290	Shutting down server...
2026-03-11T21:29:38.315+0800	[31mERROR[0m	runtime/asm_amd64.s:1771	Server error	{"error": "http: Server closed"}
2026-03-11T21:29:38.315+0800	[34mINFO[0m	runtime/proc.go:290	Server exited properly
2026-03-11T21:29:38.316+0800	[34mINFO[0m	cmd/main.go:108	Closing database connection...
2026-03-11T21:29:52.171+0800	[34mINFO[0m	runtime/proc.go:290	Starting application...
2026-03-11T21:29:52.188+0800	[34mINFO[0m	runtime/proc.go:290	Connecting to PostgreSQL database...
2026-03-11T21:29:52.320+0800	[34mINFO[0m	runtime/proc.go:290	Database connected successfully	{"database": "School-manajement"}
2026-03-11T21:29:52.321+0800	[34mINFO[0m	runtime/asm_amd64.s:1771	Starting server	{"port": ":8080"}
2026-03-11T21:30:56.378+0800	[34mINFO[0m	runtime/proc.go:290	Shutting down server...
2026-03-11T21:30:56.379+0800	[31mERROR[0m	runtime/asm_amd64.s:1771	Server error	{"error": "http: Server closed"}
2026-03-11T21:30:56.379+0800	[34mINFO[0m	runtime/proc.go:290	Server exited properly
2026-03-11T21:30:56.380+0800	[34mINFO[0m	cmd/main.go:108	Closing database connection...
2026-03-11T21:31:06.051+0800	[34mINFO[0m	runtime/proc.go:290	Starting application...
2026-03-11T21:31:06.070+0800	[34mINFO[0m	runtime/proc.go:290	Connecting to PostgreSQL database...
2026-03-11T21:31:06.212+0800	[34mINFO[0m	runtime/proc.go:290	Database connected successfully	{"database": "School-manajement"}
2026-03-11T21:31:06.212+0800	[34mINFO[0m	runtime/asm_amd64.s:1771	Starting server	{"port": ":8080"}
2026-03-11T21:34:06.904+0800	[34mINFO[0m	runtime/proc.go:290	Shutting down server...
2026-03-11T21:34:06.904+0800	[31mERROR[0m	runtime/asm_amd64.s:1771	Server error	{"error": "http: Server closed"}
2026-03-11T21:34:06.904+0800	[34mINFO[0m	runtime/proc.go:290	Server exited properly
2026-03-11T21:34:06.905+0800	[34mINFO[0m	cmd/main.go:108	Closing database connection...
2026-03-11T21:34:21.985+0800	[34mINFO[0m	runtime/proc.go:290	Starting application...
2026-03-11T21:34:22.001+0800	[34mINFO[0m	runtime/proc.go:290	Connecting to PostgreSQL database...
2026-03-11T21:34:22.133+0800	[34mINFO[0m	runtime/proc.go:290	Database connected successfully	{"database": "School-manajement"}
2026-03-11T21:34:22.133+0800	[34mINFO[0m	runtime/asm_amd64.s:1771	Starting server	{"port": ":8080"}
2026-03-11T21:35:54.161+0800	[34mINFO[0m	runtime/proc.go:290	Shutting down server...
2026-03-11T21:35:54.161+0800	[31mERROR[0m	runtime/asm_amd64.s:1771	Server error	{"error": "http: Server closed"}
2026-03-11T21:35:54.161+0800	[34mINFO[0m	runtime/proc.go:290	Server exited properly
2026-03-11T21:35:54.161+0800	[34mINFO[0m	cmd/main.go:108	Closing database connection...
2026-03-11T21:36:07.869+0800	[34mINFO[0m	runtime/proc.go:290	Starting application...
2026-03-11T21:36:07.890+0800	[34mINFO[0m	runtime/proc.go:290	Connecting to PostgreSQL database...
2026-03-11T21:36:08.016+0800	[34mINFO[0m	runtime/proc.go:290	Database connected successfully	{"database": "School-manajement"}
2026-03-11T21:36:08.017+0800	[34mINFO[0m	runtime/asm_amd64.s:1771	Starting server	{"port": ":8080"}
2026-03-11T21:36:15.477+0800	[31mERROR[0m	http/server.go:2286	Failed to check the validator for this method!	{"request_id": "e3eba799-868b-4f87-8777-09c8e91b5c02", "client_ip": "[::1]:51958"}
2026-03-11T21:36:15.477+0800	[31mERROR[0m	http/server.go:2286	Failed to create a new task!	{"request_id": "e3eba799-868b-4f87-8777-09c8e91b5c02", "client_ip": "[::1]:51958"}
2026-03-11T21:36:15.478+0800	[34mINFO[0m	http/server.go:2286	HTTP Request completed	{"method": "POST", "path": "/api/v1/task", "ip": "[::1]:51958", "status": 400, "duration": 0.0022786}
2026-03-11T21:36:38.472+0800	[34mINFO[0m	runtime/proc.go:290	Shutting down server...
2026-03-11T21:36:38.472+0800	[31mERROR[0m	runtime/asm_amd64.s:1771	Server error	{"error": "http: Server closed"}
2026-03-11T21:36:38.473+0800	[34mINFO[0m	runtime/proc.go:290	Server exited properly
2026-03-11T21:36:38.473+0800	[34mINFO[0m	cmd/main.go:108	Closing database connection...
2026-03-11T21:36:50.620+0800	[34mINFO[0m	runtime/proc.go:290	Starting application...
2026-03-11T21:36:50.637+0800	[34mINFO[0m	runtime/proc.go:290	Connecting to PostgreSQL database...
2026-03-11T21:36:50.774+0800	[34mINFO[0m	runtime/proc.go:290	Database connected successfully	{"database": "School-manajement"}
2026-03-11T21:36:50.774+0800	[34mINFO[0m	runtime/asm_amd64.s:1771	Starting server	{"port": ":8080"}
2026-03-11T21:37:01.263+0800	[31mERROR[0m	http/server.go:2286	Failed to check the validator for this method!	{"request_id": "ec6a4395-8ca4-4cea-93f9-c122ec7ef665", "client_ip": "[::1]:51772"}
2026-03-11T21:37:01.412+0800	[31mERROR[0m	http/server.go:2286	Failed to create a new task!	{"request_id": "ec6a4395-8ca4-4cea-93f9-c122ec7ef665", "client_ip": "[::1]:51772"}
2026-03-11T21:37:01.412+0800	[34mINFO[0m	http/server.go:2286	HTTP Request completed	{"method": "POST", "path": "/api/v1/task", "ip": "[::1]:51772", "status": 400, "duration": 0.1502336}
2026-03-11T21:38:07.826+0800	[34mINFO[0m	runtime/proc.go:290	Shutting down server...
2026-03-11T21:38:07.826+0800	[31mERROR[0m	runtime/asm_amd64.s:1771	Server error	{"error": "http: Server closed"}
2026-03-11T21:38:07.827+0800	[34mINFO[0m	runtime/proc.go:290	Server exited properly
2026-03-11T21:38:07.827+0800	[34mINFO[0m	cmd/main.go:108	Closing database connection...
2026-03-11T21:39:34.881+0800	[34mINFO[0m	runtime/proc.go:290	Starting application...
2026-03-11T21:39:34.900+0800	[34mINFO[0m	runtime/proc.go:290	Connecting to PostgreSQL database...
2026-03-11T21:39:35.016+0800	[34mINFO[0m	runtime/proc.go:290	Database connected successfully	{"database": "School-manajement"}
2026-03-11T21:39:35.016+0800	[34mINFO[0m	runtime/asm_amd64.s:1771	Starting server	{"port": ":8080"}
2026-03-11T21:39:42.192+0800	[31mERROR[0m	http/server.go:2286	Failed to check the validator for this method!	{"request_id": "39e3ac8a-d105-4db5-8877-f00a9ba1a696", "client_ip": "[::1]:63349"}
2026-03-11T21:39:42.193+0800	[31mERROR[0m	http/server.go:2286	Failed to create a new task!	{"request_id": "39e3ac8a-d105-4db5-8877-f00a9ba1a696", "client_ip": "[::1]:63349"}
2026-03-11T21:39:42.193+0800	[34mINFO[0m	http/server.go:2286	HTTP Request completed	{"method": "POST", "path": "/api/v1/task", "ip": "[::1]:63349", "status": 400, "duration": 0.0021975}
2026-03-11T21:40:06.720+0800	[34mINFO[0m	runtime/proc.go:290	Shutting down server...
2026-03-11T21:40:06.721+0800	[31mERROR[0m	runtime/asm_amd64.s:1771	Server error	{"error": "http: Server closed"}
2026-03-11T21:40:06.721+0800	[34mINFO[0m	runtime/proc.go:290	Server exited properly
2026-03-11T21:40:06.721+0800	[34mINFO[0m	cmd/main.go:108	Closing database connection...
2026-03-11T21:40:17.875+0800	[34mINFO[0m	runtime/proc.go:290	Starting application...
2026-03-11T21:40:17.893+0800	[34mINFO[0m	runtime/proc.go:290	Connecting to PostgreSQL database...
2026-03-11T21:40:18.021+0800	[34mINFO[0m	runtime/proc.go:290	Database connected successfully	{"database": "School-manajement"}
2026-03-11T21:40:18.022+0800	[34mINFO[0m	runtime/asm_amd64.s:1771	Starting server	{"port": ":8080"}
2026-03-11T21:40:47.338+0800	[31mERROR[0m	http/server.go:2286	Failed to check the validator for this method!	{"request_id": "0b49075e-317d-4513-b06f-50a48bee25ea", "client_ip": "[::1]:60330"}
2026-03-11T21:40:47.340+0800	[31mERROR[0m	http/server.go:2286	Failed to create a new task!	{"request_id": "0b49075e-317d-4513-b06f-50a48bee25ea", "client_ip": "[::1]:60330"}
2026-03-11T21:40:47.340+0800	[34mINFO[0m	http/server.go:2286	HTTP Request completed	{"method": "POST", "path": "/api/v1/task", "ip": "[::1]:60330", "status": 400, "duration": 0.0029624}
2026-03-11T21:42:02.312+0800	[34mINFO[0m	runtime/proc.go:290	Shutting down server...
2026-03-11T21:42:02.312+0800	[31mERROR[0m	runtime/asm_amd64.s:1771	Server error	{"error": "http: Server closed"}
2026-03-11T21:42:02.312+0800	[34mINFO[0m	runtime/proc.go:290	Server exited properly
2026-03-11T21:42:02.312+0800	[34mINFO[0m	cmd/main.go:108	Closing database connection...
2026-03-11T21:49:01.816+0800	[34mINFO[0m	runtime/proc.go:290	Starting application...
2026-03-11T21:49:01.833+0800	[34mINFO[0m	runtime/proc.go:290	Connecting to PostgreSQL database...
2026-03-11T21:49:01.954+0800	[34mINFO[0m	runtime/proc.go:290	Database connected successfully	{"database": "School-manajement"}
2026-03-11T21:49:01.954+0800	[34mINFO[0m	runtime/asm_amd64.s:1771	Starting server	{"port": ":8080"}
2026-03-11T21:49:33.921+0800	[31mERROR[0m	http/server.go:2286	Failed to check the validator for this method!	{"request_id": "55cdc7ef-04fb-4ac4-b819-34db1cbafa7c", "client_ip": "[::1]:58695"}
2026-03-11T21:49:33.921+0800	[31mERROR[0m	http/server.go:2286	Failed to create a new task!	{"request_id": "55cdc7ef-04fb-4ac4-b819-34db1cbafa7c", "client_ip": "[::1]:58695"}
2026-03-11T21:49:33.922+0800	[34mINFO[0m	http/server.go:2286	HTTP Request completed	{"method": "POST", "path": "/api/v1/task", "ip": "[::1]:58695", "status": 400, "duration": 0.0022039}
2026-03-11T21:49:48.197+0800	[34mINFO[0m	runtime/proc.go:290	Shutting down server...
2026-03-11T21:49:48.205+0800	[31mERROR[0m	runtime/asm_amd64.s:1771	Server error	{"error": "http: Server closed"}
2026-03-11T21:49:48.205+0800	[34mINFO[0m	runtime/proc.go:290	Server exited properly
2026-03-11T21:49:48.206+0800	[34mINFO[0m	cmd/main.go:108	Closing database connection...
2026-03-11T21:55:19.413+0800	[34mINFO[0m	runtime/proc.go:290	Starting application...
2026-03-11T21:55:19.431+0800	[34mINFO[0m	runtime/proc.go:290	Connecting to PostgreSQL database...
2026-03-11T21:55:19.563+0800	[34mINFO[0m	runtime/proc.go:290	Database connected successfully	{"database": "School-manajement"}
2026-03-11T21:55:19.564+0800	[34mINFO[0m	runtime/asm_amd64.s:1771	Starting server	{"port": ":8080"}
2026-03-11T21:55:25.222+0800	[31mERROR[0m	http/server.go:2286	Failed to check the validator for this method!	{"request_id": "ddd03eac-a4b3-4b64-b5a8-67e510c45d0b", "client_ip": "[::1]:55604"}
2026-03-11T21:55:25.227+0800	[31mERROR[0m	http/server.go:2286	Failed to create a new task!	{"request_id": "ddd03eac-a4b3-4b64-b5a8-67e510c45d0b", "client_ip": "[::1]:55604"}
2026-03-11T21:55:25.227+0800	[34mINFO[0m	http/server.go:2286	HTTP Request completed	{"method": "POST", "path": "/api/v1/task", "ip": "[::1]:55604", "status": 400, "duration": 0.0062033}
2026-03-11T21:57:39.649+0800	[34mINFO[0m	runtime/proc.go:290	Shutting down server...
2026-03-11T21:57:39.650+0800	[31mERROR[0m	runtime/asm_amd64.s:1771	Server error	{"error": "http: Server closed"}
2026-03-11T21:57:39.650+0800	[34mINFO[0m	runtime/proc.go:290	Server exited properly
2026-03-11T21:57:39.650+0800	[34mINFO[0m	cmd/main.go:108	Closing database connection...
2026-03-11T21:57:48.176+0800	[34mINFO[0m	runtime/proc.go:290	Starting application...
2026-03-11T21:57:48.195+0800	[34mINFO[0m	runtime/proc.go:290	Connecting to PostgreSQL database...
2026-03-11T21:57:48.320+0800	[34mINFO[0m	runtime/proc.go:290	Database connected successfully	{"database": "School-manajement"}
2026-03-11T21:57:48.320+0800	[34mINFO[0m	runtime/asm_amd64.s:1771	Starting server	{"port": ":8080"}
2026-03-11T21:58:08.193+0800	[31mERROR[0m	http/server.go:2286	Failed to check the validator for this method!	{"request_id": "1fce152e-5b53-4ed9-836d-313419ad129e", "client_ip": "[::1]:60535"}
2026-03-11T21:58:08.195+0800	[31mERROR[0m	http/server.go:2286	Failed to create a new task!	{"request_id": "1fce152e-5b53-4ed9-836d-313419ad129e", "client_ip": "[::1]:60535"}
2026-03-11T21:58:08.195+0800	[34mINFO[0m	http/server.go:2286	HTTP Request completed	{"method": "POST", "path": "/api/v1/task", "ip": "[::1]:60535", "status": 400, "duration": 0.0043381}
2026-03-11T22:01:37.005+0800	[34mINFO[0m	runtime/proc.go:290	Shutting down server...
2026-03-11T22:01:37.006+0800	[31mERROR[0m	runtime/asm_amd64.s:1771	Server error	{"error": "http: Server closed"}
2026-03-11T22:01:37.006+0800	[34mINFO[0m	runtime/proc.go:290	Server exited properly
2026-03-11T22:01:37.006+0800	[34mINFO[0m	cmd/main.go:108	Closing database connection...
2026-03-11T22:02:39.725+0800	[34mINFO[0m	runtime/proc.go:290	Starting application...
2026-03-11T22:02:39.742+0800	[34mINFO[0m	runtime/proc.go:290	Connecting to PostgreSQL database...
2026-03-11T22:02:39.873+0800	[34mINFO[0m	runtime/proc.go:290	Database connected successfully	{"database": "School-manajement"}
2026-03-11T22:02:39.874+0800	[34mINFO[0m	runtime/asm_amd64.s:1771	Starting server	{"port": ":8080"}
2026-03-11T22:03:01.862+0800	[34mINFO[0m	runtime/proc.go:290	Starting application...
2026-03-11T22:03:01.879+0800	[34mINFO[0m	runtime/proc.go:290	Connecting to PostgreSQL database...
2026-03-11T22:03:02.009+0800	[34mINFO[0m	runtime/proc.go:290	Database connected successfully	{"database": "School-manajement"}
2026-03-11T22:03:02.009+0800	[34mINFO[0m	runtime/asm_amd64.s:1771	Starting server	{"port": ":8080"}
2026-03-11T22:03:02.010+0800	[31mERROR[0m	runtime/asm_amd64.s:1771	Server error	{"error": "listen tcp :8080: bind: Only one usage of each socket address (protocol/network address/port) is normally permitted."}
2026-03-11T22:04:05.727+0800	[34mINFO[0m	runtime/proc.go:290	Shutting down server...
2026-03-11T22:04:05.728+0800	[34mINFO[0m	runtime/proc.go:290	Shutting down server...
2026-03-11T22:04:05.728+0800	[34mINFO[0m	runtime/proc.go:290	Server exited properly
2026-03-11T22:04:05.728+0800	[34mINFO[0m	runtime/proc.go:290	Server exited properly
2026-03-11T22:04:05.728+0800	[34mINFO[0m	cmd/main.go:108	Closing database connection...
2026-03-11T22:04:05.728+0800	[31mERROR[0m	runtime/asm_amd64.s:1771	Server error	{"error": "http: Server closed"}
2026-03-11T22:04:05.729+0800	[34mINFO[0m	cmd/main.go:108	Closing database connection...
2026-03-11T22:04:10.550+0800	[34mINFO[0m	runtime/proc.go:290	Starting application...
2026-03-11T22:04:10.569+0800	[34mINFO[0m	runtime/proc.go:290	Connecting to PostgreSQL database...
2026-03-11T22:04:10.693+0800	[34mINFO[0m	runtime/proc.go:290	Database connected successfully	{"database": "School-manajement"}
2026-03-11T22:04:10.693+0800	[34mINFO[0m	runtime/asm_amd64.s:1771	Starting server	{"port": ":8080"}
2026-03-11T22:04:13.452+0800	[34mINFO[0m	runtime/proc.go:290	Shutting down server...
2026-03-11T22:04:13.453+0800	[31mERROR[0m	runtime/asm_amd64.s:1771	Server error	{"error": "http: Server closed"}
2026-03-11T22:04:13.453+0800	[34mINFO[0m	runtime/proc.go:290	Server exited properly
2026-03-11T22:04:13.453+0800	[34mINFO[0m	cmd/main.go:108	Closing database connection...
2026-03-11T22:04:24.783+0800	[34mINFO[0m	runtime/proc.go:290	Starting application...
2026-03-11T22:04:24.802+0800	[34mINFO[0m	runtime/proc.go:290	Connecting to PostgreSQL database...
2026-03-11T22:04:24.922+0800	[34mINFO[0m	runtime/proc.go:290	Database connected successfully	{"database": "School-manajement"}
2026-03-11T22:04:24.922+0800	[34mINFO[0m	runtime/asm_amd64.s:1771	Starting server	{"port": ":8080"}
2026-03-11T22:04:28.041+0800	[31mERROR[0m	http/server.go:2286	Failed to check the validator for this method!	{"request_id": "4bbc826d-72b6-4156-97ae-e701ce3947a8", "client_ip": "[::1]:65151"}
2026-03-11T22:04:28.044+0800	[31mERROR[0m	http/server.go:2286	Failed to create a new task!	{"request_id": "4bbc826d-72b6-4156-97ae-e701ce3947a8", "client_ip": "[::1]:65151"}
2026-03-11T22:04:28.045+0800	[34mINFO[0m	http/server.go:2286	HTTP Request completed	{"method": "POST", "path": "/api/v1/task", "ip": "[::1]:65151", "status": 400, "duration": 0.0058352}
2026-03-11T22:05:17.832+0800	[31mERROR[0m	http/server.go:2286	Failed to check the validator for this method!	{"request_id": "cf03f26f-c096-4899-bc7d-e41816d34b38", "client_ip": "[::1]:65151"}
2026-03-11T22:05:17.832+0800	[31mERROR[0m	http/server.go:2286	Failed to create a new task!	{"request_id": "cf03f26f-c096-4899-bc7d-e41816d34b38", "client_ip": "[::1]:65151"}
2026-03-11T22:05:17.833+0800	[34mINFO[0m	http/server.go:2286	HTTP Request completed	{"method": "POST", "path": "/api/v1/task", "ip": "[::1]:65151", "status": 400, "duration": 0.0022777}
2026-03-11T22:25:55.207+0800	[31mERROR[0m	http/server.go:2286	Failed to check the validator for this method!	{"request_id": "41cb3212-9bea-45c3-802e-f31ddf028f2c", "client_ip": "[::1]:62424"}
2026-03-11T22:25:55.536+0800	[31mERROR[0m	http/server.go:2286	Failed to create a new task!	{"request_id": "41cb3212-9bea-45c3-802e-f31ddf028f2c", "client_ip": "[::1]:62424"}
2026-03-11T22:25:55.537+0800	[34mINFO[0m	http/server.go:2286	HTTP Request completed	{"method": "POST", "path": "/api/v1/task", "ip": "[::1]:62424", "status": 400, "duration": 0.3382965}
2026-03-11T22:30:22.541+0800	[34mINFO[0m	runtime/proc.go:290	Shutting down server...
2026-03-11T22:30:22.543+0800	[31mERROR[0m	runtime/asm_amd64.s:1771	Server error	{"error": "http: Server closed"}
2026-03-11T22:30:22.545+0800	[34mINFO[0m	runtime/proc.go:290	Server exited properly
2026-03-11T22:30:22.545+0800	[34mINFO[0m	cmd/main.go:108	Closing database connection...
2026-03-12T09:18:21.622+0800	[34mINFO[0m	runtime/proc.go:290	Starting application...
2026-03-12T09:18:21.653+0800	[34mINFO[0m	runtime/proc.go:290	Connecting to PostgreSQL database...
2026-03-12T09:18:21.867+0800	[34mINFO[0m	runtime/proc.go:290	Database connected successfully	{"database": "School-manajement"}
2026-03-12T09:18:21.867+0800	[34mINFO[0m	runtime/asm_amd64.s:1771	Starting server	{"port": ":8080"}
2026-03-12T09:18:36.956+0800	[31mERROR[0m	http/server.go:2286	Failed to check the validator for this method!	{"request_id": "5af36b41-8bbb-42ce-aec1-82e3482af64d", "client_ip": "[::1]:50278"}
2026-03-12T09:28:21.596+0800	[34mINFO[0m	runtime/proc.go:290	Shutting down server...
2026-03-12T09:28:21.597+0800	[31mERROR[0m	runtime/asm_amd64.s:1771	Server error	{"error": "http: Server closed"}
2026-03-12T09:28:21.597+0800	[34mINFO[0m	runtime/proc.go:290	Server exited properly
2026-03-12T09:28:21.598+0800	[34mINFO[0m	cmd/main.go:108	Closing database connection...
2026-03-12T09:28:40.433+0800	[34mINFO[0m	runtime/proc.go:290	Starting application...
2026-03-12T09:28:40.461+0800	[34mINFO[0m	runtime/proc.go:290	Connecting to PostgreSQL database...
2026-03-12T09:28:40.659+0800	[34mINFO[0m	runtime/proc.go:290	Database connected successfully	{"database": "School-manajement"}
2026-03-12T09:28:40.660+0800	[34mINFO[0m	runtime/asm_amd64.s:1771	Starting server	{"port": ":8080"}
2026-03-12T09:28:59.168+0800	[31mERROR[0m	http/server.go:2286	Failed to check the validator for this method!	{"request_id": "2d1af2fa-e2a0-4786-bd82-13ed3aa2659f", "client_ip": "[::1]:57410"}
2026-03-12T09:28:59.168+0800	[34mINFO[0m	http/server.go:2286	HTTP Request completed	{"method": "POST", "path": "/api/v1/task", "ip": "[::1]:57410", "status": 400, "duration": 0.00353}
2026-03-12T09:29:16.033+0800	[34mINFO[0m	runtime/proc.go:290	Shutting down server...
2026-03-12T09:29:16.033+0800	[31mERROR[0m	runtime/asm_amd64.s:1771	Server error	{"error": "http: Server closed"}
2026-03-12T09:29:16.034+0800	[34mINFO[0m	runtime/proc.go:290	Server exited properly
2026-03-12T09:29:16.034+0800	[34mINFO[0m	cmd/main.go:108	Closing database connection...
2026-03-12T09:29:38.959+0800	[34mINFO[0m	runtime/proc.go:290	Starting application...
2026-03-12T09:29:39.010+0800	[34mINFO[0m	runtime/proc.go:290	Connecting to PostgreSQL database...
2026-03-12T09:29:39.234+0800	[34mINFO[0m	runtime/proc.go:290	Database connected successfully	{"database": "School-manajement"}
2026-03-12T09:29:39.235+0800	[34mINFO[0m	runtime/asm_amd64.s:1771	Starting server	{"port": ":8080"}
2026-03-12T09:29:54.632+0800	[31mERROR[0m	http/server.go:2286	Failed to create a new task!	{"request_id": "891be304-7aef-4bb3-807c-cbf26605f077", "client_ip": "[::1]:49758"}
2026-03-12T09:29:54.632+0800	[34mINFO[0m	http/server.go:2286	HTTP Request completed	{"method": "POST", "path": "/api/v1/task", "ip": "[::1]:49758", "status": 400, "duration": 0.0110582}
2026-03-12T09:30:42.844+0800	[34mINFO[0m	runtime/proc.go:290	Shutting down server...
2026-03-12T09:30:42.844+0800	[31mERROR[0m	runtime/asm_amd64.s:1771	Server error	{"error": "http: Server closed"}
2026-03-12T09:30:42.845+0800	[34mINFO[0m	runtime/proc.go:290	Server exited properly
2026-03-12T09:30:42.845+0800	[34mINFO[0m	cmd/main.go:108	Closing database connection...
2026-03-12T09:31:05.814+0800	[34mINFO[0m	runtime/proc.go:290	Starting application...
2026-03-12T09:31:05.848+0800	[34mINFO[0m	runtime/proc.go:290	Connecting to PostgreSQL database...
2026-03-12T09:31:06.041+0800	[34mINFO[0m	runtime/proc.go:290	Database connected successfully	{"database": "School-manajement"}
2026-03-12T09:31:06.042+0800	[34mINFO[0m	runtime/asm_amd64.s:1771	Starting server	{"port": ":8080"}
2026-03-12T09:31:17.351+0800	[31mERROR[0m	http/server.go:2286	Failed to create a new task!	{"request_id": "c95e0a2c-5302-4718-8279-2bffbdf45d81", "client_ip": "[::1]:64776"}
2026-03-12T09:31:17.351+0800	[34mINFO[0m	http/server.go:2286	HTTP Request completed	{"method": "POST", "path": "/api/v1/task", "ip": "[::1]:64776", "status": 400, "duration": 0.0029953}
2026-03-12T09:31:40.963+0800	[34mINFO[0m	runtime/proc.go:290	Shutting down server...
2026-03-12T09:31:40.964+0800	[31mERROR[0m	runtime/asm_amd64.s:1771	Server error	{"error": "http: Server closed"}
2026-03-12T09:31:40.964+0800	[34mINFO[0m	runtime/proc.go:290	Server exited properly
2026-03-12T09:31:40.965+0800	[34mINFO[0m	cmd/main.go:108	Closing database connection...
2026-03-12T09:31:57.767+0800	[34mINFO[0m	runtime/proc.go:290	Starting application...
2026-03-12T09:31:57.844+0800	[34mINFO[0m	runtime/proc.go:290	Connecting to PostgreSQL database...
2026-03-12T09:31:58.143+0800	[34mINFO[0m	runtime/proc.go:290	Database connected successfully	{"database": "School-manajement"}
2026-03-12T09:31:58.144+0800	[34mINFO[0m	runtime/asm_amd64.s:1771	Starting server	{"port": ":8080"}
2026-03-12T09:32:06.314+0800	[34mINFO[0m	http/server.go:2286	HTTP Request completed	{"method": "POST", "path": "/api/v1/task", "ip": "[::1]:64782", "status": 200, "duration": 0.0066539}
2026-03-12T09:32:40.494+0800	[34mINFO[0m	runtime/proc.go:290	Shutting down server...
2026-03-12T09:32:40.494+0800	[31mERROR[0m	runtime/asm_amd64.s:1771	Server error	{"error": "http: Server closed"}
2026-03-12T09:32:40.495+0800	[34mINFO[0m	runtime/proc.go:290	Server exited properly
2026-03-12T09:32:40.495+0800	[34mINFO[0m	cmd/main.go:108	Closing database connection...
2026-03-12T09:49:13.719+0800	[34mINFO[0m	runtime/proc.go:290	Starting application...
2026-03-12T09:49:13.747+0800	[34mINFO[0m	runtime/proc.go:290	Connecting to PostgreSQL database...
2026-03-12T09:49:13.899+0800	[34mINFO[0m	runtime/proc.go:290	Database connected successfully	{"database": "School-manajement"}
2026-03-12T09:49:13.899+0800	[34mINFO[0m	runtime/asm_amd64.s:1771	Starting server	{"port": ":8080"}
2026-03-12T09:50:01.331+0800	[31mERROR[0m	http/server.go:2286	Failed to get tasks data by id!	{"request_id": "45399e51-7925-4e1b-a7f0-34cd21013810", "client_ip": "[::1]:56475"}
2026-03-12T09:50:01.333+0800	[34mINFO[0m	http/server.go:2286	HTTP Request completed	{"method": "POST", "path": "/api/v1/task", "ip": "[::1]:56475", "status": 400, "duration": 0.0146882}
2026-03-12T09:50:55.186+0800	[34mINFO[0m	runtime/proc.go:290	Shutting down server...
2026-03-12T09:50:55.186+0800	[31mERROR[0m	runtime/asm_amd64.s:1771	Server error	{"error": "http: Server closed"}
2026-03-12T09:50:55.187+0800	[34mINFO[0m	runtime/proc.go:290	Server exited properly
2026-03-12T09:50:55.187+0800	[34mINFO[0m	cmd/main.go:108	Closing database connection...
2026-03-12T09:51:09.461+0800	[34mINFO[0m	runtime/proc.go:290	Starting application...
2026-03-12T09:51:09.494+0800	[34mINFO[0m	runtime/proc.go:290	Connecting to PostgreSQL database...
2026-03-12T09:51:09.661+0800	[34mINFO[0m	runtime/proc.go:290	Database connected successfully	{"database": "School-manajement"}
2026-03-12T09:51:09.661+0800	[34mINFO[0m	runtime/asm_amd64.s:1771	Starting server	{"port": ":8080"}
2026-03-12T09:51:18.732+0800	[31mERROR[0m	http/server.go:2286	Failed to get tasks data by id!	{"request_id": "3c47a864-9502-40b8-a712-69d66b31d647", "client_ip": "[::1]:51087"}
2026-03-12T09:51:18.733+0800	[34mINFO[0m	http/server.go:2286	HTTP Request completed	{"method": "POST", "path": "/api/v1/task", "ip": "[::1]:51087", "status": 400, "duration": 0.0052467}
2026-03-12T09:51:35.203+0800	[34mINFO[0m	runtime/proc.go:290	Shutting down server...
2026-03-12T09:51:35.203+0800	[31mERROR[0m	runtime/asm_amd64.s:1771	Server error	{"error": "http: Server closed"}
2026-03-12T09:51:35.204+0800	[34mINFO[0m	runtime/proc.go:290	Server exited properly
2026-03-12T09:51:35.205+0800	[34mINFO[0m	cmd/main.go:108	Closing database connection...
2026-03-12T09:52:09.698+0800	[34mINFO[0m	runtime/proc.go:290	Starting application...
2026-03-12T09:52:09.727+0800	[34mINFO[0m	runtime/proc.go:290	Connecting to PostgreSQL database...
2026-03-12T09:52:09.884+0800	[34mINFO[0m	runtime/proc.go:290	Database connected successfully	{"database": "School-manajement"}
2026-03-12T09:52:09.884+0800	[34mINFO[0m	runtime/asm_amd64.s:1771	Starting server	{"port": ":8080"}
2026-03-12T09:52:47.828+0800	[31mERROR[0m	http/server.go:2286	Failed to get tasks data by id!	{"request_id": "9491e4c3-64de-43b9-8f0c-2ebb8ba0ed96", "client_ip": "[::1]:58309"}
2026-03-12T09:52:47.829+0800	[34mINFO[0m	http/server.go:2286	HTTP Request completed	{"method": "POST", "path": "/api/v1/task", "ip": "[::1]:58309", "status": 400, "duration": 0.0048497}
2026-03-12T09:53:28.801+0800	[34mINFO[0m	runtime/proc.go:290	Shutting down server...
2026-03-12T09:53:28.802+0800	[31mERROR[0m	runtime/asm_amd64.s:1771	Server error	{"error": "http: Server closed"}
2026-03-12T09:53:28.802+0800	[34mINFO[0m	runtime/proc.go:290	Server exited properly
2026-03-12T09:53:28.803+0800	[34mINFO[0m	cmd/main.go:108	Closing database connection...
2026-03-12T09:53:42.212+0800	[34mINFO[0m	runtime/proc.go:290	Starting application...
2026-03-12T09:53:42.239+0800	[34mINFO[0m	runtime/proc.go:290	Connecting to PostgreSQL database...
2026-03-12T09:53:42.523+0800	[34mINFO[0m	runtime/proc.go:290	Database connected successfully	{"database": "School-manajement"}
2026-03-12T09:53:42.524+0800	[34mINFO[0m	runtime/asm_amd64.s:1771	Starting server	{"port": ":8080"}
2026-03-12T09:53:52.265+0800	[34mINFO[0m	http/server.go:2286	HTTP Request completed	{"method": "POST", "path": "/api/v1/task", "ip": "[::1]:49342", "status": 200, "duration": 0.0083254}
2026-03-12T09:54:38.062+0800	[34mINFO[0m	runtime/proc.go:290	Shutting down server...
2026-03-12T09:54:38.062+0800	[31mERROR[0m	runtime/asm_amd64.s:1771	Server error	{"error": "http: Server closed"}
2026-03-12T09:54:38.063+0800	[34mINFO[0m	runtime/proc.go:290	Server exited properly
2026-03-12T09:54:38.063+0800	[34mINFO[0m	cmd/main.go:108	Closing database connection...
2026-03-13T20:57:33.748+0800	[34mINFO[0m	runtime/proc.go:290	Starting application...
2026-03-13T20:57:33.855+0800	[34mINFO[0m	runtime/proc.go:290	Connecting to PostgreSQL database...
2026-03-13T20:57:34.233+0800	[34mINFO[0m	runtime/proc.go:290	Database connected successfully	{"database": "School-manajement"}
2026-03-13T20:57:34.236+0800	[34mINFO[0m	runtime/asm_amd64.s:1771	Starting server	{"port": ":8080"}
2026-03-13T20:58:03.974+0800	[33mWARN[0m	http/server.go:2286	Token validation failed	{"request_id": "24d93e52-9503-42a9-8f34-2e9b1601d864", "client_ip": "[::1]:58128", "error": "token has invalid claims: token is expired"}
2026-03-13T20:58:03.975+0800	[34mINFO[0m	http/server.go:2286	HTTP Request completed	{"method": "POST", "path": "/api/v1/task", "ip": "[::1]:58128", "status": 400, "duration": 0.001182}
2026-03-13T20:58:18.649+0800	[34mINFO[0m	http/server.go:2286	HTTP Request completed	{"method": "POST", "path": "/api/v1/login", "ip": "[::1]:58128", "status": 200, "duration": 0.0941075}
2026-03-13T20:58:32.765+0800	[34mINFO[0m	http/server.go:2286	HTTP Request completed	{"method": "POST", "path": "/api/v1/task", "ip": "[::1]:58128", "status": 200, "duration": 0.0127367}
2026-03-13T20:59:00.210+0800	[34mINFO[0m	runtime/proc.go:290	Shutting down server...
2026-03-13T20:59:00.211+0800	[31mERROR[0m	runtime/asm_amd64.s:1771	Server error	{"error": "http: Server closed"}
2026-03-13T20:59:00.211+0800	[34mINFO[0m	runtime/proc.go:290	Server exited properly
2026-03-13T20:59:00.212+0800	[34mINFO[0m	cmd/main.go:108	Closing database connection...
2026-03-14T19:25:49.353+0800	[34mINFO[0m	runtime/proc.go:290	Starting application...
2026-03-14T19:25:49.374+0800	[34mINFO[0m	runtime/proc.go:290	Connecting to PostgreSQL database...
2026-03-14T19:25:49.419+0800	[34mINFO[0m	runtime/proc.go:290	Database connected successfully	{"database": "School-manajement"}
2026-03-14T19:25:49.419+0800	[34mINFO[0m	runtime/asm_amd64.s:1771	Starting server	{"port": ":8080"}
2026-03-14T19:26:09.101+0800	[34mINFO[0m	http/server.go:2286	HTTP Request completed	{"method": "POST", "path": "/api/v1/login", "ip": "[::1]:55113", "status": 200, "duration": 0.0517388}
2026-03-14T19:36:55.441+0800	[34mINFO[0m	http/server.go:2286	HTTP Request completed	{"method": "POST", "path": "/api/v1/register", "ip": "[::1]:55776", "status": 201, "duration": 0.0954782}
2026-03-14T19:37:51.913+0800	[34mINFO[0m	http/server.go:2286	HTTP Request completed	{"method": "POST", "path": "/api/v1/login", "ip": "[::1]:55776", "status": 200, "duration": 0.0580997}
2026-03-14T19:41:23.384+0800	[34mINFO[0m	http/server.go:2286	HTTP Request completed	{"method": "GET", "path": "/api/v1/task/c0eb608a-4fb2-4d3a-9da2-507031e1e8b4", "ip": "[::1]:65293", "status": 404, "duration": 0}
2026-03-14T19:42:00.598+0800	[34mINFO[0m	http/server.go:2286	HTTP Request completed	{"method": "GET", "path": "/api/v1/task/c0eb608a-4fb2-4d3a-9da2-507031e1e8b4", "ip": "[::1]:65293", "status": 404, "duration": 0}
2026-03-14T19:43:09.230+0800	[34mINFO[0m	runtime/proc.go:290	Shutting down server...
2026-03-14T19:43:09.230+0800	[31mERROR[0m	runtime/asm_amd64.s:1771	Server error	{"error": "http: Server closed"}
2026-03-14T19:43:09.230+0800	[34mINFO[0m	runtime/proc.go:290	Server exited properly
2026-03-14T19:43:09.230+0800	[34mINFO[0m	cmd/main.go:108	Closing database connection...
2026-03-14T19:43:16.157+0800	[34mINFO[0m	runtime/proc.go:290	Starting application...
2026-03-14T19:43:16.179+0800	[34mINFO[0m	runtime/proc.go:290	Connecting to PostgreSQL database...
2026-03-14T19:43:16.225+0800	[34mINFO[0m	runtime/proc.go:290	Database connected successfully	{"database": "School-manajement"}
2026-03-14T19:43:16.225+0800	[34mINFO[0m	runtime/asm_amd64.s:1771	Starting server	{"port": ":8080"}
2026-03-14T19:45:00.466+0800	[34mINFO[0m	runtime/proc.go:290	Shutting down server...
2026-03-14T19:45:00.471+0800	[31mERROR[0m	runtime/asm_amd64.s:1771	Server error	{"error": "http: Server closed"}
2026-03-14T19:45:00.471+0800	[34mINFO[0m	runtime/proc.go:290	Server exited properly
2026-03-14T19:45:00.471+0800	[34mINFO[0m	cmd/main.go:108	Closing database connection...
2026-03-14T19:45:09.054+0800	[34mINFO[0m	runtime/proc.go:290	Starting application...
2026-03-14T19:45:09.076+0800	[34mINFO[0m	runtime/proc.go:290	Connecting to PostgreSQL database...
2026-03-14T19:45:09.125+0800	[34mINFO[0m	runtime/proc.go:290	Database connected successfully	{"database": "School-manajement"}
2026-03-14T19:45:09.125+0800	[34mINFO[0m	runtime/asm_amd64.s:1771	Starting server	{"port": ":8080"}
2026-03-14T19:45:18.573+0800	[34mINFO[0m	http/server.go:2286	HTTP Request completed	{"method": "GET", "path": "/api/v1/task/c0eb608a-4fb2-4d3a-9da2-507031e1e8b4", "ip": "[::1]:54852", "status": 404, "duration": 0.0005944}
2026-03-14T19:47:55.876+0800	[34mINFO[0m	http/server.go:2286	HTTP Request completed	{"method": "GET", "path": "/api/v1/profile", "ip": "[::1]:63183", "status": 200, "duration": 0.003402}
2026-03-14T19:48:20.691+0800	[34mINFO[0m	http/server.go:2286	HTTP Request completed	{"method": "GET", "path": "/api/v1/task/c0eb608a-4fb2-4d3a-9da2-507031e1e8b4", "ip": "[::1]:63183", "status": 404, "duration": 0.0017924}
2026-03-14T19:48:55.379+0800	[34mINFO[0m	runtime/proc.go:290	Shutting down server...
2026-03-14T19:48:55.380+0800	[31mERROR[0m	runtime/asm_amd64.s:1771	Server error	{"error": "http: Server closed"}
2026-03-14T19:48:55.380+0800	[34mINFO[0m	runtime/proc.go:290	Server exited properly
2026-03-14T19:48:55.380+0800	[34mINFO[0m	cmd/main.go:108	Closing database connection...
2026-03-14T19:49:14.965+0800	[34mINFO[0m	runtime/proc.go:290	Starting application...
2026-03-14T19:49:15.012+0800	[34mINFO[0m	runtime/proc.go:290	Connecting to PostgreSQL database...
2026-03-14T19:49:15.070+0800	[34mINFO[0m	runtime/proc.go:290	Database connected successfully	{"database": "School-manajement"}
2026-03-14T19:49:15.070+0800	[34mINFO[0m	runtime/asm_amd64.s:1771	Starting server	{"port": ":8080"}
2026-03-14T19:49:20.703+0800	[31mERROR[0m	http/server.go:2286	Failed to get the task data for this method!	{"request_id": "7a309abc-dfaa-4c9b-9082-753596c5d6a4", "client_ip": "[::1]:56359"}
2026-03-14T19:49:20.703+0800	[34mINFO[0m	http/server.go:2286	HTTP Request completed	{"method": "GET", "path": "/api/v1/task/c0eb608a-4fb2-4d3a-9da2-507031e1e8b4", "ip": "[::1]:56359", "status": 400, "duration": 0.0046371}
2026-03-14T19:49:40.115+0800	[34mINFO[0m	runtime/proc.go:290	Shutting down server...
2026-03-14T19:49:40.115+0800	[31mERROR[0m	runtime/asm_amd64.s:1771	Server error	{"error": "http: Server closed"}
2026-03-14T19:49:40.116+0800	[34mINFO[0m	runtime/proc.go:290	Server exited properly
2026-03-14T19:49:40.116+0800	[34mINFO[0m	cmd/main.go:108	Closing database connection...
2026-03-14T19:49:52.004+0800	[34mINFO[0m	runtime/proc.go:290	Starting application...
2026-03-14T19:49:52.031+0800	[34mINFO[0m	runtime/proc.go:290	Connecting to PostgreSQL database...
2026-03-14T19:49:52.087+0800	[34mINFO[0m	runtime/proc.go:290	Database connected successfully	{"database": "School-manajement"}
2026-03-14T19:49:52.087+0800	[34mINFO[0m	runtime/asm_amd64.s:1771	Starting server	{"port": ":8080"}
2026-03-14T19:49:58.288+0800	[31mERROR[0m	http/server.go:2286	Failed to get the task data for this method!	{"request_id": "60bbf900-c624-42e7-8848-f40bdead8887", "client_ip": "[::1]:56368"}
2026-03-14T19:49:58.298+0800	[34mINFO[0m	http/server.go:2286	HTTP Request completed	{"method": "GET", "path": "/api/v1/task/c0eb608a-4fb2-4d3a-9da2-507031e1e8b4", "ip": "[::1]:56368", "status": 400, "duration": 0.0266023}
2026-03-14T19:50:11.009+0800	[34mINFO[0m	runtime/proc.go:290	Shutting down server...
2026-03-14T19:50:11.009+0800	[31mERROR[0m	runtime/asm_amd64.s:1771	Server error	{"error": "http: Server closed"}
2026-03-14T19:50:11.010+0800	[34mINFO[0m	runtime/proc.go:290	Server exited properly
2026-03-14T19:50:11.010+0800	[34mINFO[0m	cmd/main.go:108	Closing database connection...
2026-03-14T19:50:20.246+0800	[34mINFO[0m	runtime/proc.go:290	Starting application...
2026-03-14T19:50:20.273+0800	[34mINFO[0m	runtime/proc.go:290	Connecting to PostgreSQL database...
2026-03-14T19:50:20.321+0800	[34mINFO[0m	runtime/proc.go:290	Database connected successfully	{"database": "School-manajement"}
2026-03-14T19:50:20.321+0800	[34mINFO[0m	runtime/asm_amd64.s:1771	Starting server	{"port": ":8080"}
2026-03-14T19:50:28.314+0800	[31mERROR[0m	http/server.go:2286	Failed to get the task data for this method!	{"request_id": "11fad058-78f2-4566-9e88-bbb74e0e02ef", "client_ip": "[::1]:56385"}
2026-03-14T19:50:28.314+0800	[34mINFO[0m	http/server.go:2286	HTTP Request completed	{"method": "GET", "path": "/api/v1/task/c0eb608a-4fb2-4d3a-9da2-507031e1e8b4", "ip": "[::1]:56385", "status": 400, "duration": 0.0034808}
2026-03-14T19:54:13.374+0800	[34mINFO[0m	runtime/proc.go:290	Shutting down server...
2026-03-14T19:54:13.374+0800	[31mERROR[0m	runtime/asm_amd64.s:1771	Server error	{"error": "http: Server closed"}
2026-03-14T19:54:13.375+0800	[34mINFO[0m	runtime/proc.go:290	Server exited properly
2026-03-14T19:54:13.375+0800	[34mINFO[0m	cmd/main.go:108	Closing database connection...
2026-03-14T19:54:22.460+0800	[34mINFO[0m	runtime/proc.go:290	Starting application...
2026-03-14T19:54:22.484+0800	[34mINFO[0m	runtime/proc.go:290	Connecting to PostgreSQL database...
2026-03-14T19:54:22.526+0800	[34mINFO[0m	runtime/proc.go:290	Database connected successfully	{"database": "School-manajement"}
2026-03-14T19:54:22.527+0800	[34mINFO[0m	runtime/asm_amd64.s:1771	Starting server	{"port": ":8080"}
2026-03-14T19:54:29.311+0800	[31mERROR[0m	http/server.go:2286	Failed to get the task data for this method!	{"request_id": "80e6a9bd-17db-4097-b696-80a6a99236e6", "client_ip": "[::1]:62757"}
2026-03-14T19:54:29.311+0800	[34mINFO[0m	http/server.go:2286	HTTP Request completed	{"method": "GET", "path": "/api/v1/task/c0eb608a-4fb2-4d3a-9da2-507031e1e8b4", "ip": "[::1]:62757", "status": 400, "duration": 0.0034957}
2026-03-14T19:56:33.266+0800	[34mINFO[0m	runtime/proc.go:290	Shutting down server...
2026-03-14T19:56:33.267+0800	[34mINFO[0m	runtime/proc.go:290	Server exited properly
2026-03-14T19:56:33.267+0800	[31mERROR[0m	runtime/asm_amd64.s:1771	Server error	{"error": "http: Server closed"}
2026-03-14T19:56:33.268+0800	[34mINFO[0m	cmd/main.go:108	Closing database connection...
2026-03-14T19:56:43.171+0800	[34mINFO[0m	runtime/proc.go:290	Starting application...
2026-03-14T19:56:43.191+0800	[34mINFO[0m	runtime/proc.go:290	Connecting to PostgreSQL database...
2026-03-14T19:56:43.232+0800	[34mINFO[0m	runtime/proc.go:290	Database connected successfully	{"database": "School-manajement"}
2026-03-14T19:56:43.232+0800	[34mINFO[0m	runtime/asm_amd64.s:1771	Starting server	{"port": ":8080"}
2026-03-14T19:56:49.128+0800	[31mERROR[0m	http/server.go:2286	Failed to get the task data for this method!	{"request_id": "1271315a-5cd1-4833-82a5-35c688e4fd85", "client_ip": "[::1]:54939"}
2026-03-14T19:56:49.128+0800	[34mINFO[0m	http/server.go:2286	HTTP Request completed	{"method": "GET", "path": "/api/v1/task/c0eb608a-4fb2-4d3a-9da2-507031e1e8b4", "ip": "[::1]:54939", "status": 400, "duration": 0.0035424}
2026-03-14T20:07:20.105+0800	[34mINFO[0m	runtime/proc.go:290	Shutting down server...
2026-03-14T20:07:20.106+0800	[31mERROR[0m	runtime/asm_amd64.s:1771	Server error	{"error": "http: Server closed"}
2026-03-14T20:07:20.106+0800	[34mINFO[0m	runtime/proc.go:290	Server exited properly
2026-03-14T20:07:20.106+0800	[34mINFO[0m	cmd/main.go:108	Closing database connection...
2026-03-14T20:07:33.276+0800	[34mINFO[0m	runtime/proc.go:290	Starting application...
2026-03-14T20:07:33.292+0800	[34mINFO[0m	runtime/proc.go:290	Connecting to PostgreSQL database...
2026-03-14T20:07:33.336+0800	[34mINFO[0m	runtime/proc.go:290	Database connected successfully	{"database": "School-manajement"}
2026-03-14T20:07:33.336+0800	[34mINFO[0m	runtime/asm_amd64.s:1771	Starting server	{"port": ":8080"}
2026-03-14T20:07:37.885+0800	[31mERROR[0m	http/server.go:2286	Failed to get the task data for this method!	{"request_id": "6768adb8-6181-4998-b89d-2a39f6b5c81e", "client_ip": "[::1]:56861"}
2026-03-14T20:07:37.885+0800	[34mINFO[0m	http/server.go:2286	HTTP Request completed	{"method": "GET", "path": "/api/v1/task/c0eb608a-4fb2-4d3a-9da2-507031e1e8b4", "ip": "[::1]:56861", "status": 400, "duration": 0.0039991}
2026-03-14T20:07:40.845+0800	[31mERROR[0m	http/server.go:2286	Failed to get the task data for this method!	{"request_id": "878007f8-6ccb-47aa-8fcb-8f96d9e9ec0d", "client_ip": "[::1]:56861"}
2026-03-14T20:07:40.845+0800	[34mINFO[0m	http/server.go:2286	HTTP Request completed	{"method": "GET", "path": "/api/v1/task/c0eb608a-4fb2-4d3a-9da2-507031e1e8b4", "ip": "[::1]:56861", "status": 400, "duration": 0.0014037}
2026-03-14T20:11:07.782+0800	[34mINFO[0m	runtime/proc.go:290	Shutting down server...
2026-03-14T20:11:07.783+0800	[31mERROR[0m	runtime/asm_amd64.s:1771	Server error	{"error": "http: Server closed"}
2026-03-14T20:11:07.783+0800	[34mINFO[0m	runtime/proc.go:290	Server exited properly
2026-03-14T20:11:07.783+0800	[34mINFO[0m	cmd/main.go:108	Closing database connection...
2026-03-14T20:11:16.336+0800	[34mINFO[0m	runtime/proc.go:290	Starting application...
2026-03-14T20:11:16.355+0800	[34mINFO[0m	runtime/proc.go:290	Connecting to PostgreSQL database...
2026-03-14T20:11:16.402+0800	[34mINFO[0m	runtime/proc.go:290	Database connected successfully	{"database": "School-manajement"}
2026-03-14T20:11:16.403+0800	[34mINFO[0m	runtime/asm_amd64.s:1771	Starting server	{"port": ":8080"}
2026-03-14T20:11:23.515+0800	[31mERROR[0m	http/server.go:2286	Failed to get the task data for this method!	{"request_id": "93a98cfa-ccad-4cc3-9878-a67eaddb255c", "client_ip": "[::1]:53258"}
2026-03-14T20:11:23.516+0800	[34mINFO[0m	http/server.go:2286	HTTP Request completed	{"method": "GET", "path": "/api/v1/task/c0eb608a-4fb2-4d3a-9da2-507031e1e8b4", "ip": "[::1]:53258", "status": 400, "duration": 0.0039226}
2026-03-14T20:16:31.653+0800	[34mINFO[0m	runtime/proc.go:290	Shutting down server...
2026-03-14T20:16:31.658+0800	[31mERROR[0m	runtime/asm_amd64.s:1771	Server error	{"error": "http: Server closed"}
2026-03-14T20:16:31.658+0800	[34mINFO[0m	runtime/proc.go:290	Server exited properly
2026-03-14T20:16:31.659+0800	[34mINFO[0m	cmd/main.go:108	Closing database connection...
2026-03-14T20:34:48.396+0800	[34mINFO[0m	runtime/proc.go:290	Starting application...
2026-03-14T20:34:48.415+0800	[34mINFO[0m	runtime/proc.go:290	Connecting to PostgreSQL database...
2026-03-14T20:34:48.455+0800	[34mINFO[0m	runtime/proc.go:290	Database connected successfully	{"database": "School-manajement"}
2026-03-14T20:34:48.455+0800	[34mINFO[0m	runtime/asm_amd64.s:1771	Starting server	{"port": ":8080"}
2026-03-14T20:35:01.832+0800	[34mINFO[0m	runtime/proc.go:290	Starting application...
2026-03-14T20:35:01.851+0800	[34mINFO[0m	runtime/proc.go:290	Connecting to PostgreSQL database...
2026-03-14T20:35:01.895+0800	[34mINFO[0m	runtime/proc.go:290	Database connected successfully	{"database": "School-manajement"}
2026-03-14T20:35:01.896+0800	[34mINFO[0m	runtime/asm_amd64.s:1771	Starting server	{"port": ":8080"}
2026-03-14T20:35:01.896+0800	[31mERROR[0m	runtime/asm_amd64.s:1771	Server error	{"error": "listen tcp :8080: bind: Only one usage of each socket address (protocol/network address/port) is normally permitted."}
2026-03-14T20:35:02.395+0800	[34mINFO[0m	runtime/proc.go:290	Shutting down server...
2026-03-14T20:35:02.395+0800	[34mINFO[0m	runtime/proc.go:290	Shutting down server...
2026-03-14T20:35:02.395+0800	[34mINFO[0m	runtime/proc.go:290	Server exited properly
2026-03-14T20:35:02.395+0800	[31mERROR[0m	runtime/asm_amd64.s:1771	Server error	{"error": "http: Server closed"}
2026-03-14T20:35:02.395+0800	[34mINFO[0m	cmd/main.go:108	Closing database connection...
2026-03-14T20:35:02.395+0800	[34mINFO[0m	runtime/proc.go:290	Server exited properly
2026-03-14T20:35:02.396+0800	[34mINFO[0m	cmd/main.go:108	Closing database connection...
2026-03-14T20:35:13.062+0800	[34mINFO[0m	runtime/proc.go:290	Starting application...
2026-03-14T20:35:13.080+0800	[34mINFO[0m	runtime/proc.go:290	Connecting to PostgreSQL database...
2026-03-14T20:35:13.118+0800	[34mINFO[0m	runtime/proc.go:290	Database connected successfully	{"database": "School-manajement"}
2026-03-14T20:35:13.119+0800	[34mINFO[0m	runtime/asm_amd64.s:1771	Starting server	{"port": ":8080"}
2026-03-14T20:35:17.679+0800	[31mERROR[0m	http/server.go:2286	Failed to get the task data for this method!	{"request_id": "debd5e12-80c4-4beb-9ce3-fb152f1c1bdb", "client_ip": "[::1]:54004"}
2026-03-14T20:35:17.679+0800	[34mINFO[0m	http/server.go:2286	HTTP Request completed	{"method": "GET", "path": "/api/v1/task/c0eb608a-4fb2-4d3a-9da2-507031e1e8b4", "ip": "[::1]:54004", "status": 400, "duration": 0.0034201}
2026-03-14T20:36:26.207+0800	[34mINFO[0m	runtime/proc.go:290	Shutting down server...
2026-03-14T20:36:26.207+0800	[31mERROR[0m	runtime/asm_amd64.s:1771	Server error	{"error": "http: Server closed"}
2026-03-14T20:36:26.207+0800	[34mINFO[0m	runtime/proc.go:290	Server exited properly
2026-03-14T20:36:26.207+0800	[34mINFO[0m	cmd/main.go:108	Closing database connection...
2026-03-14T20:36:58.323+0800	[34mINFO[0m	runtime/proc.go:290	Starting application...
2026-03-14T20:36:58.341+0800	[34mINFO[0m	runtime/proc.go:290	Connecting to PostgreSQL database...
2026-03-14T20:36:58.383+0800	[34mINFO[0m	runtime/proc.go:290	Database connected successfully	{"database": "School-manajement"}
2026-03-14T20:36:58.383+0800	[34mINFO[0m	runtime/asm_amd64.s:1771	Starting server	{"port": ":8080"}
2026-03-14T20:37:05.084+0800	[34mINFO[0m	http/server.go:2286	HTTP Request completed	{"method": "GET", "path": "/api/v1/task/c0eb608a-4fb2-4d3a-9da2-507031e1e8b4", "ip": "[::1]:49356", "status": 200, "duration": 0.0035278}
2026-03-14T20:37:50.520+0800	[34mINFO[0m	runtime/proc.go:290	Shutting down server...
2026-03-14T20:37:50.521+0800	[31mERROR[0m	runtime/asm_amd64.s:1771	Server error	{"error": "http: Server closed"}
2026-03-14T20:37:50.521+0800	[34mINFO[0m	runtime/proc.go:290	Server exited properly
2026-03-14T20:37:50.521+0800	[34mINFO[0m	cmd/main.go:108	Closing database connection...
2026-03-14T20:38:03.359+0800	[34mINFO[0m	runtime/proc.go:290	Starting application...
2026-03-14T20:38:03.378+0800	[34mINFO[0m	runtime/proc.go:290	Connecting to PostgreSQL database...
2026-03-14T20:38:03.419+0800	[34mINFO[0m	runtime/proc.go:290	Database connected successfully	{"database": "School-manajement"}
2026-03-14T20:38:03.419+0800	[34mINFO[0m	runtime/asm_amd64.s:1771	Starting server	{"port": ":8080"}
2026-03-14T20:38:08.219+0800	[34mINFO[0m	http/server.go:2286	HTTP Request completed	{"method": "GET", "path": "/api/v1/task/c0eb608a-4fb2-4d3a-9da2-507031e1e8b4", "ip": "[::1]:49370", "status": 200, "duration": 0.0035706}
2026-03-14T20:38:31.888+0800	[34mINFO[0m	runtime/proc.go:290	Shutting down server...
2026-03-14T20:38:31.889+0800	[31mERROR[0m	runtime/asm_amd64.s:1771	Server error	{"error": "http: Server closed"}
2026-03-14T20:38:31.889+0800	[34mINFO[0m	runtime/proc.go:290	Server exited properly
2026-03-14T20:38:31.890+0800	[34mINFO[0m	cmd/main.go:108	Closing database connection...
2026-03-14T20:49:48.773+0800	[34mINFO[0m	runtime/proc.go:290	Starting application...
2026-03-14T20:49:48.790+0800	[34mINFO[0m	runtime/proc.go:290	Connecting to PostgreSQL database...
2026-03-14T20:49:48.839+0800	[34mINFO[0m	runtime/proc.go:290	Database connected successfully	{"database": "School-manajement"}
2026-03-14T20:49:48.839+0800	[34mINFO[0m	runtime/asm_amd64.s:1771	Starting server	{"port": ":8080"}
2026-03-14T20:51:38.609+0800	[34mINFO[0m	runtime/proc.go:290	Shutting down server...
2026-03-14T20:51:38.609+0800	[31mERROR[0m	runtime/asm_amd64.s:1771	Server error	{"error": "http: Server closed"}
2026-03-14T20:51:38.609+0800	[34mINFO[0m	runtime/proc.go:290	Server exited properly
2026-03-14T20:51:38.610+0800	[34mINFO[0m	cmd/main.go:108	Closing database connection...
2026-03-14T20:59:38.362+0800	[34mINFO[0m	runtime/proc.go:290	Starting application...
2026-03-14T20:59:38.380+0800	[34mINFO[0m	runtime/proc.go:290	Connecting to PostgreSQL database...
2026-03-14T20:59:38.420+0800	[34mINFO[0m	runtime/proc.go:290	Database connected successfully	{"database": "School-manajement"}
2026-03-14T20:59:38.420+0800	[34mINFO[0m	runtime/asm_amd64.s:1771	Starting server	{"port": ":8080"}
2026-03-14T20:59:47.562+0800	[34mINFO[0m	http/server.go:2286	HTTP Request completed	{"method": "POST", "path": "/api/v1/login", "ip": "[::1]:60509", "status": 200, "duration": 0.054294}
2026-03-14T21:28:27.533+0800	[34mINFO[0m	runtime/proc.go:290	Shutting down server...
2026-03-14T21:28:27.533+0800	[31mERROR[0m	runtime/asm_amd64.s:1771	Server error	{"error": "http: Server closed"}
2026-03-14T21:28:27.534+0800	[34mINFO[0m	runtime/proc.go:290	Server exited properly
2026-03-14T21:28:27.535+0800	[34mINFO[0m	cmd/main.go:108	Closing database connection...
2026-03-15T13:29:16.676+0800	[34mINFO[0m	runtime/proc.go:290	Starting application...
2026-03-15T13:29:16.698+0800	[34mINFO[0m	runtime/proc.go:290	Connecting to PostgreSQL database...
2026-03-15T13:29:16.751+0800	[34mINFO[0m	runtime/proc.go:290	Database connected successfully	{"database": "School-manajement"}
2026-03-15T13:29:16.751+0800	[34mINFO[0m	runtime/asm_amd64.s:1771	Starting server	{"port": ":8080"}
2026-03-15T13:33:21.562+0800	[34mINFO[0m	http/server.go:2286	HTTP Request completed	{"method": "POST", "path": "/api/v1/login", "ip": "[::1]:64166", "status": 200, "duration": 0.09225}
2026-03-15T13:34:18.859+0800	[31mERROR[0m	http/server.go:2286	Failed to check the error for type missing file error!	{"request_id": "32b1009b-1243-41ce-b1b2-72b13e24f976", "client_ip": "[::1]:64166"}
2026-03-15T13:34:18.860+0800	[34mINFO[0m	http/server.go:2286	HTTP Request completed	{"method": "PATCH", "path": "/api/v1/student/c99ad6c6-f9ef-49e7-9f02-0453f20d337e", "ip": "[::1]:64166", "status": 400, "duration": 0.0006964}
2026-03-15T13:35:55.583+0800	[34mINFO[0m	runtime/proc.go:290	Shutting down server...
2026-03-15T13:35:55.583+0800	[31mERROR[0m	runtime/asm_amd64.s:1771	Server error	{"error": "http: Server closed"}
2026-03-15T13:35:55.583+0800	[34mINFO[0m	runtime/proc.go:290	Server exited properly
2026-03-15T13:35:55.583+0800	[34mINFO[0m	cmd/main.go:108	Closing database connection...
2026-03-15T13:36:05.438+0800	[34mINFO[0m	runtime/proc.go:290	Starting application...
2026-03-15T13:36:05.461+0800	[34mINFO[0m	runtime/proc.go:290	Connecting to PostgreSQL database...
2026-03-15T13:36:05.508+0800	[34mINFO[0m	runtime/proc.go:290	Database connected successfully	{"database": "School-manajement"}
2026-03-15T13:36:05.508+0800	[34mINFO[0m	runtime/asm_amd64.s:1771	Starting server	{"port": ":8080"}
2026-03-15T13:36:10.264+0800	[31mERROR[0m	http/server.go:2286	Failed to check the error for type missing file error!	{"request_id": "226ac7d2-cfb0-4d56-8d03-1350855fd49f", "client_ip": "[::1]:52138"}
2026-03-15T13:36:10.265+0800	[34mINFO[0m	http/server.go:2286	HTTP Request completed	{"method": "PATCH", "path": "/api/v1/student/c99ad6c6-f9ef-49e7-9f02-0453f20d337e", "ip": "[::1]:52138", "status": 400, "duration": 0.0012682}
2026-03-15T13:36:43.804+0800	[31mERROR[0m	http/server.go:2286	Failed to check the error for type missing file error!	{"request_id": "69a68370-4ccd-42ba-98c6-ece48dcfb163", "client_ip": "[::1]:52138"}
2026-03-15T13:36:43.805+0800	[34mINFO[0m	http/server.go:2286	HTTP Request completed	{"method": "PATCH", "path": "/api/v1/student/c99ad6c6-f9ef-49e7-9f02-0453f20d337e", "ip": "[::1]:52138", "status": 400, "duration": 0.000504}
2026-03-15T13:37:41.971+0800	[34mINFO[0m	runtime/proc.go:290	Shutting down server...
2026-03-15T13:37:41.971+0800	[31mERROR[0m	runtime/asm_amd64.s:1771	Server error	{"error": "http: Server closed"}
2026-03-15T13:37:41.971+0800	[34mINFO[0m	runtime/proc.go:290	Server exited properly
2026-03-15T13:37:41.972+0800	[34mINFO[0m	cmd/main.go:108	Closing database connection...
2026-03-15T13:37:54.377+0800	[34mINFO[0m	runtime/proc.go:290	Starting application...
2026-03-15T13:37:54.393+0800	[34mINFO[0m	runtime/proc.go:290	Connecting to PostgreSQL database...
2026-03-15T13:37:54.435+0800	[34mINFO[0m	runtime/proc.go:290	Database connected successfully	{"database": "School-manajement"}
2026-03-15T13:37:54.436+0800	[34mINFO[0m	runtime/asm_amd64.s:1771	Starting server	{"port": ":8080"}
2026-03-15T13:38:04.192+0800	[31mERROR[0m	http/server.go:2286	Failed to check the error for type missing file error!	{"request_id": "36cf2889-d80e-4a7d-81a3-5e5fa62a7d5f", "client_ip": "[::1]:53451"}
2026-03-15T13:38:04.192+0800	[34mINFO[0m	http/server.go:2286	HTTP Request completed	{"method": "PATCH", "path": "/api/v1/student/c99ad6c6-f9ef-49e7-9f02-0453f20d337e", "ip": "[::1]:53451", "status": 400, "duration": 0.0023496}
2026-03-15T13:40:06.871+0800	[34mINFO[0m	runtime/proc.go:290	Shutting down server...
2026-03-15T13:40:06.872+0800	[31mERROR[0m	runtime/asm_amd64.s:1771	Server error	{"error": "http: Server closed"}
2026-03-15T13:40:06.872+0800	[34mINFO[0m	runtime/proc.go:290	Server exited properly
2026-03-15T13:40:06.872+0800	[34mINFO[0m	cmd/main.go:108	Closing database connection...
2026-03-15T13:40:22.623+0800	[34mINFO[0m	runtime/proc.go:290	Starting application...
2026-03-15T13:40:22.641+0800	[34mINFO[0m	runtime/proc.go:290	Connecting to PostgreSQL database...
2026-03-15T13:40:22.681+0800	[34mINFO[0m	runtime/proc.go:290	Database connected successfully	{"database": "School-manajement"}
2026-03-15T13:40:22.681+0800	[34mINFO[0m	runtime/asm_amd64.s:1771	Starting server	{"port": ":8080"}
2026-03-15T13:40:28.682+0800	[34mINFO[0m	http/server.go:2286	HTTP Request completed	{"method": "PATCH", "path": "/api/v1/student/c99ad6c6-f9ef-49e7-9f02-0453f20d337e", "ip": "[::1]:56399", "status": 200, "duration": 0.0120202}
2026-03-15T13:41:07.940+0800	[34mINFO[0m	runtime/proc.go:290	Shutting down server...
2026-03-15T13:41:07.940+0800	[31mERROR[0m	runtime/asm_amd64.s:1771	Server error	{"error": "http: Server closed"}
2026-03-15T13:41:07.941+0800	[34mINFO[0m	runtime/proc.go:290	Server exited properly
2026-03-15T13:41:07.941+0800	[34mINFO[0m	cmd/main.go:108	Closing database connection...
2026-03-15T13:42:54.798+0800	[34mINFO[0m	runtime/proc.go:290	Starting application...
2026-03-15T13:42:54.815+0800	[34mINFO[0m	runtime/proc.go:290	Connecting to PostgreSQL database...
2026-03-15T13:42:54.853+0800	[34mINFO[0m	runtime/proc.go:290	Database connected successfully	{"database": "School-manajement"}
2026-03-15T13:42:54.853+0800	[34mINFO[0m	runtime/asm_amd64.s:1771	Starting server	{"port": ":8080"}
2026-03-15T13:43:00.061+0800	[34mINFO[0m	http/server.go:2286	HTTP Request completed	{"method": "POST", "path": "/api/v1/login", "ip": "[::1]:57395", "status": 200, "duration": 0.0524414}
2026-03-15T13:43:29.354+0800	[34mINFO[0m	http/server.go:2286	HTTP Request completed	{"method": "PATCH", "path": "/api/v1/student/ee336a45-011d-4d3d-a553-622da1a25d5c", "ip": "[::1]:57395", "status": 200, "duration": 0.0045035}
2026-03-15T13:44:05.114+0800	[34mINFO[0m	http/server.go:2286	HTTP Request completed	{"method": "POST", "path": "/api/v1/login", "ip": "[::1]:57395", "status": 400, "duration": 0.0005045}
2026-03-15T13:45:11.709+0800	[34mINFO[0m	http/server.go:2286	HTTP Request completed	{"method": "POST", "path": "/api/v1/login", "ip": "[::1]:63602", "status": 200, "duration": 0.0551755}
2026-03-15T13:45:42.715+0800	[34mINFO[0m	http/server.go:2286	HTTP Request completed	{"method": "PATCH", "path": "/api/v1/student/583111f6-e976-4216-ad8a-bc36962facf6", "ip": "[::1]:63602", "status": 200, "duration": 0.0035662}
2026-03-15T13:46:17.661+0800	[34mINFO[0m	http/server.go:2286	HTTP Request completed	{"method": "POST", "path": "/api/v1/login", "ip": "[::1]:63602", "status": 400, "duration": 0.0005061}
2026-03-15T13:46:23.306+0800	[34mINFO[0m	http/server.go:2286	HTTP Request completed	{"method": "POST", "path": "/api/v1/login", "ip": "[::1]:63602", "status": 200, "duration": 0.0500279}
2026-03-15T13:46:49.549+0800	[34mINFO[0m	http/server.go:2286	HTTP Request completed	{"method": "PATCH", "path": "/api/v1/student/26829492-b9b1-4250-b2d9-5a419fc80ad1", "ip": "[::1]:63602", "status": 200, "duration": 0.0035371}
2026-03-15T13:47:30.124+0800	[34mINFO[0m	http/server.go:2286	HTTP Request completed	{"method": "POST", "path": "/api/v1/login", "ip": "[::1]:63602", "status": 200, "duration": 0.0521206}
2026-03-15T13:47:51.538+0800	[34mINFO[0m	http/server.go:2286	HTTP Request completed	{"method": "PATCH", "path": "/api/v1/student/251895fa-6e5c-4d56-a5e6-7e4c7ebb72f5", "ip": "[::1]:63602", "status": 200, "duration": 0.0030872}
2026-03-15T13:48:28.952+0800	[34mINFO[0m	http/server.go:2286	HTTP Request completed	{"method": "POST", "path": "/api/v1/login", "ip": "[::1]:63602", "status": 200, "duration": 0.1946041}
2026-03-15T13:48:49.090+0800	[34mINFO[0m	http/server.go:2286	HTTP Request completed	{"method": "PATCH", "path": "/api/v1/student/a56b11a0-2642-428c-87e2-e7a9d1a39199", "ip": "[::1]:63602", "status": 200, "duration": 0.0016669}
2026-03-15T13:49:28.796+0800	[34mINFO[0m	http/server.go:2286	HTTP Request completed	{"method": "POST", "path": "/api/v1/login", "ip": "[::1]:63602", "status": 200, "duration": 0.0524416}
2026-03-15T13:49:59.000+0800	[34mINFO[0m	http/server.go:2286	HTTP Request completed	{"method": "PATCH", "path": "/api/v1/student/2e6370e9-382b-413b-a14c-a08cd7a35216", "ip": "[::1]:63602", "status": 200, "duration": 0.0019132}
2026-03-15T13:50:26.028+0800	[34mINFO[0m	http/server.go:2286	HTTP Request completed	{"method": "POST", "path": "/api/v1/login", "ip": "[::1]:63602", "status": 200, "duration": 0.0515381}
2026-03-15T13:50:54.608+0800	[34mINFO[0m	http/server.go:2286	HTTP Request completed	{"method": "PATCH", "path": "/api/v1/student/031a7faa-54ae-48d2-a4ca-2d25db1842f9", "ip": "[::1]:63602", "status": 200, "duration": 0.0041714}
2026-03-15T13:52:24.936+0800	[34mINFO[0m	http/server.go:2286	HTTP Request completed	{"method": "POST", "path": "/api/v1/login", "ip": "[::1]:58566", "status": 200, "duration": 0.0519617}
2026-03-15T13:52:38.923+0800	[34mINFO[0m	runtime/proc.go:290	Shutting down server...
2026-03-15T13:52:38.924+0800	[31mERROR[0m	runtime/asm_amd64.s:1771	Server error	{"error": "http: Server closed"}
2026-03-15T13:52:38.924+0800	[34mINFO[0m	runtime/proc.go:290	Server exited properly
2026-03-15T13:52:38.925+0800	[34mINFO[0m	cmd/main.go:108	Closing database connection...
2026-03-15T13:54:39.439+0800	[34mINFO[0m	runtime/proc.go:290	Starting application...
2026-03-15T13:54:39.457+0800	[34mINFO[0m	runtime/proc.go:290	Connecting to PostgreSQL database...
2026-03-15T13:54:39.497+0800	[34mINFO[0m	runtime/proc.go:290	Database connected successfully	{"database": "School-manajement"}
2026-03-15T13:54:39.497+0800	[34mINFO[0m	runtime/asm_amd64.s:1771	Starting server	{"port": ":8080"}
2026-03-15T13:54:44.494+0800	[34mINFO[0m	http/server.go:2286	HTTP Request completed	{"method": "PATCH", "path": "/api/v1/task/c0eb608a-4fb2-4d3a-9da2-507031e1e8b4", "ip": "[::1]:53258", "status": 400, "duration": 0.0010408}
2026-03-15T13:55:03.186+0800	[34mINFO[0m	runtime/proc.go:290	Shutting down server...
2026-03-15T13:55:03.193+0800	[31mERROR[0m	runtime/asm_amd64.s:1771	Server error	{"error": "http: Server closed"}
2026-03-15T13:55:03.193+0800	[34mINFO[0m	runtime/proc.go:290	Server exited properly
2026-03-15T13:55:03.193+0800	[34mINFO[0m	cmd/main.go:108	Closing database connection...
2026-03-15T13:55:13.368+0800	[34mINFO[0m	runtime/proc.go:290	Starting application...
2026-03-15T13:55:13.385+0800	[34mINFO[0m	runtime/proc.go:290	Connecting to PostgreSQL database...
2026-03-15T13:55:13.423+0800	[34mINFO[0m	runtime/proc.go:290	Database connected successfully	{"database": "School-manajement"}
2026-03-15T13:55:13.423+0800	[34mINFO[0m	runtime/asm_amd64.s:1771	Starting server	{"port": ":8080"}
2026-03-15T13:55:19.993+0800	[31mERROR[0m	http/server.go:2286	Failed to parsing the uuid type!	{"request_id": "01f427f2-26d2-485d-9db3-97e9d466e05e", "client_ip": "[::1]:53267"}
2026-03-15T13:55:19.993+0800	[34mINFO[0m	http/server.go:2286	HTTP Request completed	{"method": "PATCH", "path": "/api/v1/task/c0eb608a-4fb2-4d3a-9da2-507031e1e8b4", "ip": "[::1]:53267", "status": 400, "duration": 0.0010451}
2026-03-15T13:57:04.221+0800	[34mINFO[0m	runtime/proc.go:290	Shutting down server...
2026-03-15T13:57:04.222+0800	[31mERROR[0m	runtime/asm_amd64.s:1771	Server error	{"error": "http: Server closed"}
2026-03-15T13:57:04.222+0800	[34mINFO[0m	runtime/proc.go:290	Server exited properly
2026-03-15T13:57:04.222+0800	[34mINFO[0m	cmd/main.go:108	Closing database connection...
2026-03-15T13:57:17.618+0800	[34mINFO[0m	runtime/proc.go:290	Starting application...
2026-03-15T13:57:17.637+0800	[34mINFO[0m	runtime/proc.go:290	Connecting to PostgreSQL database...
2026-03-15T13:57:17.677+0800	[34mINFO[0m	runtime/proc.go:290	Database connected successfully	{"database": "School-manajement"}
2026-03-15T13:57:17.677+0800	[34mINFO[0m	runtime/asm_amd64.s:1771	Starting server	{"port": ":8080"}
2026-03-15T13:57:23.325+0800	[31mERROR[0m	http/server.go:2286	Failed to update the task!	{"request_id": "2bd1982e-b94c-4199-9da1-7f7b6f0cbe7e", "client_ip": "[::1]:56143"}
2026-03-15T13:57:23.325+0800	[34mINFO[0m	http/server.go:2286	HTTP Request completed	{"method": "PATCH", "path": "/api/v1/task/c0eb608a-4fb2-4d3a-9da2-507031e1e8b4", "ip": "[::1]:56143", "status": 400, "duration": 0.0081439}
2026-03-15T13:57:54.016+0800	[34mINFO[0m	runtime/proc.go:290	Shutting down server...
2026-03-15T13:57:54.017+0800	[31mERROR[0m	runtime/asm_amd64.s:1771	Server error	{"error": "http: Server closed"}
2026-03-15T13:57:54.018+0800	[34mINFO[0m	runtime/proc.go:290	Server exited properly
2026-03-15T13:57:54.018+0800	[34mINFO[0m	cmd/main.go:108	Closing database connection...
2026-03-15T13:59:15.749+0800	[34mINFO[0m	runtime/proc.go:290	Starting application...
2026-03-15T13:59:15.767+0800	[34mINFO[0m	runtime/proc.go:290	Connecting to PostgreSQL database...
2026-03-15T13:59:15.806+0800	[34mINFO[0m	runtime/proc.go:290	Database connected successfully	{"database": "School-manajement"}
2026-03-15T13:59:15.806+0800	[34mINFO[0m	runtime/asm_amd64.s:1771	Starting server	{"port": ":8080"}
2026-03-15T13:59:23.588+0800	[31mERROR[0m	http/server.go:2286	Failed to update the task!	{"request_id": "e4928f59-cbef-4f63-8743-6d2905c88c86", "client_ip": "[::1]:62710"}
2026-03-15T13:59:23.589+0800	[34mINFO[0m	http/server.go:2286	HTTP Request completed	{"method": "PATCH", "path": "/api/v1/task/c0eb608a-4fb2-4d3a-9da2-507031e1e8b4", "ip": "[::1]:62710", "status": 400, "duration": 0.006611}
2026-03-15T14:00:47.705+0800	[34mINFO[0m	runtime/proc.go:290	Shutting down server...
2026-03-15T14:00:47.705+0800	[31mERROR[0m	runtime/asm_amd64.s:1771	Server error	{"error": "http: Server closed"}
2026-03-15T14:00:47.705+0800	[34mINFO[0m	runtime/proc.go:290	Server exited properly
2026-03-15T14:00:47.705+0800	[34mINFO[0m	cmd/main.go:108	Closing database connection...
2026-03-15T14:00:57.616+0800	[34mINFO[0m	runtime/proc.go:290	Starting application...
2026-03-15T14:00:57.633+0800	[34mINFO[0m	runtime/proc.go:290	Connecting to PostgreSQL database...
2026-03-15T14:00:57.673+0800	[34mINFO[0m	runtime/proc.go:290	Database connected successfully	{"database": "School-manajement"}
2026-03-15T14:00:57.673+0800	[34mINFO[0m	runtime/asm_amd64.s:1771	Starting server	{"port": ":8080"}
2026-03-15T14:01:02.067+0800	[31mERROR[0m	http/server.go:2286	Failed to update the task!	{"request_id": "8085be1d-d602-4eaf-b4ec-a61cb85c7bb1", "client_ip": "[::1]:61946"}
2026-03-15T14:01:02.067+0800	[34mINFO[0m	http/server.go:2286	HTTP Request completed	{"method": "PATCH", "path": "/api/v1/task/c0eb608a-4fb2-4d3a-9da2-507031e1e8b4", "ip": "[::1]:61946", "status": 400, "duration": 0.0022226}
2026-03-15T14:02:20.139+0800	[34mINFO[0m	runtime/proc.go:290	Shutting down server...
2026-03-15T14:02:20.140+0800	[31mERROR[0m	runtime/asm_amd64.s:1771	Server error	{"error": "http: Server closed"}
2026-03-15T14:02:20.140+0800	[34mINFO[0m	runtime/proc.go:290	Server exited properly
2026-03-15T14:02:20.141+0800	[34mINFO[0m	cmd/main.go:108	Closing database connection...
2026-03-15T14:04:59.972+0800	[34mINFO[0m	runtime/proc.go:290	Starting application...
2026-03-15T14:04:59.993+0800	[34mINFO[0m	runtime/proc.go:290	Connecting to PostgreSQL database...
2026-03-15T14:05:00.032+0800	[34mINFO[0m	runtime/proc.go:290	Database connected successfully	{"database": "School-manajement"}
2026-03-15T14:05:00.033+0800	[34mINFO[0m	runtime/asm_amd64.s:1771	Starting server	{"port": ":8080"}
2026-03-15T14:05:04.734+0800	[31mERROR[0m	http/server.go:2286	Failed to update the task!	{"request_id": "b4b3eeda-d2b3-4291-81bd-596e32c64eeb", "client_ip": "[::1]:55539"}
2026-03-15T14:05:04.735+0800	[34mINFO[0m	http/server.go:2286	HTTP Request completed	{"method": "PATCH", "path": "/api/v1/task/c0eb608a-4fb2-4d3a-9da2-507031e1e8b4", "ip": "[::1]:55539", "status": 400, "duration": 0.002354}
2026-03-15T14:06:10.030+0800	[34mINFO[0m	runtime/proc.go:290	Shutting down server...
2026-03-15T14:06:10.030+0800	[31mERROR[0m	runtime/asm_amd64.s:1771	Server error	{"error": "http: Server closed"}
2026-03-15T14:06:10.030+0800	[34mINFO[0m	runtime/proc.go:290	Server exited properly
2026-03-15T14:06:10.031+0800	[34mINFO[0m	cmd/main.go:108	Closing database connection...
2026-03-15T14:06:22.463+0800	[34mINFO[0m	runtime/proc.go:290	Starting application...
2026-03-15T14:06:22.481+0800	[34mINFO[0m	runtime/proc.go:290	Connecting to PostgreSQL database...
2026-03-15T14:06:22.519+0800	[34mINFO[0m	runtime/proc.go:290	Database connected successfully	{"database": "School-manajement"}
2026-03-15T14:06:22.519+0800	[34mINFO[0m	runtime/asm_amd64.s:1771	Starting server	{"port": ":8080"}
2026-03-15T14:06:29.121+0800	[31mERROR[0m	http/server.go:2286	Failed to update the task!	{"request_id": "a21c4122-7439-4fed-82b7-bcee0f30b6ac", "client_ip": "[::1]:55552"}
2026-03-15T14:06:29.122+0800	[34mINFO[0m	http/server.go:2286	HTTP Request completed	{"method": "PATCH", "path": "/api/v1/task/c0eb608a-4fb2-4d3a-9da2-507031e1e8b4", "ip": "[::1]:55552", "status": 400, "duration": 0.0020427}
2026-03-15T14:07:25.087+0800	[34mINFO[0m	runtime/proc.go:290	Shutting down server...
2026-03-15T14:07:25.088+0800	[31mERROR[0m	runtime/asm_amd64.s:1771	Server error	{"error": "http: Server closed"}
2026-03-15T14:07:25.088+0800	[34mINFO[0m	runtime/proc.go:290	Server exited properly
2026-03-15T14:07:25.088+0800	[34mINFO[0m	cmd/main.go:108	Closing database connection...
2026-03-15T14:07:47.249+0800	[34mINFO[0m	runtime/proc.go:290	Starting application...
2026-03-15T14:07:47.272+0800	[34mINFO[0m	runtime/proc.go:290	Connecting to PostgreSQL database...
2026-03-15T14:07:47.415+0800	[34mINFO[0m	runtime/proc.go:290	Database connected successfully	{"database": "School-manajement"}
2026-03-15T14:07:47.416+0800	[34mINFO[0m	runtime/asm_amd64.s:1771	Starting server	{"port": ":8080"}
2026-03-15T14:07:52.809+0800	[31mERROR[0m	http/server.go:2286	Failed to update the task!	{"request_id": "5ae802d1-a714-4997-9c0e-f9969ab7975e", "client_ip": "[::1]:62092"}
2026-03-15T14:07:52.810+0800	[34mINFO[0m	http/server.go:2286	HTTP Request completed	{"method": "PATCH", "path": "/api/v1/task/c0eb608a-4fb2-4d3a-9da2-507031e1e8b4", "ip": "[::1]:62092", "status": 400, "duration": 0.0022937}
2026-03-15T14:08:37.182+0800	[34mINFO[0m	runtime/proc.go:290	Shutting down server...
2026-03-15T14:08:37.183+0800	[31mERROR[0m	runtime/asm_amd64.s:1771	Server error	{"error": "http: Server closed"}
2026-03-15T14:08:37.183+0800	[34mINFO[0m	runtime/proc.go:290	Server exited properly
2026-03-15T14:08:37.184+0800	[34mINFO[0m	cmd/main.go:108	Closing database connection...
2026-03-15T14:08:46.582+0800	[34mINFO[0m	runtime/proc.go:290	Starting application...
2026-03-15T14:08:46.599+0800	[34mINFO[0m	runtime/proc.go:290	Connecting to PostgreSQL database...
2026-03-15T14:08:46.639+0800	[34mINFO[0m	runtime/proc.go:290	Database connected successfully	{"database": "School-manajement"}
2026-03-15T14:08:46.639+0800	[34mINFO[0m	runtime/asm_amd64.s:1771	Starting server	{"port": ":8080"}
2026-03-15T14:08:50.728+0800	[31mERROR[0m	http/server.go:2286	Failed to update the task!	{"request_id": "dfbc4d27-19c4-48b9-ad33-2f6dd906d0bc", "client_ip": "[::1]:62101"}
2026-03-15T14:08:50.728+0800	[34mINFO[0m	http/server.go:2286	HTTP Request completed	{"method": "PATCH", "path": "/api/v1/task/c0eb608a-4fb2-4d3a-9da2-507031e1e8b4", "ip": "[::1]:62101", "status": 400, "duration": 0.0025753}
2026-03-15T14:09:05.006+0800	[34mINFO[0m	runtime/proc.go:290	Shutting down server...
2026-03-15T14:09:05.006+0800	[31mERROR[0m	runtime/asm_amd64.s:1771	Server error	{"error": "http: Server closed"}
2026-03-15T14:09:05.006+0800	[34mINFO[0m	runtime/proc.go:290	Server exited properly
2026-03-15T14:09:05.007+0800	[34mINFO[0m	cmd/main.go:108	Closing database connection...
2026-03-15T14:09:15.625+0800	[34mINFO[0m	runtime/proc.go:290	Starting application...
2026-03-15T14:09:15.643+0800	[34mINFO[0m	runtime/proc.go:290	Connecting to PostgreSQL database...
2026-03-15T14:09:15.678+0800	[34mINFO[0m	runtime/proc.go:290	Database connected successfully	{"database": "School-manajement"}
2026-03-15T14:09:15.678+0800	[34mINFO[0m	runtime/asm_amd64.s:1771	Starting server	{"port": ":8080"}
2026-03-15T14:09:24.637+0800	[31mERROR[0m	http/server.go:2286	Failed to update the task!	{"request_id": "0361e7ce-6a74-4701-a42d-5550caaa6158", "client_ip": "[::1]:49713"}
2026-03-15T14:09:24.637+0800	[34mINFO[0m	http/server.go:2286	HTTP Request completed	{"method": "PATCH", "path": "/api/v1/task/c0eb608a-4fb2-4d3a-9da2-507031e1e8b4", "ip": "[::1]:49713", "status": 400, "duration": 0.001678}
2026-03-15T14:10:08.536+0800	[34mINFO[0m	runtime/proc.go:290	Shutting down server...
2026-03-15T14:10:08.536+0800	[31mERROR[0m	runtime/asm_amd64.s:1771	Server error	{"error": "http: Server closed"}
2026-03-15T14:10:08.536+0800	[34mINFO[0m	runtime/proc.go:290	Server exited properly
2026-03-15T14:10:08.537+0800	[34mINFO[0m	cmd/main.go:108	Closing database connection...
2026-03-15T14:10:11.634+0800	[34mINFO[0m	runtime/proc.go:290	Starting application...
2026-03-15T14:10:11.662+0800	[34mINFO[0m	runtime/proc.go:290	Connecting to PostgreSQL database...
2026-03-15T14:10:11.702+0800	[34mINFO[0m	runtime/proc.go:290	Database connected successfully	{"database": "School-manajement"}
2026-03-15T14:10:11.702+0800	[34mINFO[0m	runtime/asm_amd64.s:1771	Starting server	{"port": ":8080"}
2026-03-15T14:10:16.626+0800	[31mERROR[0m	http/server.go:2286	Failed to update the task!	{"request_id": "e1ce9b95-8602-4d09-b967-7e24a870ca40", "client_ip": "[::1]:61508"}
2026-03-15T14:10:16.626+0800	[34mINFO[0m	http/server.go:2286	HTTP Request completed	{"method": "PATCH", "path": "/api/v1/task/c0eb608a-4fb2-4d3a-9da2-507031e1e8b4", "ip": "[::1]:61508", "status": 400, "duration": 0.0022721}
2026-03-15T14:11:34.222+0800	[31mERROR[0m	http/server.go:2286	Failed to update the task!	{"request_id": "c4251614-585b-494e-9e77-9cce0dfbaa0c", "client_ip": "[::1]:59549"}
2026-03-15T14:11:34.222+0800	[34mINFO[0m	http/server.go:2286	HTTP Request completed	{"method": "PATCH", "path": "/api/v1/task/c0eb608a-4fb2-4d3a-9da2-507031e1e8b4", "ip": "[::1]:59549", "status": 400, "duration": 0.001043}
2026-03-15T14:12:36.543+0800	[34mINFO[0m	runtime/proc.go:290	Shutting down server...
2026-03-15T14:12:36.554+0800	[31mERROR[0m	runtime/asm_amd64.s:1771	Server error	{"error": "http: Server closed"}
2026-03-15T14:12:36.554+0800	[34mINFO[0m	runtime/proc.go:290	Server exited properly
2026-03-15T14:12:36.555+0800	[34mINFO[0m	cmd/main.go:108	Closing database connection...
2026-03-15T14:12:58.263+0800	[34mINFO[0m	runtime/proc.go:290	Starting application...
2026-03-15T14:12:58.279+0800	[34mINFO[0m	runtime/proc.go:290	Connecting to PostgreSQL database...
2026-03-15T14:12:58.315+0800	[34mINFO[0m	runtime/proc.go:290	Database connected successfully	{"database": "School-manajement"}
2026-03-15T14:12:58.315+0800	[34mINFO[0m	runtime/asm_amd64.s:1771	Starting server	{"port": ":8080"}
2026-03-15T14:13:05.369+0800	[31mERROR[0m	http/server.go:2286	Failed to parsing the uuid type!	{"request_id": "e0effdb7-3417-4108-a42b-89f72bb91568", "client_ip": "[::1]:64762"}
2026-03-15T14:13:05.369+0800	[34mINFO[0m	http/server.go:2286	HTTP Request completed	{"method": "PATCH", "path": "/api/v1/task/c0eb608a-4fb2-4d3a-9da2-507031e1e8b4", "ip": "[::1]:64762", "status": 400, "duration": 0.0006766}
2026-03-15T14:14:16.509+0800	[34mINFO[0m	runtime/proc.go:290	Shutting down server...
2026-03-15T14:14:16.510+0800	[31mERROR[0m	runtime/asm_amd64.s:1771	Server error	{"error": "http: Server closed"}
2026-03-15T14:14:16.510+0800	[34mINFO[0m	runtime/proc.go:290	Server exited properly
2026-03-15T14:14:16.510+0800	[34mINFO[0m	cmd/main.go:108	Closing database connection...
2026-03-15T14:14:37.824+0800	[34mINFO[0m	runtime/proc.go:290	Starting application...
2026-03-15T14:14:37.841+0800	[34mINFO[0m	runtime/proc.go:290	Connecting to PostgreSQL database...
2026-03-15T14:14:37.879+0800	[34mINFO[0m	runtime/proc.go:290	Database connected successfully	{"database": "School-manajement"}
2026-03-15T14:14:37.879+0800	[34mINFO[0m	runtime/asm_amd64.s:1771	Starting server	{"port": ":8080"}
2026-03-15T14:14:43.223+0800	[31mERROR[0m	http/server.go:2286	Failed to update the task!	{"request_id": "ebdee38f-89be-4391-a7b9-af3b3adff198", "client_ip": "[::1]:51383"}
2026-03-15T14:14:43.224+0800	[34mINFO[0m	http/server.go:2286	HTTP Request completed	{"method": "PATCH", "path": "/api/v1/task/c0eb608a-4fb2-4d3a-9da2-507031e1e8b4", "ip": "[::1]:51383", "status": 400, "duration": 0.0027042}
2026-03-15T14:16:33.434+0800	[34mINFO[0m	runtime/proc.go:290	Shutting down server...
2026-03-15T14:16:33.434+0800	[31mERROR[0m	runtime/asm_amd64.s:1771	Server error	{"error": "http: Server closed"}
2026-03-15T14:16:33.435+0800	[34mINFO[0m	runtime/proc.go:290	Server exited properly
2026-03-15T14:16:33.435+0800	[34mINFO[0m	cmd/main.go:108	Closing database connection...
2026-03-15T14:16:49.141+0800	[34mINFO[0m	runtime/proc.go:290	Starting application...
2026-03-15T14:16:49.159+0800	[34mINFO[0m	runtime/proc.go:290	Connecting to PostgreSQL database...
2026-03-15T14:16:49.303+0800	[34mINFO[0m	runtime/proc.go:290	Database connected successfully	{"database": "School-manajement"}
2026-03-15T14:16:49.304+0800	[34mINFO[0m	runtime/asm_amd64.s:1771	Starting server	{"port": ":8080"}
2026-03-15T14:17:01.453+0800	[31mERROR[0m	http/server.go:2286	Failed to update the task!	{"request_id": "8a7bdc72-d0f8-4487-ac86-c3fb5d177d51", "client_ip": "[::1]:63179"}
2026-03-15T14:17:01.453+0800	[34mINFO[0m	http/server.go:2286	HTTP Request completed	{"method": "PATCH", "path": "/api/v1/task/c0eb608a-4fb2-4d3a-9da2-507031e1e8b4", "ip": "[::1]:63179", "status": 400, "duration": 0.0020561}
2026-03-15T14:17:29.771+0800	[34mINFO[0m	runtime/proc.go:290	Shutting down server...
2026-03-15T14:17:29.772+0800	[31mERROR[0m	runtime/asm_amd64.s:1771	Server error	{"error": "http: Server closed"}
2026-03-15T14:17:29.772+0800	[34mINFO[0m	runtime/proc.go:290	Server exited properly
2026-03-15T14:17:29.772+0800	[34mINFO[0m	cmd/main.go:108	Closing database connection...
2026-03-15T14:17:41.643+0800	[34mINFO[0m	runtime/proc.go:290	Starting application...
2026-03-15T14:17:41.661+0800	[34mINFO[0m	runtime/proc.go:290	Connecting to PostgreSQL database...
2026-03-15T14:17:41.701+0800	[34mINFO[0m	runtime/proc.go:290	Database connected successfully	{"database": "School-manajement"}
2026-03-15T14:17:41.701+0800	[34mINFO[0m	runtime/asm_amd64.s:1771	Starting server	{"port": ":8080"}
2026-03-15T14:17:47.211+0800	[31mERROR[0m	http/server.go:2286	Failed to update the task!	{"request_id": "c301be38-240a-4b3f-9ed8-0495ea5fb4de", "client_ip": "[::1]:63189"}
2026-03-15T14:17:47.211+0800	[34mINFO[0m	http/server.go:2286	HTTP Request completed	{"method": "PATCH", "path": "/api/v1/task/c0eb608a-4fb2-4d3a-9da2-507031e1e8b4", "ip": "[::1]:63189", "status": 400, "duration": 0.0016299}
2026-03-15T14:19:25.426+0800	[34mINFO[0m	runtime/proc.go:290	Shutting down server...
2026-03-15T14:19:25.426+0800	[31mERROR[0m	runtime/asm_amd64.s:1771	Server error	{"error": "http: Server closed"}
2026-03-15T14:19:25.427+0800	[34mINFO[0m	runtime/proc.go:290	Server exited properly
2026-03-15T14:19:25.427+0800	[34mINFO[0m	cmd/main.go:108	Closing database connection...
2026-03-15T14:19:34.628+0800	[34mINFO[0m	runtime/proc.go:290	Starting application...
2026-03-15T14:19:34.644+0800	[34mINFO[0m	runtime/proc.go:290	Connecting to PostgreSQL database...
2026-03-15T14:19:34.799+0800	[34mINFO[0m	runtime/proc.go:290	Database connected successfully	{"database": "School-manajement"}
2026-03-15T14:19:34.799+0800	[34mINFO[0m	runtime/asm_amd64.s:1771	Starting server	{"port": ":8080"}
2026-03-15T14:19:40.946+0800	[31mERROR[0m	http/server.go:2286	Failed to update the task!	{"request_id": "3f6de23b-1379-43b4-b5e8-36f54b2d8b3c", "client_ip": "[::1]:63463"}
2026-03-15T14:19:40.946+0800	[34mINFO[0m	http/server.go:2286	HTTP Request completed	{"method": "PATCH", "path": "/api/v1/task/c0eb608a-4fb2-4d3a-9da2-507031e1e8b4", "ip": "[::1]:63463", "status": 400, "duration": 0.0025765}
2026-03-15T14:21:37.955+0800	[31mERROR[0m	http/server.go:2286	Failed to update the task!	{"request_id": "46544e57-7ad7-4c0e-98d7-a1fdf587997a", "client_ip": "[::1]:56334"}
2026-03-15T14:21:37.955+0800	[34mINFO[0m	http/server.go:2286	HTTP Request completed	{"method": "PATCH", "path": "/api/v1/task/c0eb608a-4fb2-4d3a-9da2-507031e1e8b4", "ip": "[::1]:56334", "status": 400, "duration": 0.0011135}
2026-03-15T14:23:02.029+0800	[34mINFO[0m	runtime/proc.go:290	Shutting down server...
2026-03-15T14:23:02.030+0800	[31mERROR[0m	runtime/asm_amd64.s:1771	Server error	{"error": "http: Server closed"}
2026-03-15T14:23:02.030+0800	[34mINFO[0m	runtime/proc.go:290	Server exited properly
2026-03-15T14:23:02.030+0800	[34mINFO[0m	cmd/main.go:108	Closing database connection...
2026-03-15T14:23:13.084+0800	[34mINFO[0m	runtime/proc.go:290	Starting application...
2026-03-15T14:23:13.100+0800	[34mINFO[0m	runtime/proc.go:290	Connecting to PostgreSQL database...
2026-03-15T14:23:13.140+0800	[34mINFO[0m	runtime/proc.go:290	Database connected successfully	{"database": "School-manajement"}
2026-03-15T14:23:13.140+0800	[34mINFO[0m	runtime/asm_amd64.s:1771	Starting server	{"port": ":8080"}
2026-03-15T14:23:17.509+0800	[34mINFO[0m	http/server.go:2286	HTTP Request completed	{"method": "PATCH", "path": "/api/v1/task/c0eb608a-4fb2-4d3a-9da2-507031e1e8b4", "ip": "[::1]:56357", "status": 200, "duration": 0.0049654}
2026-03-15T14:29:22.946+0800	[34mINFO[0m	runtime/proc.go:290	Shutting down server...
2026-03-15T14:29:22.947+0800	[31mERROR[0m	runtime/asm_amd64.s:1771	Server error	{"error": "http: Server closed"}
2026-03-15T14:29:22.947+0800	[34mINFO[0m	runtime/proc.go:290	Server exited properly
2026-03-15T14:29:22.947+0800	[34mINFO[0m	cmd/main.go:108	Closing database connection...
2026-03-15T14:29:34.785+0800	[34mINFO[0m	runtime/proc.go:290	Starting application...
2026-03-15T14:29:34.804+0800	[34mINFO[0m	runtime/proc.go:290	Connecting to PostgreSQL database...
2026-03-15T14:29:34.847+0800	[34mINFO[0m	runtime/proc.go:290	Database connected successfully	{"database": "School-manajement"}
2026-03-15T14:29:34.847+0800	[34mINFO[0m	runtime/asm_amd64.s:1771	Starting server	{"port": ":8080"}
2026-03-15T14:31:18.699+0800	[34mINFO[0m	http/server.go:2286	HTTP Request completed	{"method": "POST", "path": "/api/v1/login", "ip": "[::1]:51092", "status": 200, "duration": 0.0749793}
2026-03-15T14:31:46.628+0800	[34mINFO[0m	http/server.go:2286	HTTP Request completed	{"method": "GET", "path": "/api/v1/tasks", "ip": "[::1]:51092", "status": 200, "duration": 0.0081653}
2026-03-15T14:32:31.449+0800	[34mINFO[0m	runtime/proc.go:290	Shutting down server...
2026-03-15T14:32:31.449+0800	[31mERROR[0m	runtime/asm_amd64.s:1771	Server error	{"error": "http: Server closed"}
2026-03-15T14:32:31.450+0800	[34mINFO[0m	runtime/proc.go:290	Server exited properly
2026-03-15T14:32:31.450+0800	[34mINFO[0m	cmd/main.go:108	Closing database connection...
2026-03-15T21:07:41.439+0800	[34mINFO[0m	runtime/proc.go:290	Starting application...
2026-03-15T21:07:41.461+0800	[34mINFO[0m	runtime/proc.go:290	Connecting to PostgreSQL database...
2026-03-15T21:07:41.508+0800	[34mINFO[0m	runtime/proc.go:290	Database connected successfully	{"database": "School-manajement"}
2026-03-15T21:07:41.508+0800	[34mINFO[0m	runtime/asm_amd64.s:1771	Starting server	{"port": ":8080"}
2026-03-15T21:09:01.798+0800	[34mINFO[0m	http/server.go:2286	HTTP Request completed	{"method": "POST", "path": "/api/v1/login", "ip": "[::1]:56907", "status": 200, "duration": 0.0710158}
2026-03-15T21:10:32.735+0800	[31mERROR[0m	http/server.go:2286	Failed to create the new absensi for students!	{"request_id": "a3ea6a5e-7db6-476a-b4b2-25708ff0f889", "client_ip": "[::1]:55995"}
2026-03-15T21:10:32.735+0800	[34mINFO[0m	http/server.go:2286	HTTP Request completed	{"method": "POST", "path": "/api/v1/absensi", "ip": "[::1]:55995", "status": 400, "duration": 0.0030337}
2026-03-15T21:10:37.263+0800	[34mINFO[0m	runtime/proc.go:290	Shutting down server...
2026-03-15T21:10:37.263+0800	[31mERROR[0m	runtime/asm_amd64.s:1771	Server error	{"error": "http: Server closed"}
2026-03-15T21:10:37.263+0800	[34mINFO[0m	runtime/proc.go:290	Server exited properly
2026-03-15T21:10:37.263+0800	[34mINFO[0m	cmd/main.go:108	Closing database connection...
2026-03-15T21:11:03.321+0800	[34mINFO[0m	runtime/proc.go:290	Starting application...
2026-03-15T21:11:03.339+0800	[34mINFO[0m	runtime/proc.go:290	Connecting to PostgreSQL database...
2026-03-15T21:11:03.385+0800	[34mINFO[0m	runtime/proc.go:290	Database connected successfully	{"database": "School-manajement"}
2026-03-15T21:11:03.385+0800	[34mINFO[0m	runtime/asm_amd64.s:1771	Starting server	{"port": ":8080"}
2026-03-15T21:11:17.242+0800	[31mERROR[0m	http/server.go:2286	Failed to create the new absensi for students!	{"request_id": "a128c1d8-39b5-42ed-8d58-850642da54a0", "client_ip": "[::1]:62886"}
2026-03-15T21:11:17.242+0800	[34mINFO[0m	http/server.go:2286	HTTP Request completed	{"method": "POST", "path": "/api/v1/absensi", "ip": "[::1]:62886", "status": 400, "duration": 0.0005834}
2026-03-15T21:18:28.849+0800	[34mINFO[0m	runtime/proc.go:290	Shutting down server...
2026-03-15T21:18:28.850+0800	[31mERROR[0m	runtime/asm_amd64.s:1771	Server error	{"error": "http: Server closed"}
2026-03-15T21:18:28.850+0800	[34mINFO[0m	runtime/proc.go:290	Server exited properly
2026-03-15T21:18:28.850+0800	[34mINFO[0m	cmd/main.go:108	Closing database connection...
2026-03-15T21:18:45.191+0800	[34mINFO[0m	runtime/proc.go:290	Starting application...
2026-03-15T21:18:45.209+0800	[34mINFO[0m	runtime/proc.go:290	Connecting to PostgreSQL database...
2026-03-15T21:18:45.284+0800	[34mINFO[0m	runtime/proc.go:290	Database connected successfully	{"database": "School-manajement"}
2026-03-15T21:18:45.285+0800	[34mINFO[0m	runtime/asm_amd64.s:1771	Starting server	{"port": ":8080"}
2026-03-15T21:18:50.516+0800	[31mERROR[0m	http/server.go:2286	Failed to create the new absensi for students!	{"request_id": "27e84b9a-1a18-4b6f-87eb-0bd5ac5fb5e5", "client_ip": "[::1]:63932"}
2026-03-15T21:18:50.517+0800	[34mINFO[0m	http/server.go:2286	HTTP Request completed	{"method": "POST", "path": "/api/v1/absensi", "ip": "[::1]:63932", "status": 400, "duration": 0.0042341}
2026-03-15T21:19:09.534+0800	[34mINFO[0m	runtime/proc.go:290	Shutting down server...
2026-03-15T21:19:09.534+0800	[31mERROR[0m	runtime/asm_amd64.s:1771	Server error	{"error": "http: Server closed"}
2026-03-15T21:19:09.535+0800	[34mINFO[0m	runtime/proc.go:290	Server exited properly
2026-03-15T21:19:09.535+0800	[34mINFO[0m	cmd/main.go:108	Closing database connection...
2026-03-15T21:19:18.581+0800	[34mINFO[0m	runtime/proc.go:290	Starting application...
2026-03-15T21:19:18.600+0800	[34mINFO[0m	runtime/proc.go:290	Connecting to PostgreSQL database...
2026-03-15T21:19:18.642+0800	[34mINFO[0m	runtime/proc.go:290	Database connected successfully	{"database": "School-manajement"}
2026-03-15T21:19:18.642+0800	[34mINFO[0m	runtime/asm_amd64.s:1771	Starting server	{"port": ":8080"}
2026-03-15T21:19:25.570+0800	[31mERROR[0m	http/server.go:2286	Failed to create the new absensi for students!	{"request_id": "5ed3bb37-8919-455d-b4d7-d9cc10cc70ce", "client_ip": "[::1]:63943"}
2026-03-15T21:19:25.570+0800	[34mINFO[0m	http/server.go:2286	HTTP Request completed	{"method": "POST", "path": "/api/v1/absensi", "ip": "[::1]:63943", "status": 400, "duration": 0.0022217}
2026-03-15T21:19:36.586+0800	[34mINFO[0m	runtime/proc.go:290	Shutting down server...
2026-03-15T21:19:36.586+0800	[31mERROR[0m	runtime/asm_amd64.s:1771	Server error	{"error": "http: Server closed"}
2026-03-15T21:19:36.586+0800	[34mINFO[0m	runtime/proc.go:290	Server exited properly
2026-03-15T21:19:36.587+0800	[34mINFO[0m	cmd/main.go:108	Closing database connection...
2026-03-15T21:19:47.152+0800	[34mINFO[0m	runtime/proc.go:290	Starting application...
2026-03-15T21:19:47.169+0800	[34mINFO[0m	runtime/proc.go:290	Connecting to PostgreSQL database...
2026-03-15T21:19:47.209+0800	[34mINFO[0m	runtime/proc.go:290	Database connected successfully	{"database": "School-manajement"}
2026-03-15T21:19:47.209+0800	[34mINFO[0m	runtime/asm_amd64.s:1771	Starting server	{"port": ":8080"}
2026-03-15T21:19:52.623+0800	[34mINFO[0m	http/server.go:2286	HTTP Request completed	{"method": "POST", "path": "/api/v1/absensi", "ip": "[::1]:50958", "status": 201, "duration": 0.0085276}
2026-03-15T21:20:20.374+0800	[34mINFO[0m	runtime/proc.go:290	Shutting down server...
2026-03-15T21:20:20.374+0800	[31mERROR[0m	runtime/asm_amd64.s:1771	Server error	{"error": "http: Server closed"}
2026-03-15T21:20:20.377+0800	[34mINFO[0m	runtime/proc.go:290	Server exited properly
2026-03-15T21:20:20.377+0800	[34mINFO[0m	cmd/main.go:108	Closing database connection...
2026-03-15T21:20:32.323+0800	[34mINFO[0m	runtime/proc.go:290	Starting application...
2026-03-15T21:20:32.342+0800	[34mINFO[0m	runtime/proc.go:290	Connecting to PostgreSQL database...
2026-03-15T21:20:32.384+0800	[34mINFO[0m	runtime/proc.go:290	Database connected successfully	{"database": "School-manajement"}
2026-03-15T21:20:32.384+0800	[34mINFO[0m	runtime/asm_amd64.s:1771	Starting server	{"port": ":8080"}
2026-03-15T21:20:46.925+0800	[34mINFO[0m	http/server.go:2286	HTTP Request completed	{"method": "POST", "path": "/api/v1/absensi", "ip": "[::1]:50966", "status": 201, "duration": 0.0017166}
2026-03-15T21:21:02.840+0800	[34mINFO[0m	runtime/proc.go:290	Shutting down server...
2026-03-15T21:21:02.840+0800	[31mERROR[0m	runtime/asm_amd64.s:1771	Server error	{"error": "http: Server closed"}
2026-03-15T21:21:02.840+0800	[34mINFO[0m	runtime/proc.go:290	Server exited properly
2026-03-15T21:21:02.840+0800	[34mINFO[0m	cmd/main.go:108	Closing database connection...
2026-03-15T21:21:43.888+0800	[34mINFO[0m	runtime/proc.go:290	Starting application...
2026-03-15T21:21:43.912+0800	[34mINFO[0m	runtime/proc.go:290	Connecting to PostgreSQL database...
2026-03-15T21:21:43.955+0800	[34mINFO[0m	runtime/proc.go:290	Database connected successfully	{"database": "School-manajement"}
2026-03-15T21:21:43.955+0800	[34mINFO[0m	runtime/asm_amd64.s:1771	Starting server	{"port": ":8080"}
2026-03-15T21:21:48.581+0800	[34mINFO[0m	http/server.go:2286	HTTP Request completed	{"method": "POST", "path": "/api/v1/absensi", "ip": "[::1]:54556", "status": 201, "duration": 0.0053967}
2026-03-15T21:33:27.241+0800	[34mINFO[0m	runtime/proc.go:290	Shutting down server...
2026-03-15T21:33:27.242+0800	[31mERROR[0m	runtime/asm_amd64.s:1771	Server error	{"error": "http: Server closed"}
2026-03-15T21:33:27.242+0800	[34mINFO[0m	runtime/proc.go:290	Server exited properly
2026-03-15T21:33:27.243+0800	[34mINFO[0m	cmd/main.go:108	Closing database connection...
2026-03-16T11:03:28.926+0800	[34mINFO[0m	runtime/proc.go:290	Starting application...
2026-03-16T11:03:28.946+0800	[34mINFO[0m	runtime/proc.go:290	Connecting to PostgreSQL database...
2026-03-16T11:03:28.986+0800	[34mINFO[0m	runtime/proc.go:290	Database connected successfully	{"database": "School-manajement"}
2026-03-16T11:03:28.986+0800	[34mINFO[0m	runtime/asm_amd64.s:1771	Starting server	{"port": ":8080"}
2026-03-16T11:03:45.966+0800	[34mINFO[0m	http/server.go:2286	HTTP Request completed	{"method": "POST", "path": "/api/v1/login", "ip": "[::1]:59538", "status": 200, "duration": 0.055054}
2026-03-16T11:04:27.314+0800	[31mERROR[0m	http/server.go:2286	Failed to update the status!	{"request_id": "a4ea8262-6ffd-4285-b6e1-813ecf27c29b", "client_ip": "[::1]:59538"}
2026-03-16T11:04:27.314+0800	[34mINFO[0m	http/server.go:2286	HTTP Request completed	{"method": "POST", "path": "/api/v1/absensi", "ip": "[::1]:59538", "status": 400, "duration": 0.0042276}
2026-03-16T11:04:41.016+0800	[31mERROR[0m	http/server.go:2286	Failed to update the status!	{"request_id": "102c63b0-19cd-48e6-985b-1c4e20f299ac", "client_ip": "[::1]:59538"}
2026-03-16T11:04:41.017+0800	[34mINFO[0m	http/server.go:2286	HTTP Request completed	{"method": "POST", "path": "/api/v1/absensi", "ip": "[::1]:59538", "status": 400, "duration": 0.0069044}
2026-03-16T11:05:52.606+0800	[34mINFO[0m	runtime/proc.go:290	Shutting down server...
2026-03-16T11:05:52.606+0800	[31mERROR[0m	runtime/asm_amd64.s:1771	Server error	{"error": "http: Server closed"}
2026-03-16T11:05:52.606+0800	[34mINFO[0m	runtime/proc.go:290	Server exited properly
2026-03-16T11:05:52.607+0800	[34mINFO[0m	cmd/main.go:108	Closing database connection...
2026-03-16T11:06:13.143+0800	[34mINFO[0m	runtime/proc.go:290	Starting application...
2026-03-16T11:06:13.161+0800	[34mINFO[0m	runtime/proc.go:290	Connecting to PostgreSQL database...
2026-03-16T11:06:13.204+0800	[34mINFO[0m	runtime/proc.go:290	Database connected successfully	{"database": "School-manajement"}
2026-03-16T11:06:13.204+0800	[34mINFO[0m	runtime/asm_amd64.s:1771	Starting server	{"port": ":8080"}
2026-03-16T11:06:17.827+0800	[31mERROR[0m	http/server.go:2286	Failed to update the status!	{"request_id": "b8b4d467-04ea-4e85-87a6-3687595959b1", "client_ip": "[::1]:57581"}
2026-03-16T11:06:17.827+0800	[34mINFO[0m	http/server.go:2286	HTTP Request completed	{"method": "POST", "path": "/api/v1/absensi", "ip": "[::1]:57581", "status": 400, "duration": 0.0027679}
2026-03-16T11:06:21.430+0800	[31mERROR[0m	http/server.go:2286	Failed to update the status!	{"request_id": "5a7a1405-6908-4fb8-b3d4-92645a8f38fb", "client_ip": "[::1]:57581"}
2026-03-16T11:06:21.430+0800	[34mINFO[0m	http/server.go:2286	HTTP Request completed	{"method": "POST", "path": "/api/v1/absensi", "ip": "[::1]:57581", "status": 400, "duration": 0.0010302}
2026-03-16T11:10:03.957+0800	[34mINFO[0m	runtime/proc.go:290	Shutting down server...
2026-03-16T11:10:03.958+0800	[31mERROR[0m	runtime/asm_amd64.s:1771	Server error	{"error": "http: Server closed"}
2026-03-16T11:10:03.958+0800	[34mINFO[0m	runtime/proc.go:290	Server exited properly
2026-03-16T11:10:03.959+0800	[34mINFO[0m	cmd/main.go:108	Closing database connection...
2026-03-16T11:11:42.004+0800	[34mINFO[0m	runtime/proc.go:290	Starting application...
2026-03-16T11:11:42.023+0800	[34mINFO[0m	runtime/proc.go:290	Connecting to PostgreSQL database...
2026-03-16T11:11:42.066+0800	[34mINFO[0m	runtime/proc.go:290	Database connected successfully	{"database": "School-manajement"}
2026-03-16T11:11:42.067+0800	[34mINFO[0m	runtime/asm_amd64.s:1771	Starting server	{"port": ":8080"}
2026-03-16T11:11:51.634+0800	[34mINFO[0m	runtime/proc.go:290	Shutting down server...
2026-03-16T11:11:51.634+0800	[34mINFO[0m	runtime/proc.go:290	Server exited properly
2026-03-16T11:11:51.634+0800	[31mERROR[0m	runtime/asm_amd64.s:1771	Server error	{"error": "http: Server closed"}
2026-03-16T11:11:51.634+0800	[34mINFO[0m	cmd/main.go:108	Closing database connection...
2026-03-16T11:14:45.745+0800	[34mINFO[0m	runtime/proc.go:290	Starting application...
2026-03-16T11:14:45.763+0800	[34mINFO[0m	runtime/proc.go:290	Connecting to PostgreSQL database...
2026-03-16T11:14:45.799+0800	[34mINFO[0m	runtime/proc.go:290	Database connected successfully	{"database": "School-manajement"}
2026-03-16T11:14:45.800+0800	[34mINFO[0m	runtime/asm_amd64.s:1771	Starting server	{"port": ":8080"}
2026-03-16T11:14:50.630+0800	[31mERROR[0m	http/server.go:2286	Failed to update the status!	{"request_id": "ff5b8dfa-fdd7-41e7-a676-1f75424de5c5", "client_ip": "[::1]:52655"}
2026-03-16T11:14:50.630+0800	[34mINFO[0m	http/server.go:2286	HTTP Request completed	{"method": "POST", "path": "/api/v1/absensi", "ip": "[::1]:52655", "status": 400, "duration": 0.0024655}
2026-03-16T11:16:30.303+0800	[34mINFO[0m	runtime/proc.go:290	Shutting down server...
2026-03-16T11:16:30.303+0800	[31mERROR[0m	runtime/asm_amd64.s:1771	Server error	{"error": "http: Server closed"}
2026-03-16T11:16:30.303+0800	[34mINFO[0m	runtime/proc.go:290	Server exited properly
2026-03-16T11:16:30.305+0800	[34mINFO[0m	cmd/main.go:108	Closing database connection...
2026-03-16T11:16:46.721+0800	[34mINFO[0m	runtime/proc.go:290	Starting application...
2026-03-16T11:16:46.740+0800	[34mINFO[0m	runtime/proc.go:290	Connecting to PostgreSQL database...
2026-03-16T11:16:46.897+0800	[34mINFO[0m	runtime/proc.go:290	Database connected successfully	{"database": "School-manajement"}
2026-03-16T11:16:46.897+0800	[34mINFO[0m	runtime/asm_amd64.s:1771	Starting server	{"port": ":8080"}
2026-03-16T11:16:51.363+0800	[31mERROR[0m	http/server.go:2286	Failed to update the status!	{"request_id": "56ab0384-c6d5-49fd-ae62-2287a8a01abf", "client_ip": "[::1]:55588"}
2026-03-16T11:16:51.363+0800	[34mINFO[0m	http/server.go:2286	HTTP Request completed	{"method": "POST", "path": "/api/v1/absensi", "ip": "[::1]:55588", "status": 400, "duration": 0.0033175}
2026-03-16T11:19:00.630+0800	[34mINFO[0m	runtime/proc.go:290	Shutting down server...
2026-03-16T11:19:00.630+0800	[31mERROR[0m	runtime/asm_amd64.s:1771	Server error	{"error": "http: Server closed"}
2026-03-16T11:19:00.630+0800	[34mINFO[0m	runtime/proc.go:290	Server exited properly
2026-03-16T11:19:00.631+0800	[34mINFO[0m	cmd/main.go:108	Closing database connection...
2026-03-16T11:19:08.009+0800	[34mINFO[0m	runtime/proc.go:290	Starting application...
2026-03-16T11:19:08.026+0800	[34mINFO[0m	runtime/proc.go:290	Connecting to PostgreSQL database...
2026-03-16T11:19:08.067+0800	[34mINFO[0m	runtime/proc.go:290	Database connected successfully	{"database": "School-manajement"}
2026-03-16T11:19:08.068+0800	[34mINFO[0m	runtime/asm_amd64.s:1771	Starting server	{"port": ":8080"}
2026-03-16T11:19:12.872+0800	[31mERROR[0m	http/server.go:2286	Failed to update the status!	{"request_id": "dde7fe6d-db73-4374-aec3-cfe0e6d8c803", "client_ip": "[::1]:65218"}
2026-03-16T11:19:12.872+0800	[34mINFO[0m	http/server.go:2286	HTTP Request completed	{"method": "POST", "path": "/api/v1/absensi", "ip": "[::1]:65218", "status": 400, "duration": 0.0028533}
2026-03-16T11:23:26.085+0800	[34mINFO[0m	runtime/proc.go:290	Shutting down server...
2026-03-16T11:23:26.085+0800	[31mERROR[0m	runtime/asm_amd64.s:1771	Server error	{"error": "http: Server closed"}
2026-03-16T11:23:26.085+0800	[34mINFO[0m	runtime/proc.go:290	Server exited properly
2026-03-16T11:23:26.086+0800	[34mINFO[0m	cmd/main.go:108	Closing database connection...
2026-03-16T11:23:40.011+0800	[34mINFO[0m	runtime/proc.go:290	Starting application...
2026-03-16T11:23:40.027+0800	[34mINFO[0m	runtime/proc.go:290	Connecting to PostgreSQL database...
2026-03-16T11:23:40.064+0800	[34mINFO[0m	runtime/proc.go:290	Database connected successfully	{"database": "School-manajement"}
2026-03-16T11:23:40.064+0800	[34mINFO[0m	runtime/asm_amd64.s:1771	Starting server	{"port": ":8080"}
2026-03-16T11:23:45.197+0800	[31mERROR[0m	http/server.go:2286	Failed to update the status!	{"request_id": "8af82b60-72ef-49fa-9d55-e3b48a41f07e", "client_ip": "[::1]:60860"}
2026-03-16T11:23:45.197+0800	[34mINFO[0m	http/server.go:2286	HTTP Request completed	{"method": "POST", "path": "/api/v1/absensi", "ip": "[::1]:60860", "status": 400, "duration": 0.0038048}
2026-03-16T11:28:07.350+0800	[34mINFO[0m	runtime/proc.go:290	Shutting down server...
2026-03-16T11:28:07.350+0800	[31mERROR[0m	runtime/asm_amd64.s:1771	Server error	{"error": "http: Server closed"}
2026-03-16T11:28:07.350+0800	[34mINFO[0m	runtime/proc.go:290	Server exited properly
2026-03-16T11:28:07.350+0800	[34mINFO[0m	cmd/main.go:108	Closing database connection...
2026-03-16T11:29:10.233+0800	[34mINFO[0m	runtime/proc.go:290	Starting application...
2026-03-16T11:29:10.251+0800	[34mINFO[0m	runtime/proc.go:290	Connecting to PostgreSQL database...
2026-03-16T11:29:10.291+0800	[34mINFO[0m	runtime/proc.go:290	Database connected successfully	{"database": "School-manajement"}
2026-03-16T11:29:10.292+0800	[34mINFO[0m	runtime/asm_amd64.s:1771	Starting server	{"port": ":8080"}
2026-03-16T11:29:17.892+0800	[31mERROR[0m	http/server.go:2286	Failed to update the status!	{"request_id": "e50f7a40-7433-4458-8a95-4a0249577f24", "client_ip": "[::1]:55594"}
2026-03-16T11:29:17.892+0800	[34mINFO[0m	http/server.go:2286	HTTP Request completed	{"method": "POST", "path": "/api/v1/absensi", "ip": "[::1]:55594", "status": 400, "duration": 0.0044715}
2026-03-16T11:31:47.583+0800	[34mINFO[0m	runtime/proc.go:290	Shutting down server...
2026-03-16T11:31:47.583+0800	[31mERROR[0m	runtime/asm_amd64.s:1771	Server error	{"error": "http: Server closed"}
2026-03-16T11:31:47.583+0800	[34mINFO[0m	runtime/proc.go:290	Server exited properly
2026-03-16T11:31:47.584+0800	[34mINFO[0m	cmd/main.go:108	Closing database connection...
2026-03-16T11:32:29.270+0800	[34mINFO[0m	runtime/proc.go:290	Starting application...
2026-03-16T11:32:29.287+0800	[34mINFO[0m	runtime/proc.go:290	Connecting to PostgreSQL database...
2026-03-16T11:32:29.328+0800	[34mINFO[0m	runtime/proc.go:290	Database connected successfully	{"database": "School-manajement"}
2026-03-16T11:32:29.328+0800	[34mINFO[0m	runtime/asm_amd64.s:1771	Starting server	{"port": ":8080"}
2026-03-16T11:33:18.365+0800	[31mERROR[0m	http/server.go:2286	Failed to create the new absensi for students!	{"request_id": "b3076693-c9bc-4d2f-823a-27e461d201ab", "client_ip": "[::1]:58660"}
2026-03-16T11:33:18.366+0800	[34mINFO[0m	http/server.go:2286	HTTP Request completed	{"method": "POST", "path": "/api/v1/absensi", "ip": "[::1]:58660", "status": 400, "duration": 0.0045102}
2026-03-16T11:33:30.805+0800	[34mINFO[0m	runtime/proc.go:290	Shutting down server...
2026-03-16T11:33:30.805+0800	[31mERROR[0m	runtime/asm_amd64.s:1771	Server error	{"error": "http: Server closed"}
2026-03-16T11:33:30.807+0800	[34mINFO[0m	runtime/proc.go:290	Server exited properly
2026-03-16T11:33:30.807+0800	[34mINFO[0m	cmd/main.go:108	Closing database connection...
2026-03-16T11:34:05.013+0800	[34mINFO[0m	runtime/proc.go:290	Starting application...
2026-03-16T11:34:05.033+0800	[34mINFO[0m	runtime/proc.go:290	Connecting to PostgreSQL database...
2026-03-16T11:34:05.073+0800	[34mINFO[0m	runtime/proc.go:290	Database connected successfully	{"database": "School-manajement"}
2026-03-16T11:34:05.073+0800	[34mINFO[0m	runtime/asm_amd64.s:1771	Starting server	{"port": ":8080"}
2026-03-16T11:34:11.253+0800	[31mERROR[0m	http/server.go:2286	Failed to create the new absensi for students!	{"request_id": "31c07af1-a134-4f6b-aa02-4267c43aafb4", "client_ip": "[::1]:57369"}
2026-03-16T11:34:11.253+0800	[34mINFO[0m	http/server.go:2286	HTTP Request completed	{"method": "POST", "path": "/api/v1/absensi", "ip": "[::1]:57369", "status": 400, "duration": 0.0046094}
2026-03-16T11:35:01.738+0800	[34mINFO[0m	runtime/proc.go:290	Shutting down server...
2026-03-16T11:35:01.738+0800	[31mERROR[0m	runtime/asm_amd64.s:1771	Server error	{"error": "http: Server closed"}
2026-03-16T11:35:01.738+0800	[34mINFO[0m	runtime/proc.go:290	Server exited properly
2026-03-16T11:35:01.739+0800	[34mINFO[0m	cmd/main.go:108	Closing database connection...
2026-03-16T11:35:12.767+0800	[34mINFO[0m	runtime/proc.go:290	Starting application...
2026-03-16T11:35:12.784+0800	[34mINFO[0m	runtime/proc.go:290	Connecting to PostgreSQL database...
2026-03-16T11:35:12.820+0800	[34mINFO[0m	runtime/proc.go:290	Database connected successfully	{"database": "School-manajement"}
2026-03-16T11:35:12.821+0800	[34mINFO[0m	runtime/asm_amd64.s:1771	Starting server	{"port": ":8080"}
2026-03-16T11:35:27.717+0800	[34mINFO[0m	http/server.go:2286	HTTP Request completed	{"method": "POST", "path": "/api/v1/absensi", "ip": "[::1]:50775", "status": 201, "duration": 0.005151}
2026-03-16T11:36:06.471+0800	[34mINFO[0m	runtime/proc.go:290	Shutting down server...
2026-03-16T11:36:06.472+0800	[31mERROR[0m	runtime/asm_amd64.s:1771	Server error	{"error": "http: Server closed"}
2026-03-16T11:36:06.472+0800	[34mINFO[0m	runtime/proc.go:290	Server exited properly
2026-03-16T11:36:06.473+0800	[34mINFO[0m	cmd/main.go:108	Closing database connection...
2026-03-16T11:45:31.253+0800	[34mINFO[0m	runtime/proc.go:290	Starting application...
2026-03-16T11:45:31.272+0800	[34mINFO[0m	runtime/proc.go:290	Connecting to PostgreSQL database...
2026-03-16T11:45:31.313+0800	[34mINFO[0m	runtime/proc.go:290	Database connected successfully	{"database": "School-manajement"}
2026-03-16T11:45:31.313+0800	[34mINFO[0m	runtime/asm_amd64.s:1771	Starting server	{"port": ":8080"}
2026-03-16T11:45:54.960+0800	[31mERROR[0m	http/server.go:2286	Failed to get absensi data by id!	{"request_id": "ae3a5ec5-691a-431c-97de-cd8a9224695c", "client_ip": "[::1]:62440"}
2026-03-16T11:45:54.961+0800	[34mINFO[0m	http/server.go:2286	HTTP Request completed	{"method": "POST", "path": "/api/v1/absensi", "ip": "[::1]:62440", "status": 400, "duration": 0.0055252}
2026-03-16T11:46:09.165+0800	[34mINFO[0m	runtime/proc.go:290	Shutting down server...
2026-03-16T11:46:09.165+0800	[31mERROR[0m	runtime/asm_amd64.s:1771	Server error	{"error": "http: Server closed"}
2026-03-16T11:46:09.165+0800	[34mINFO[0m	runtime/proc.go:290	Server exited properly
2026-03-16T11:46:09.166+0800	[34mINFO[0m	cmd/main.go:108	Closing database connection...
2026-03-16T11:46:20.395+0800	[34mINFO[0m	runtime/proc.go:290	Starting application...
2026-03-16T11:46:20.416+0800	[34mINFO[0m	runtime/proc.go:290	Connecting to PostgreSQL database...
2026-03-16T11:46:20.461+0800	[34mINFO[0m	runtime/proc.go:290	Database connected successfully	{"database": "School-manajement"}
2026-03-16T11:46:20.461+0800	[34mINFO[0m	runtime/asm_amd64.s:1771	Starting server	{"port": ":8080"}
2026-03-16T11:46:24.583+0800	[31mERROR[0m	http/server.go:2286	Failed to get absensi data by id!	{"request_id": "2a5f6ca3-a02c-40eb-833e-a3f729d7f5b5", "client_ip": "[::1]:62449"}
2026-03-16T11:46:24.583+0800	[34mINFO[0m	http/server.go:2286	HTTP Request completed	{"method": "POST", "path": "/api/v1/absensi", "ip": "[::1]:62449", "status": 400, "duration": 0.0051954}
2026-03-16T11:46:32.205+0800	[34mINFO[0m	runtime/proc.go:290	Shutting down server...
2026-03-16T11:46:32.206+0800	[31mERROR[0m	runtime/asm_amd64.s:1771	Server error	{"error": "http: Server closed"}
2026-03-16T11:46:32.206+0800	[34mINFO[0m	runtime/proc.go:290	Server exited properly
2026-03-16T11:46:32.207+0800	[34mINFO[0m	cmd/main.go:108	Closing database connection...
2026-03-16T11:46:43.574+0800	[34mINFO[0m	runtime/proc.go:290	Starting application...
2026-03-16T11:46:43.591+0800	[34mINFO[0m	runtime/proc.go:290	Connecting to PostgreSQL database...
2026-03-16T11:46:43.641+0800	[34mINFO[0m	runtime/proc.go:290	Database connected successfully	{"database": "School-manajement"}
2026-03-16T11:46:43.642+0800	[34mINFO[0m	runtime/asm_amd64.s:1771	Starting server	{"port": ":8080"}
2026-03-16T11:46:48.498+0800	[34mINFO[0m	http/server.go:2286	HTTP Request completed	{"method": "POST", "path": "/api/v1/absensi", "ip": "[::1]:62457", "status": 201, "duration": 0.0059091}
2026-03-16T11:48:55.297+0800	[34mINFO[0m	runtime/proc.go:290	Shutting down server...
2026-03-16T11:48:55.297+0800	[31mERROR[0m	runtime/asm_amd64.s:1771	Server error	{"error": "http: Server closed"}
2026-03-16T11:48:55.297+0800	[34mINFO[0m	runtime/proc.go:290	Server exited properly
2026-03-16T11:48:55.298+0800	[34mINFO[0m	cmd/main.go:108	Closing database connection...
2026-03-16T11:49:02.344+0800	[34mINFO[0m	runtime/proc.go:290	Starting application...
2026-03-16T11:49:02.362+0800	[34mINFO[0m	runtime/proc.go:290	Connecting to PostgreSQL database...
2026-03-16T11:49:02.400+0800	[34mINFO[0m	runtime/proc.go:290	Database connected successfully	{"database": "School-manajement"}
2026-03-16T11:49:02.401+0800	[34mINFO[0m	runtime/asm_amd64.s:1771	Starting server	{"port": ":8080"}
2026-03-16T11:49:07.738+0800	[34mINFO[0m	http/server.go:2286	HTTP Request completed	{"method": "POST", "path": "/api/v1/absensi", "ip": "[::1]:49997", "status": 201, "duration": 0.0047914}
2026-03-16T11:50:06.342+0800	[34mINFO[0m	runtime/proc.go:290	Shutting down server...
2026-03-16T11:50:06.342+0800	[31mERROR[0m	runtime/asm_amd64.s:1771	Server error	{"error": "http: Server closed"}
2026-03-16T11:50:06.342+0800	[34mINFO[0m	runtime/proc.go:290	Server exited properly
2026-03-16T11:50:06.343+0800	[34mINFO[0m	cmd/main.go:108	Closing database connection...
2026-03-16T11:50:18.370+0800	[34mINFO[0m	runtime/proc.go:290	Starting application...
2026-03-16T11:50:18.389+0800	[34mINFO[0m	runtime/proc.go:290	Connecting to PostgreSQL database...
2026-03-16T11:50:18.429+0800	[34mINFO[0m	runtime/proc.go:290	Database connected successfully	{"database": "School-manajement"}
2026-03-16T11:50:18.429+0800	[34mINFO[0m	runtime/asm_amd64.s:1771	Starting server	{"port": ":8080"}
2026-03-16T11:50:25.079+0800	[34mINFO[0m	http/server.go:2286	HTTP Request completed	{"method": "POST", "path": "/api/v1/absensi", "ip": "[::1]:50009", "status": 201, "duration": 0.0058487}
2026-03-16T11:51:04.137+0800	[34mINFO[0m	http/server.go:2286	HTTP Request completed	{"method": "POST", "path": "/api/v1/absensi", "ip": "[::1]:50009", "status": 201, "duration": 0.0035846}
2026-03-16T11:51:29.655+0800	[34mINFO[0m	runtime/proc.go:290	Shutting down server...
2026-03-16T11:51:29.655+0800	[31mERROR[0m	runtime/asm_amd64.s:1771	Server error	{"error": "http: Server closed"}
2026-03-16T11:51:29.656+0800	[34mINFO[0m	runtime/proc.go:290	Server exited properly
2026-03-16T11:51:29.656+0800	[34mINFO[0m	cmd/main.go:108	Closing database connection...
2026-03-17T10:43:04.704+0800	[34mINFO[0m	runtime/proc.go:290	Starting application...
2026-03-17T10:43:04.726+0800	[34mINFO[0m	runtime/proc.go:290	Connecting to PostgreSQL database...
2026-03-17T10:43:04.779+0800	[34mINFO[0m	runtime/proc.go:290	Database connected successfully	{"database": "School-manajement"}
2026-03-17T10:43:04.779+0800	[34mINFO[0m	runtime/asm_amd64.s:1771	Starting server	{"port": ":8080"}
2026-03-17T10:45:34.596+0800	[34mINFO[0m	runtime/proc.go:290	Starting application...
2026-03-17T10:45:34.618+0800	[34mINFO[0m	runtime/proc.go:290	Connecting to PostgreSQL database...
2026-03-17T10:45:34.658+0800	[34mINFO[0m	runtime/proc.go:290	Database connected successfully	{"database": "School-manajement"}
2026-03-17T10:45:34.658+0800	[34mINFO[0m	runtime/asm_amd64.s:1771	Starting server	{"port": ":8080"}
2026-03-17T10:45:34.659+0800	[31mERROR[0m	runtime/asm_amd64.s:1771	Server error	{"error": "listen tcp :8080: bind: Only one usage of each socket address (protocol/network address/port) is normally permitted."}
2026-03-17T10:45:50.609+0800	[34mINFO[0m	runtime/proc.go:290	Shutting down server...
2026-03-17T10:45:50.609+0800	[34mINFO[0m	runtime/proc.go:290	Server exited properly
2026-03-17T10:45:50.609+0800	[34mINFO[0m	runtime/proc.go:290	Shutting down server...
2026-03-17T10:45:50.610+0800	[34mINFO[0m	cmd/main.go:108	Closing database connection...
2026-03-17T10:45:50.610+0800	[31mERROR[0m	runtime/asm_amd64.s:1771	Server error	{"error": "http: Server closed"}
2026-03-17T10:45:50.610+0800	[34mINFO[0m	runtime/proc.go:290	Server exited properly
2026-03-17T10:45:50.611+0800	[34mINFO[0m	cmd/main.go:108	Closing database connection...
2026-03-17T10:45:53.672+0800	[34mINFO[0m	runtime/proc.go:290	Starting application...
2026-03-17T10:45:53.693+0800	[34mINFO[0m	runtime/proc.go:290	Connecting to PostgreSQL database...
2026-03-17T10:45:53.734+0800	[34mINFO[0m	runtime/proc.go:290	Database connected successfully	{"database": "School-manajement"}
2026-03-17T10:45:53.734+0800	[34mINFO[0m	runtime/asm_amd64.s:1771	Starting server	{"port": ":8080"}
2026-03-17T10:46:02.761+0800	[34mINFO[0m	http/server.go:2286	HTTP Request completed	{"method": "POST", "path": "/api/v1/absensi", "ip": "[::1]:53561", "status": 201, "duration": 0.0539094}
2026-03-17T10:46:15.201+0800	[34mINFO[0m	http/server.go:2286	HTTP Request completed	{"method": "POST", "path": "/api/v1/absensi", "ip": "[::1]:53561", "status": 201, "duration": 0.0023768}
2026-03-17T10:47:51.468+0800	[34mINFO[0m	runtime/proc.go:290	Shutting down server...
2026-03-17T10:47:51.468+0800	[34mINFO[0m	runtime/proc.go:290	Server exited properly
2026-03-17T10:47:51.468+0800	[31mERROR[0m	runtime/asm_amd64.s:1771	Server error	{"error": "http: Server closed"}
2026-03-17T10:47:51.468+0800	[34mINFO[0m	cmd/main.go:108	Closing database connection...
2026-03-17T10:48:05.093+0800	[34mINFO[0m	runtime/proc.go:290	Starting application...
2026-03-17T10:48:05.111+0800	[34mINFO[0m	runtime/proc.go:290	Connecting to PostgreSQL database...
2026-03-17T10:48:05.153+0800	[34mINFO[0m	runtime/proc.go:290	Database connected successfully	{"database": "School-manajement"}
2026-03-17T10:48:05.154+0800	[34mINFO[0m	runtime/asm_amd64.s:1771	Starting server	{"port": ":8080"}
2026-03-17T10:48:11.603+0800	[34mINFO[0m	http/server.go:2286	HTTP Request completed	{"method": "POST", "path": "/api/v1/absensi", "ip": "[::1]:60882", "status": 400, "duration": 0.0107508}
2026-03-17T10:48:42.375+0800	[34mINFO[0m	http/server.go:2286	HTTP Request completed	{"method": "POST", "path": "/api/v1/absensi", "ip": "[::1]:60882", "status": 201, "duration": 0.002603}
2026-03-17T10:49:32.303+0800	[34mINFO[0m	runtime/proc.go:290	Shutting down server...
2026-03-17T10:49:32.303+0800	[31mERROR[0m	runtime/asm_amd64.s:1771	Server error	{"error": "http: Server closed"}
2026-03-17T10:49:32.303+0800	[34mINFO[0m	runtime/proc.go:290	Server exited properly
2026-03-17T10:49:32.304+0800	[34mINFO[0m	cmd/main.go:108	Closing database connection...
2026-03-17T10:49:39.931+0800	[34mINFO[0m	runtime/proc.go:290	Starting application...
2026-03-17T10:49:39.950+0800	[34mINFO[0m	runtime/proc.go:290	Connecting to PostgreSQL database...
2026-03-17T10:49:39.990+0800	[34mINFO[0m	runtime/proc.go:290	Database connected successfully	{"database": "School-manajement"}
2026-03-17T10:49:39.990+0800	[34mINFO[0m	runtime/asm_amd64.s:1771	Starting server	{"port": ":8080"}
2026-03-17T10:49:44.055+0800	[34mINFO[0m	http/server.go:2286	HTTP Request completed	{"method": "POST", "path": "/api/v1/absensi", "ip": "[::1]:60471", "status": 201, "duration": 0.0076204}
2026-03-17T10:50:02.192+0800	[34mINFO[0m	http/server.go:2286	HTTP Request completed	{"method": "POST", "path": "/api/v1/absensi", "ip": "[::1]:60471", "status": 400, "duration": 0.004338}
2026-03-17T10:50:49.198+0800	[34mINFO[0m	runtime/proc.go:290	Shutting down server...
2026-03-17T10:50:49.198+0800	[31mERROR[0m	runtime/asm_amd64.s:1771	Server error	{"error": "http: Server closed"}
2026-03-17T10:50:49.199+0800	[34mINFO[0m	runtime/proc.go:290	Server exited properly
2026-03-17T10:50:49.199+0800	[34mINFO[0m	cmd/main.go:108	Closing database connection...
2026-03-17T10:52:04.374+0800	[34mINFO[0m	runtime/proc.go:290	Starting application...
2026-03-17T10:52:04.391+0800	[34mINFO[0m	runtime/proc.go:290	Connecting to PostgreSQL database...
2026-03-17T10:52:04.436+0800	[34mINFO[0m	runtime/proc.go:290	Database connected successfully	{"database": "School-manajement"}
2026-03-17T10:52:04.436+0800	[34mINFO[0m	runtime/asm_amd64.s:1771	Starting server	{"port": ":8080"}
2026-03-17T10:52:09.298+0800	[31mERROR[0m	http/server.go:2286	Failed to get absensi data by id!	{"request_id": "39676143-d68f-4e06-a9b7-8d4b2ab5fcc2", "client_ip": "[::1]:54144"}
2026-03-17T10:52:09.298+0800	[34mINFO[0m	http/server.go:2286	HTTP Request completed	{"method": "POST", "path": "/api/v1/absensi", "ip": "[::1]:54144", "status": 400, "duration": 0.0019487}
2026-03-17T10:56:14.696+0800	[34mINFO[0m	runtime/proc.go:290	Shutting down server...
2026-03-17T10:56:14.696+0800	[34mINFO[0m	runtime/proc.go:290	Server exited properly
2026-03-17T10:56:14.696+0800	[31mERROR[0m	runtime/asm_amd64.s:1771	Server error	{"error": "http: Server closed"}
2026-03-17T10:56:14.696+0800	[34mINFO[0m	cmd/main.go:108	Closing database connection...
2026-03-17T10:56:29.259+0800	[34mINFO[0m	runtime/proc.go:290	Starting application...
2026-03-17T10:56:29.276+0800	[34mINFO[0m	runtime/proc.go:290	Connecting to PostgreSQL database...
2026-03-17T10:56:29.320+0800	[34mINFO[0m	runtime/proc.go:290	Database connected successfully	{"database": "School-manajement"}
2026-03-17T10:56:29.320+0800	[34mINFO[0m	runtime/asm_amd64.s:1771	Starting server	{"port": ":8080"}
2026-03-17T10:56:41.144+0800	[31mERROR[0m	http/server.go:2286	Failed to update the status!	{"request_id": "f952ba4e-9ab4-46e5-b69d-88d168bac054", "client_ip": "[::1]:50456"}
2026-03-17T10:56:41.145+0800	[34mINFO[0m	http/server.go:2286	HTTP Request completed	{"method": "POST", "path": "/api/v1/absensi", "ip": "[::1]:50456", "status": 400, "duration": 0.0035123}
2026-03-17T11:02:38.876+0800	[34mINFO[0m	runtime/proc.go:290	Shutting down server...
2026-03-17T11:02:38.876+0800	[31mERROR[0m	runtime/asm_amd64.s:1771	Server error	{"error": "http: Server closed"}
2026-03-17T11:02:38.876+0800	[34mINFO[0m	runtime/proc.go:290	Server exited properly
2026-03-17T11:02:38.876+0800	[34mINFO[0m	cmd/main.go:108	Closing database connection...
2026-03-17T11:04:24.313+0800	[34mINFO[0m	runtime/proc.go:290	Starting application...
2026-03-17T11:04:24.331+0800	[34mINFO[0m	runtime/proc.go:290	Connecting to PostgreSQL database...
2026-03-17T11:04:24.377+0800	[34mINFO[0m	runtime/proc.go:290	Database connected successfully	{"database": "School-manajement"}
2026-03-17T11:04:24.377+0800	[34mINFO[0m	runtime/asm_amd64.s:1771	Starting server	{"port": ":8080"}
2026-03-17T11:04:31.860+0800	[33mWARN[0m	http/server.go:2286	Token validation failed	{"request_id": "8788cb25-4285-4003-b233-84661dbe2847", "client_ip": "[::1]:60954", "error": "token has invalid claims: token is expired"}
2026-03-17T11:04:31.860+0800	[34mINFO[0m	http/server.go:2286	HTTP Request completed	{"method": "POST", "path": "/api/v1/absensi", "ip": "[::1]:60954", "status": 400, "duration": 0.0005053}
2026-03-17T11:05:25.010+0800	[34mINFO[0m	http/server.go:2286	HTTP Request completed	{"method": "POST", "path": "/api/v1/login", "ip": "[::1]:60954", "status": 200, "duration": 0.0716996}
2026-03-17T11:05:38.004+0800	[34mINFO[0m	http/server.go:2286	HTTP Request completed	{"method": "POST", "path": "/api/v1/absensi", "ip": "[::1]:60954", "status": 201, "duration": 0.0063705}
2026-03-17T11:06:04.367+0800	[34mINFO[0m	http/server.go:2286	HTTP Request completed	{"method": "POST", "path": "/api/v1/absensi", "ip": "[::1]:60954", "status": 400, "duration": 0.0015843}
2026-03-17T11:11:21.636+0800	[34mINFO[0m	runtime/proc.go:290	Shutting down server...
2026-03-17T11:11:21.636+0800	[31mERROR[0m	runtime/asm_amd64.s:1771	Server error	{"error": "http: Server closed"}
2026-03-17T11:11:21.637+0800	[34mINFO[0m	runtime/proc.go:290	Server exited properly
2026-03-17T11:11:21.637+0800	[34mINFO[0m	cmd/main.go:108	Closing database connection...
2026-03-17T11:25:02.191+0800	[34mINFO[0m	runtime/proc.go:290	Starting application...
2026-03-17T11:25:02.218+0800	[34mINFO[0m	runtime/proc.go:290	Connecting to PostgreSQL database...
2026-03-17T11:25:02.385+0800	[34mINFO[0m	runtime/proc.go:290	Database connected successfully	{"database": "School-manajement"}
2026-03-17T11:25:02.385+0800	[34mINFO[0m	runtime/asm_amd64.s:1771	Starting server	{"port": ":8080"}
2026-03-17T11:26:32.297+0800	[31mERROR[0m	http/server.go:2286	Failed to create the new absensi for students!	{"request_id": "5cfc576f-90bc-4643-adbc-e2468a98ed5f", "client_ip": "[::1]:53543"}
2026-03-17T11:26:32.299+0800	[34mINFO[0m	http/server.go:2286	HTTP Request completed	{"method": "POST", "path": "/api/v1/absensi", "ip": "[::1]:53543", "status": 400, "duration": 0.0067012}
2026-03-17T11:30:52.075+0800	[34mINFO[0m	http/server.go:2286	HTTP Request completed	{"method": "POST", "path": "/api/v1/absensi", "ip": "[::1]:52981", "status": 201, "duration": 0.0458709}
2026-03-17T11:32:07.788+0800	[31mERROR[0m	http/server.go:2286	Failed to create the new absensi for students!	{"request_id": "d4dff77b-7d2b-43d2-bd75-7f4644ef9991", "client_ip": "[::1]:57657"}
2026-03-17T11:32:07.790+0800	[34mINFO[0m	http/server.go:2286	HTTP Request completed	{"method": "POST", "path": "/api/v1/absensi", "ip": "[::1]:57657", "status": 400, "duration": 0.0079884}
2026-03-17T11:33:08.777+0800	[34mINFO[0m	runtime/proc.go:290	Shutting down server...
2026-03-17T11:33:08.778+0800	[31mERROR[0m	runtime/asm_amd64.s:1771	Server error	{"error": "http: Server closed"}
2026-03-17T11:33:08.778+0800	[34mINFO[0m	runtime/proc.go:290	Server exited properly
2026-03-17T11:33:08.778+0800	[34mINFO[0m	cmd/main.go:108	Closing database connection...
2026-03-17T11:35:15.824+0800	[34mINFO[0m	runtime/proc.go:290	Starting application...
2026-03-17T11:35:15.841+0800	[34mINFO[0m	runtime/proc.go:290	Connecting to PostgreSQL database...
2026-03-17T11:35:15.881+0800	[34mINFO[0m	runtime/proc.go:290	Database connected successfully	{"database": "School-manajement"}
2026-03-17T11:35:15.881+0800	[34mINFO[0m	runtime/asm_amd64.s:1771	Starting server	{"port": ":8080"}
2026-03-17T11:35:22.441+0800	[31mERROR[0m	http/server.go:2286	Failed to create the new absensi for students!	{"request_id": "c3df1448-e1b4-4d28-8762-711a71b3af76", "client_ip": "[::1]:52684"}
2026-03-17T11:35:22.441+0800	[34mINFO[0m	http/server.go:2286	HTTP Request completed	{"method": "POST", "path": "/api/v1/absensi", "ip": "[::1]:52684", "status": 400, "duration": 0.0060902}
2026-03-17T11:37:06.960+0800	[34mINFO[0m	runtime/proc.go:290	Shutting down server...
2026-03-17T11:37:06.960+0800	[31mERROR[0m	runtime/asm_amd64.s:1771	Server error	{"error": "http: Server closed"}
2026-03-17T11:37:06.961+0800	[34mINFO[0m	runtime/proc.go:290	Server exited properly
2026-03-17T11:37:06.961+0800	[34mINFO[0m	cmd/main.go:108	Closing database connection...
2026-03-17T11:37:21.937+0800	[34mINFO[0m	runtime/proc.go:290	Starting application...
2026-03-17T11:37:21.955+0800	[34mINFO[0m	runtime/proc.go:290	Connecting to PostgreSQL database...
2026-03-17T11:37:22.099+0800	[34mINFO[0m	runtime/proc.go:290	Database connected successfully	{"database": "School-manajement"}
2026-03-17T11:37:22.099+0800	[34mINFO[0m	runtime/asm_amd64.s:1771	Starting server	{"port": ":8080"}
2026-03-17T11:37:31.019+0800	[31mERROR[0m	http/server.go:2286	Failed to create the new absensi for students!	{"request_id": "6454b446-1c8e-4eb8-b07a-ed8fd3c3a2ed", "client_ip": "[::1]:52711"}
2026-03-17T11:37:31.020+0800	[34mINFO[0m	http/server.go:2286	HTTP Request completed	{"method": "POST", "path": "/api/v1/absensi", "ip": "[::1]:52711", "status": 400, "duration": 0.0043517}
2026-03-17T11:39:13.827+0800	[34mINFO[0m	runtime/proc.go:290	Shutting down server...
2026-03-17T11:39:13.827+0800	[31mERROR[0m	runtime/asm_amd64.s:1771	Server error	{"error": "http: Server closed"}
2026-03-17T11:39:13.827+0800	[34mINFO[0m	runtime/proc.go:290	Server exited properly
2026-03-17T11:39:13.827+0800	[34mINFO[0m	cmd/main.go:108	Closing database connection...
2026-03-17T11:40:28.912+0800	[34mINFO[0m	runtime/proc.go:290	Starting application...
2026-03-17T11:40:28.932+0800	[34mINFO[0m	runtime/proc.go:290	Connecting to PostgreSQL database...
2026-03-17T11:40:29.076+0800	[34mINFO[0m	runtime/proc.go:290	Database connected successfully	{"database": "School-manajement"}
2026-03-17T11:40:29.077+0800	[34mINFO[0m	runtime/asm_amd64.s:1771	Starting server	{"port": ":8080"}
2026-03-17T11:41:12.122+0800	[34mINFO[0m	http/server.go:2286	HTTP Request completed	{"method": "POST", "path": "/api/v1/absensi", "ip": "[::1]:62059", "status": 201, "duration": 0.0047866}
2026-03-17T11:42:13.738+0800	[34mINFO[0m	runtime/proc.go:290	Shutting down server...
2026-03-17T11:42:13.738+0800	[31mERROR[0m	runtime/asm_amd64.s:1771	Server error	{"error": "http: Server closed"}
2026-03-17T11:42:13.739+0800	[34mINFO[0m	runtime/proc.go:290	Server exited properly
2026-03-17T11:42:13.739+0800	[34mINFO[0m	cmd/main.go:108	Closing database connection...
2026-03-17T11:53:16.915+0800	[34mINFO[0m	runtime/proc.go:290	Starting application...
2026-03-17T11:53:16.934+0800	[34mINFO[0m	runtime/proc.go:290	Connecting to PostgreSQL database...
2026-03-17T11:53:16.979+0800	[34mINFO[0m	runtime/proc.go:290	Database connected successfully	{"database": "School-manajement"}
2026-03-17T11:53:16.979+0800	[34mINFO[0m	runtime/asm_amd64.s:1771	Starting server	{"port": ":8080"}
2026-03-17T11:53:23.285+0800	[34mINFO[0m	http/server.go:2286	HTTP Request completed	{"method": "POST", "path": "/api/v1/absensi", "ip": "[::1]:58407", "status": 201, "duration": 0.0030254}
2026-03-17T12:14:58.317+0800	[34mINFO[0m	runtime/proc.go:290	Shutting down server...
2026-03-17T12:14:58.318+0800	[31mERROR[0m	runtime/asm_amd64.s:1771	Server error	{"error": "http: Server closed"}
2026-03-17T12:14:58.318+0800	[34mINFO[0m	runtime/proc.go:290	Server exited properly
2026-03-17T12:14:58.318+0800	[34mINFO[0m	cmd/main.go:108	Closing database connection...
2026-03-18T19:50:49.695+0800	[34mINFO[0m	runtime/proc.go:290	Starting application...
2026-03-18T19:50:49.714+0800	[34mINFO[0m	runtime/proc.go:290	Connecting to PostgreSQL database...
2026-03-18T19:50:49.767+0800	[34mINFO[0m	runtime/proc.go:290	Database connected successfully	{"database": "School-manajement"}
2026-03-18T19:50:49.767+0800	[34mINFO[0m	runtime/asm_amd64.s:1771	Starting server	{"port": ":8080"}
2026-03-18T19:51:14.894+0800	[34mINFO[0m	http/server.go:2286	HTTP Request completed	{"method": "POST", "path": "/api/v1/login", "ip": "[::1]:60574", "status": 200, "duration": 0.0938961}
2026-03-18T19:52:16.056+0800	[34mINFO[0m	http/server.go:2286	HTTP Request completed	{"method": "POST", "path": "/api/v1/absensi", "ip": "[::1]:50605", "status": 201, "duration": 0.0129943}
2026-03-18T19:52:58.477+0800	[31mERROR[0m	http/server.go:2286	Failed to decod the payloads of the data	{"request_id": "1b4cff66-aeda-4b37-9d39-a5227a28c497", "client_ip": "[::1]:50605"}
2026-03-18T19:52:58.478+0800	[34mINFO[0m	http/server.go:2286	HTTP Request completed	{"method": "POST", "path": "/api/v1/absensi", "ip": "[::1]:50605", "status": 400, "duration": 0.0005869}
2026-03-18T19:53:03.777+0800	[31mERROR[0m	http/server.go:2286	Failed to create the new absensi for students!	{"request_id": "ab94fdc2-7c78-4fde-a9cb-de9fc2256a4f", "client_ip": "[::1]:50605"}
2026-03-18T19:53:03.778+0800	[34mINFO[0m	http/server.go:2286	HTTP Request completed	{"method": "POST", "path": "/api/v1/absensi", "ip": "[::1]:50605", "status": 400, "duration": 0.0014426}
2026-03-18T19:53:13.810+0800	[34mINFO[0m	http/server.go:2286	HTTP Request completed	{"method": "POST", "path": "/api/v1/absensi", "ip": "[::1]:50605", "status": 201, "duration": 0.0020616}
2026-03-18T19:55:22.851+0800	[33mWARN[0m	http/server.go:2286	Missing authorization header	{"request_id": "22f5b6e8-6aaa-4f49-85ac-47541fe32c84", "client_ip": "[::1]:51051", "path": "/api/v1/absensi/6fbb1f61-8b15-4f86-8533-47c07023a193"}
2026-03-18T19:55:22.851+0800	[34mINFO[0m	http/server.go:2286	HTTP Request completed	{"method": "PATCH", "path": "/api/v1/absensi/6fbb1f61-8b15-4f86-8533-47c07023a193", "ip": "[::1]:51051", "status": 400, "duration": 0.0006914}
2026-03-18T19:55:46.253+0800	[34mINFO[0m	http/server.go:2286	HTTP Request completed	{"method": "PATCH", "path": "/api/v1/absensi/6fbb1f61-8b15-4f86-8533-47c07023a193", "ip": "[::1]:51051", "status": 200, "duration": 0.0057815}
2026-03-18T19:57:04.610+0800	[34mINFO[0m	runtime/proc.go:290	Shutting down server...
2026-03-18T19:57:04.618+0800	[31mERROR[0m	runtime/asm_amd64.s:1771	Server error	{"error": "http: Server closed"}
2026-03-18T19:57:04.618+0800	[34mINFO[0m	runtime/proc.go:290	Server exited properly
2026-03-18T19:57:04.618+0800	[34mINFO[0m	cmd/main.go:108	Closing database connection...
2026-03-18T20:02:32.692+0800	[34mINFO[0m	runtime/proc.go:290	Starting application...
2026-03-18T20:02:32.717+0800	[34mINFO[0m	runtime/proc.go:290	Connecting to PostgreSQL database...
2026-03-18T20:02:32.757+0800	[34mINFO[0m	runtime/proc.go:290	Database connected successfully	{"database": "School-manajement"}
2026-03-18T20:02:32.757+0800	[34mINFO[0m	runtime/asm_amd64.s:1771	Starting server	{"port": ":8080"}
2026-03-18T20:02:39.158+0800	[31mERROR[0m	http/server.go:2286	Failed to update the absensi by id!	{"request_id": "333232b8-7719-4496-a43b-9bcb1ba6370d", "client_ip": "[::1]:58559"}
2026-03-18T20:02:39.158+0800	[34mINFO[0m	http/server.go:2286	HTTP Request completed	{"method": "PATCH", "path": "/api/v1/absensi/6fbb1f61-8b15-4f86-8533-47c07023a193", "ip": "[::1]:58559", "status": 400, "duration": 0.0352097}
2026-03-18T20:04:12.741+0800	[34mINFO[0m	runtime/proc.go:290	Shutting down server...
2026-03-18T20:04:12.742+0800	[31mERROR[0m	runtime/asm_amd64.s:1771	Server error	{"error": "http: Server closed"}
2026-03-18T20:04:12.742+0800	[34mINFO[0m	runtime/proc.go:290	Server exited properly
2026-03-18T20:04:12.743+0800	[34mINFO[0m	cmd/main.go:108	Closing database connection...
2026-03-18T20:04:25.163+0800	[34mINFO[0m	runtime/proc.go:290	Starting application...
2026-03-18T20:04:25.186+0800	[34mINFO[0m	runtime/proc.go:290	Connecting to PostgreSQL database...
2026-03-18T20:04:25.237+0800	[34mINFO[0m	runtime/proc.go:290	Database connected successfully	{"database": "School-manajement"}
2026-03-18T20:04:25.237+0800	[34mINFO[0m	runtime/asm_amd64.s:1771	Starting server	{"port": ":8080"}
2026-03-18T20:06:32.710+0800	[34mINFO[0m	runtime/proc.go:290	Shutting down server...
2026-03-18T20:06:32.713+0800	[31mERROR[0m	runtime/asm_amd64.s:1771	Server error	{"error": "http: Server closed"}
2026-03-18T20:06:32.714+0800	[34mINFO[0m	runtime/proc.go:290	Server exited properly
2026-03-18T20:06:32.714+0800	[34mINFO[0m	cmd/main.go:108	Closing database connection...
2026-03-18T20:07:14.912+0800	[34mINFO[0m	runtime/proc.go:290	Starting application...
2026-03-18T20:07:14.930+0800	[34mINFO[0m	runtime/proc.go:290	Connecting to PostgreSQL database...
2026-03-18T20:07:14.973+0800	[34mINFO[0m	runtime/proc.go:290	Database connected successfully	{"database": "School-manajement"}
2026-03-18T20:07:14.973+0800	[34mINFO[0m	runtime/asm_amd64.s:1771	Starting server	{"port": ":8080"}
2026-03-18T20:07:25.485+0800	[34mINFO[0m	runtime/proc.go:290	Starting application...
2026-03-18T20:07:25.499+0800	[34mINFO[0m	runtime/proc.go:290	Connecting to PostgreSQL database...
2026-03-18T20:07:25.536+0800	[34mINFO[0m	runtime/proc.go:290	Database connected successfully	{"database": "School-manajement"}
2026-03-18T20:07:25.536+0800	[34mINFO[0m	runtime/asm_amd64.s:1771	Starting server	{"port": ":8080"}
2026-03-18T20:07:25.537+0800	[31mERROR[0m	runtime/asm_amd64.s:1771	Server error	{"error": "listen tcp :8080: bind: Only one usage of each socket address (protocol/network address/port) is normally permitted."}
2026-03-18T20:07:32.024+0800	[34mINFO[0m	runtime/proc.go:290	Shutting down server...
2026-03-18T20:07:32.024+0800	[34mINFO[0m	runtime/proc.go:290	Shutting down server...
2026-03-18T20:07:32.024+0800	[34mINFO[0m	runtime/proc.go:290	Server exited properly
2026-03-18T20:07:32.024+0800	[34mINFO[0m	cmd/main.go:108	Closing database connection...
2026-03-18T20:07:32.024+0800	[31mERROR[0m	runtime/asm_amd64.s:1771	Server error	{"error": "http: Server closed"}
2026-03-18T20:07:32.024+0800	[34mINFO[0m	runtime/proc.go:290	Server exited properly
2026-03-18T20:07:32.025+0800	[34mINFO[0m	cmd/main.go:108	Closing database connection...
2026-03-18T20:07:38.250+0800	[34mINFO[0m	runtime/proc.go:290	Starting application...
2026-03-18T20:07:38.266+0800	[34mINFO[0m	runtime/proc.go:290	Connecting to PostgreSQL database...
2026-03-18T20:07:38.302+0800	[34mINFO[0m	runtime/proc.go:290	Database connected successfully	{"database": "School-manajement"}
2026-03-18T20:07:38.302+0800	[34mINFO[0m	runtime/asm_amd64.s:1771	Starting server	{"port": ":8080"}
2026-03-18T20:09:30.016+0800	[34mINFO[0m	runtime/proc.go:290	Shutting down server...
2026-03-18T20:09:30.016+0800	[31mERROR[0m	runtime/asm_amd64.s:1771	Server error	{"error": "http: Server closed"}
2026-03-18T20:09:30.016+0800	[34mINFO[0m	runtime/proc.go:290	Server exited properly
2026-03-18T20:09:30.016+0800	[34mINFO[0m	cmd/main.go:108	Closing database connection...
2026-03-18T20:09:44.122+0800	[34mINFO[0m	runtime/proc.go:290	Starting application...
2026-03-18T20:09:44.140+0800	[34mINFO[0m	runtime/proc.go:290	Connecting to PostgreSQL database...
2026-03-18T20:09:44.182+0800	[34mINFO[0m	runtime/proc.go:290	Database connected successfully	{"database": "School-manajement"}
2026-03-18T20:09:44.182+0800	[34mINFO[0m	runtime/asm_amd64.s:1771	Starting server	{"port": ":8080"}
2026-03-18T20:09:50.364+0800	[31mERROR[0m	http/server.go:2286	Failed to update the absensi by id!	{"request_id": "b502f605-60f8-42dd-a498-ceb0d5226e58", "client_ip": "[::1]:62222"}
2026-03-18T20:09:50.365+0800	[34mINFO[0m	http/server.go:2286	HTTP Request completed	{"method": "PATCH", "path": "/api/v1/absensi/6fbb1f61-8b15-4f86-8533-47c07023a193", "ip": "[::1]:62222", "status": 400, "duration": 0.0100559}
2026-03-18T20:10:02.578+0800	[34mINFO[0m	runtime/proc.go:290	Shutting down server...
2026-03-18T20:10:02.578+0800	[31mERROR[0m	runtime/asm_amd64.s:1771	Server error	{"error": "http: Server closed"}
2026-03-18T20:10:02.579+0800	[34mINFO[0m	runtime/proc.go:290	Server exited properly
2026-03-18T20:10:02.579+0800	[34mINFO[0m	cmd/main.go:108	Closing database connection...
2026-03-18T20:10:41.155+0800	[34mINFO[0m	runtime/proc.go:290	Starting application...
2026-03-18T20:10:41.170+0800	[34mINFO[0m	runtime/proc.go:290	Connecting to PostgreSQL database...
2026-03-18T20:10:41.209+0800	[34mINFO[0m	runtime/proc.go:290	Database connected successfully	{"database": "School-manajement"}
2026-03-18T20:10:41.210+0800	[34mINFO[0m	runtime/asm_amd64.s:1771	Starting server	{"port": ":8080"}
2026-03-18T20:10:58.711+0800	[31mERROR[0m	http/server.go:2286	Failed to update the absensi by id!	{"request_id": "fece3102-dffe-4f1c-a940-a5a326d2e1aa", "client_ip": "[::1]:65175"}
2026-03-18T20:10:58.711+0800	[34mINFO[0m	http/server.go:2286	HTTP Request completed	{"method": "PATCH", "path": "/api/v1/absensi/6fbb1f61-8b15-4f86-8533-47c07023a193", "ip": "[::1]:65175", "status": 400, "duration": 0.0020576}
2026-03-18T20:11:17.155+0800	[34mINFO[0m	runtime/proc.go:290	Shutting down server...
2026-03-18T20:11:17.160+0800	[31mERROR[0m	runtime/asm_amd64.s:1771	Server error	{"error": "http: Server closed"}
2026-03-18T20:11:17.160+0800	[34mINFO[0m	runtime/proc.go:290	Server exited properly
2026-03-18T20:11:17.161+0800	[34mINFO[0m	cmd/main.go:108	Closing database connection...
2026-03-18T20:11:31.177+0800	[34mINFO[0m	runtime/proc.go:290	Starting application...
2026-03-18T20:11:31.194+0800	[34mINFO[0m	runtime/proc.go:290	Connecting to PostgreSQL database...
2026-03-18T20:11:31.331+0800	[34mINFO[0m	runtime/proc.go:290	Database connected successfully	{"database": "School-manajement"}
2026-03-18T20:11:31.332+0800	[34mINFO[0m	runtime/asm_amd64.s:1771	Starting server	{"port": ":8080"}
2026-03-18T20:11:36.037+0800	[31mERROR[0m	http/server.go:2286	Failed to update the absensi by id!	{"request_id": "9ad40faa-0201-41f4-85bc-a453e395c2f8", "client_ip": "[::1]:56192"}
2026-03-18T20:11:36.037+0800	[34mINFO[0m	http/server.go:2286	HTTP Request completed	{"method": "PATCH", "path": "/api/v1/absensi/6fbb1f61-8b15-4f86-8533-47c07023a193", "ip": "[::1]:56192", "status": 400, "duration": 0.0051967}
2026-03-18T20:12:14.331+0800	[34mINFO[0m	runtime/proc.go:290	Shutting down server...
2026-03-18T20:12:14.331+0800	[31mERROR[0m	runtime/asm_amd64.s:1771	Server error	{"error": "http: Server closed"}
2026-03-18T20:12:14.332+0800	[34mINFO[0m	runtime/proc.go:290	Server exited properly
2026-03-18T20:12:14.332+0800	[34mINFO[0m	cmd/main.go:108	Closing database connection...
2026-03-18T20:12:34.550+0800	[34mINFO[0m	runtime/proc.go:290	Starting application...
2026-03-18T20:12:34.567+0800	[34mINFO[0m	runtime/proc.go:290	Connecting to PostgreSQL database...
2026-03-18T20:12:34.601+0800	[34mINFO[0m	runtime/proc.go:290	Database connected successfully	{"database": "School-manajement"}
2026-03-18T20:12:34.601+0800	[34mINFO[0m	runtime/asm_amd64.s:1771	Starting server	{"port": ":8080"}
2026-03-18T20:12:40.535+0800	[34mINFO[0m	http/server.go:2286	HTTP Request completed	{"method": "PATCH", "path": "/api/v1/absensi/6fbb1f61-8b15-4f86-8533-47c07023a193", "ip": "[::1]:62850", "status": 200, "duration": 0.0120748}
2026-03-18T20:13:12.106+0800	[34mINFO[0m	runtime/proc.go:290	Shutting down server...
2026-03-18T20:13:12.107+0800	[31mERROR[0m	runtime/asm_amd64.s:1771	Server error	{"error": "http: Server closed"}
2026-03-18T20:13:12.107+0800	[34mINFO[0m	runtime/proc.go:290	Server exited properly
2026-03-18T20:13:12.107+0800	[34mINFO[0m	cmd/main.go:108	Closing database connection...
2026-03-19T10:55:42.009+0800	[34mINFO[0m	runtime/proc.go:290	Starting application...
2026-03-19T10:55:42.035+0800	[34mINFO[0m	runtime/proc.go:290	Connecting to PostgreSQL database...
2026-03-19T10:55:42.111+0800	[34mINFO[0m	runtime/proc.go:290	Database connected successfully	{"database": "School-manajement"}
2026-03-19T10:55:42.111+0800	[34mINFO[0m	runtime/asm_amd64.s:1771	Starting server	{"port": ":8080"}
2026-03-19T10:56:24.362+0800	[34mINFO[0m	runtime/proc.go:290	Shutting down server...
2026-03-19T10:56:24.362+0800	[31mERROR[0m	runtime/asm_amd64.s:1771	Server error	{"error": "http: Server closed"}
2026-03-19T10:56:24.362+0800	[34mINFO[0m	runtime/proc.go:290	Server exited properly
2026-03-19T10:56:24.362+0800	[34mINFO[0m	cmd/main.go:108	Closing database connection...
2026-03-20T06:16:48.777+0800	[34mINFO[0m	runtime/proc.go:290	Starting application...
2026-03-20T06:16:48.793+0800	[34mINFO[0m	runtime/proc.go:290	Connecting to PostgreSQL database...
2026-03-20T06:16:48.839+0800	[34mINFO[0m	runtime/proc.go:290	Database connected successfully	{"database": "School-manajement"}
2026-03-20T06:16:48.839+0800	[34mINFO[0m	runtime/asm_amd64.s:1771	Starting server	{"port": ":8080"}
2026-03-20T06:19:14.444+0800	[34mINFO[0m	runtime/proc.go:290	Shutting down server...
2026-03-20T06:19:14.444+0800	[31mERROR[0m	runtime/asm_amd64.s:1771	Server error	{"error": "http: Server closed"}
2026-03-20T06:19:14.445+0800	[34mINFO[0m	runtime/proc.go:290	Server exited properly
2026-03-20T06:19:14.445+0800	[34mINFO[0m	cmd/main.go:108	Closing database connection...
2026-03-20T06:20:14.806+0800	[34mINFO[0m	runtime/proc.go:290	Starting application...
2026-03-20T06:20:14.824+0800	[34mINFO[0m	runtime/proc.go:290	Connecting to PostgreSQL database...
2026-03-20T06:20:14.864+0800	[34mINFO[0m	runtime/proc.go:290	Database connected successfully	{"database": "School-manajement"}
2026-03-20T06:20:14.865+0800	[34mINFO[0m	runtime/asm_amd64.s:1771	Starting server	{"port": ":8080"}
2026-03-20T06:20:20.765+0800	[34mINFO[0m	runtime/proc.go:290	Shutting down server...
2026-03-20T06:20:20.765+0800	[31mERROR[0m	runtime/asm_amd64.s:1771	Server error	{"error": "http: Server closed"}
2026-03-20T06:20:20.765+0800	[34mINFO[0m	runtime/proc.go:290	Server exited properly
2026-03-20T06:20:20.766+0800	[34mINFO[0m	cmd/main.go:108	Closing database connection...
2026-03-20T06:20:29.637+0800	[34mINFO[0m	runtime/proc.go:290	Starting application...
2026-03-20T06:20:29.659+0800	[34mINFO[0m	runtime/proc.go:290	Connecting to PostgreSQL database...
2026-03-20T06:20:29.707+0800	[34mINFO[0m	runtime/proc.go:290	Database connected successfully	{"database": "School-manajement"}
2026-03-20T06:20:29.707+0800	[34mINFO[0m	runtime/asm_amd64.s:1771	Starting server	{"port": ":8080"}
2026-03-20T06:20:52.933+0800	[34mINFO[0m	http/server.go:2286	HTTP Request completed	{"method": "POST", "path": "/api/v1/register", "ip": "[::1]:49852", "status": 201, "duration": 0.0979043}
2026-03-20T06:21:02.087+0800	[33mWARN[0m	http/server.go:2286	Validation failed	{"request_id": "1f69529f-ee41-4bc3-a3a2-7718762d42c1", "errors": ["Error data Username, Key: 'Login.Username' Error:Field validation for 'Username' failed on the 'required' tag"]}
2026-03-20T06:21:02.087+0800	[34mINFO[0m	http/server.go:2286	HTTP Request completed	{"method": "POST", "path": "/api/v1/login", "ip": "[::1]:49852", "status": 400, "duration": 0.0020212}
2026-03-20T06:21:31.354+0800	[34mINFO[0m	runtime/proc.go:290	Shutting down server...
2026-03-20T06:21:31.354+0800	[31mERROR[0m	runtime/asm_amd64.s:1771	Server error	{"error": "http: Server closed"}
2026-03-20T06:21:31.354+0800	[34mINFO[0m	runtime/proc.go:290	Server exited properly
2026-03-20T06:21:31.355+0800	[34mINFO[0m	cmd/main.go:108	Closing database connection...
2026-03-20T06:25:41.530+0800	[34mINFO[0m	runtime/proc.go:290	Starting application...
2026-03-20T06:25:41.547+0800	[34mINFO[0m	runtime/proc.go:290	Connecting to PostgreSQL database...
2026-03-20T06:25:41.585+0800	[34mINFO[0m	runtime/proc.go:290	Database connected successfully	{"database": "School-manajement"}
2026-03-20T06:25:41.585+0800	[34mINFO[0m	runtime/asm_amd64.s:1771	Starting server	{"port": ":8080"}
2026-03-20T06:26:11.658+0800	[34mINFO[0m	http/server.go:2286	HTTP Request completed	{"method": "POST", "path": "/api/v1/login", "ip": "[::1]:56156", "status": 200, "duration": 0.0633315}
2026-03-20T06:26:17.529+0800	[34mINFO[0m	http/server.go:2286	HTTP Request completed	{"method": "POST", "path": "/api/v1/login", "ip": "[::1]:56156", "status": 200, "duration": 0.0644713}
2026-03-20T06:26:18.912+0800	[34mINFO[0m	http/server.go:2286	HTTP Request completed	{"method": "POST", "path": "/api/v1/login", "ip": "[::1]:56156", "status": 200, "duration": 0.064433}
2026-03-20T06:26:19.522+0800	[34mINFO[0m	http/server.go:2286	HTTP Request completed	{"method": "POST", "path": "/api/v1/login", "ip": "[::1]:56156", "status": 200, "duration": 0.0666354}
2026-03-20T06:26:20.215+0800	[34mINFO[0m	http/server.go:2286	HTTP Request completed	{"method": "POST", "path": "/api/v1/login", "ip": "[::1]:56156", "status": 200, "duration": 0.0598946}
2026-03-20T06:26:28.554+0800	[34mINFO[0m	runtime/proc.go:290	Shutting down server...
2026-03-20T06:26:28.554+0800	[31mERROR[0m	runtime/asm_amd64.s:1771	Server error	{"error": "http: Server closed"}
2026-03-20T06:26:28.555+0800	[34mINFO[0m	runtime/proc.go:290	Server exited properly
2026-03-20T06:26:28.555+0800	[34mINFO[0m	cmd/main.go:108	Closing database connection...
2026-03-20T06:26:50.312+0800	[34mINFO[0m	runtime/proc.go:290	Starting application...
2026-03-20T06:26:50.328+0800	[34mINFO[0m	runtime/proc.go:290	Connecting to PostgreSQL database...
2026-03-20T06:26:50.370+0800	[34mINFO[0m	runtime/proc.go:290	Database connected successfully	{"database": "School-manajement"}
2026-03-20T06:26:50.370+0800	[34mINFO[0m	runtime/asm_amd64.s:1771	Starting server	{"port": ":8080"}
2026-03-20T06:26:57.167+0800	[34mINFO[0m	runtime/proc.go:290	Shutting down server...
2026-03-20T06:26:57.167+0800	[31mERROR[0m	runtime/asm_amd64.s:1771	Server error	{"error": "http: Server closed"}
2026-03-20T06:26:57.167+0800	[34mINFO[0m	runtime/proc.go:290	Server exited properly
2026-03-20T06:26:57.167+0800	[34mINFO[0m	cmd/main.go:108	Closing database connection...
2026-03-20T06:27:07.775+0800	[34mINFO[0m	runtime/proc.go:290	Starting application...
2026-03-20T06:27:07.797+0800	[34mINFO[0m	runtime/proc.go:290	Connecting to PostgreSQL database...
2026-03-20T06:27:07.835+0800	[34mINFO[0m	runtime/proc.go:290	Database connected successfully	{"database": "School-manajement"}
2026-03-20T06:27:07.835+0800	[34mINFO[0m	runtime/asm_amd64.s:1771	Starting server	{"port": ":8080"}
2026-03-20T06:27:34.743+0800	[34mINFO[0m	http/server.go:2286	HTTP Request completed	{"method": "POST", "path": "/api/v1/login", "ip": "[::1]:50885", "status": 200, "duration": 0.062978}
2026-03-20T06:28:21.245+0800	[34mINFO[0m	http/server.go:2286	HTTP Request completed	{"method": "POST", "path": "/api/v1/register", "ip": "[::1]:60638", "status": 201, "duration": 0.0720539}
2026-03-20T06:28:26.415+0800	[34mINFO[0m	runtime/proc.go:290	Shutting down server...
2026-03-20T06:28:26.415+0800	[31mERROR[0m	runtime/asm_amd64.s:1771	Server error	{"error": "http: Server closed"}
2026-03-20T06:28:26.415+0800	[34mINFO[0m	runtime/proc.go:290	Server exited properly
2026-03-20T06:28:26.416+0800	[34mINFO[0m	cmd/main.go:108	Closing database connection...
2026-03-20T06:28:34.282+0800	[34mINFO[0m	runtime/proc.go:290	Starting application...
2026-03-20T06:28:34.301+0800	[34mINFO[0m	runtime/proc.go:290	Connecting to PostgreSQL database...
2026-03-20T06:28:34.343+0800	[34mINFO[0m	runtime/proc.go:290	Database connected successfully	{"database": "School-manajement"}
2026-03-20T06:28:34.344+0800	[34mINFO[0m	runtime/asm_amd64.s:1771	Starting server	{"port": ":8080"}
2026-03-20T06:28:50.706+0800	[34mINFO[0m	http/server.go:2286	HTTP Request completed	{"method": "POST", "path": "/api/v1/login", "ip": "[::1]:50952", "status": 200, "duration": 0.0557277}
2026-03-20T06:29:13.542+0800	[34mINFO[0m	http/server.go:2286	HTTP Request completed	{"method": "POST", "path": "/api/v1/login", "ip": "[::1]:58297", "status": 200, "duration": 0.0682219}
2026-03-20T06:31:52.186+0800	[34mINFO[0m	runtime/proc.go:290	Shutting down server...
2026-03-20T06:31:52.186+0800	[31mERROR[0m	runtime/asm_amd64.s:1771	Server error	{"error": "http: Server closed"}
2026-03-20T06:31:52.187+0800	[34mINFO[0m	runtime/proc.go:290	Server exited properly
2026-03-20T06:31:52.187+0800	[34mINFO[0m	cmd/main.go:108	Closing database connection...
2026-03-20T06:32:05.180+0800	[34mINFO[0m	runtime/proc.go:290	Starting application...
2026-03-20T06:32:05.200+0800	[34mINFO[0m	runtime/proc.go:290	Connecting to PostgreSQL database...
2026-03-20T06:32:05.252+0800	[34mINFO[0m	runtime/proc.go:290	Database connected successfully	{"database": "School-manajement"}
2026-03-20T06:32:05.252+0800	[34mINFO[0m	runtime/asm_amd64.s:1771	Starting server	{"port": ":8080"}
2026-03-20T06:32:31.729+0800	[34mINFO[0m	http/server.go:2286	HTTP Request completed	{"method": "POST", "path": "/api/v1/login", "ip": "[::1]:55955", "status": 200, "duration": 0.0644068}
2026-03-20T06:32:31.956+0800	[34mINFO[0m	http/server.go:2286	HTTP Request completed	{"method": "GET", "path": "/api/v1/students", "ip": "[::1]:58293", "status": 400, "duration": 0.0012719}
2026-03-20T06:32:31.957+0800	[34mINFO[0m	http/server.go:2286	HTTP Request completed	{"method": "GET", "path": "/api/v1/tasks", "ip": "[::1]:57590", "status": 400, "duration": 0}
2026-03-20T06:32:31.958+0800	[34mINFO[0m	http/server.go:2286	HTTP Request completed	{"method": "GET", "path": "/api/v1/students", "ip": "[::1]:58293", "status": 400, "duration": 0}
2026-03-20T06:32:31.959+0800	[34mINFO[0m	http/server.go:2286	HTTP Request completed	{"method": "GET", "path": "/api/v1/tasks", "ip": "[::1]:57590", "status": 400, "duration": 0}
2026-03-20T06:32:51.695+0800	[34mINFO[0m	http/server.go:2286	HTTP Request completed	{"method": "GET", "path": "/api/v1/grades", "ip": "[::1]:58293", "status": 400, "duration": 0.0006222}
2026-03-20T06:32:51.696+0800	[34mINFO[0m	http/server.go:2286	HTTP Request completed	{"method": "GET", "path": "/api/v1/grades", "ip": "[::1]:58293", "status": 400, "duration": 0.0005172}
2026-03-20T06:32:53.667+0800	[34mINFO[0m	http/server.go:2286	HTTP Request completed	{"method": "GET", "path": "/api/v1/tasks", "ip": "[::1]:55955", "status": 400, "duration": 0}
2026-03-20T06:32:53.667+0800	[34mINFO[0m	http/server.go:2286	HTTP Request completed	{"method": "GET", "path": "/api/v1/students", "ip": "[::1]:58293", "status": 400, "duration": 0.000653}
2026-03-20T06:32:53.670+0800	[34mINFO[0m	http/server.go:2286	HTTP Request completed	{"method": "GET", "path": "/api/v1/students", "ip": "[::1]:58293", "status": 400, "duration": 0.000507}
2026-03-20T06:32:53.670+0800	[34mINFO[0m	http/server.go:2286	HTTP Request completed	{"method": "GET", "path": "/api/v1/tasks", "ip": "[::1]:55955", "status": 400, "duration": 0.000507}
2026-03-20T06:36:35.436+0800	[34mINFO[0m	runtime/proc.go:290	Shutting down server...
2026-03-20T06:36:35.443+0800	[31mERROR[0m	runtime/asm_amd64.s:1771	Server error	{"error": "http: Server closed"}
2026-03-20T06:36:35.443+0800	[34mINFO[0m	runtime/proc.go:290	Server exited properly
2026-03-20T06:36:35.443+0800	[34mINFO[0m	cmd/main.go:108	Closing database connection...
2026-03-20T06:36:44.032+0800	[34mINFO[0m	runtime/proc.go:290	Starting application...
2026-03-20T06:36:44.053+0800	[34mINFO[0m	runtime/proc.go:290	Connecting to PostgreSQL database...
2026-03-20T06:36:44.098+0800	[34mINFO[0m	runtime/proc.go:290	Database connected successfully	{"database": "School-manajement"}
2026-03-20T06:36:44.098+0800	[34mINFO[0m	runtime/asm_amd64.s:1771	Starting server	{"port": ":8080"}
2026-03-20T06:36:55.132+0800	[34mINFO[0m	http/server.go:2286	HTTP Request completed	{"method": "GET", "path": "/api/v1/tasks", "ip": "[::1]:61164", "status": 400, "duration": 0.0004462}
2026-03-20T06:36:55.134+0800	[34mINFO[0m	http/server.go:2286	HTTP Request completed	{"method": "GET", "path": "/api/v1/tasks", "ip": "[::1]:61164", "status": 400, "duration": 0.0005205}
2026-03-20T06:37:15.937+0800	[31mERROR[0m	http/server.go:2286	Failed to convert data into an uuid!	{"request_id": "fa93a282-356b-4448-885f-244af53dfdc9", "client_ip": "[::1]:61164"}
2026-03-20T06:37:15.938+0800	[34mINFO[0m	http/server.go:2286	HTTP Request completed	{"method": "PATCH", "path": "/api/v1/users/undefined", "ip": "[::1]:61164", "status": 400, "duration": 0.0005193}
2026-03-20T06:37:16.440+0800	[31mERROR[0m	http/server.go:2286	Failed to convert data into an uuid!	{"request_id": "c478fe56-1c18-4bcb-9ef2-2623eb578ce2", "client_ip": "[::1]:56918"}
2026-03-20T06:37:16.440+0800	[34mINFO[0m	http/server.go:2286	HTTP Request completed	{"method": "PATCH", "path": "/api/v1/users/undefined", "ip": "[::1]:56918", "status": 400, "duration": 0}
2026-03-20T06:37:16.943+0800	[31mERROR[0m	http/server.go:2286	Failed to convert data into an uuid!	{"request_id": "bdce0a9f-add6-407b-abc5-bb69fa5210dd", "client_ip": "[::1]:64822"}
2026-03-20T06:37:16.943+0800	[34mINFO[0m	http/server.go:2286	HTTP Request completed	{"method": "PATCH", "path": "/api/v1/users/undefined", "ip": "[::1]:64822", "status": 400, "duration": 0}
2026-03-20T06:37:29.816+0800	[31mERROR[0m	http/server.go:2286	Failed to convert data into an uuid!	{"request_id": "d374cc8e-0020-49d7-9644-e475fa07d6d1", "client_ip": "[::1]:54613"}
2026-03-20T06:37:29.816+0800	[34mINFO[0m	http/server.go:2286	HTTP Request completed	{"method": "PATCH", "path": "/api/v1/users/undefined", "ip": "[::1]:54613", "status": 400, "duration": 0}
2026-03-20T06:37:30.321+0800	[31mERROR[0m	http/server.go:2286	Failed to convert data into an uuid!	{"request_id": "3e8ff93e-7382-4f02-861a-07469c9f4517", "client_ip": "[::1]:62138"}
2026-03-20T06:37:30.321+0800	[34mINFO[0m	http/server.go:2286	HTTP Request completed	{"method": "PATCH", "path": "/api/v1/users/undefined", "ip": "[::1]:62138", "status": 400, "duration": 0}
2026-03-20T06:37:55.232+0800	[34mINFO[0m	http/server.go:2286	HTTP Request completed	{"method": "GET", "path": "/api/v1/students", "ip": "[::1]:58438", "status": 400, "duration": 0.0005061}
2026-03-20T06:37:55.234+0800	[34mINFO[0m	http/server.go:2286	HTTP Request completed	{"method": "GET", "path": "/api/v1/students", "ip": "[::1]:58438", "status": 400, "duration": 0.0007817}
2026-03-20T06:38:00.182+0800	[34mINFO[0m	http/server.go:2286	HTTP Request completed	{"method": "GET", "path": "/api/v1/tasks", "ip": "[::1]:57115", "status": 400, "duration": 0.0017491}
2026-03-20T06:38:00.187+0800	[34mINFO[0m	http/server.go:2286	HTTP Request completed	{"method": "GET", "path": "/api/v1/tasks", "ip": "[::1]:57115", "status": 400, "duration": 0.0013348}
2026-03-20T06:38:01.360+0800	[34mINFO[0m	http/server.go:2286	HTTP Request completed	{"method": "GET", "path": "/api/v1/students", "ip": "[::1]:58438", "status": 400, "duration": 0.0011662}
2026-03-20T06:38:01.364+0800	[34mINFO[0m	http/server.go:2286	HTTP Request completed	{"method": "GET", "path": "/api/v1/students", "ip": "[::1]:58438", "status": 400, "duration": 0.0015527}
2026-03-20T06:38:05.676+0800	[34mINFO[0m	http/server.go:2286	HTTP Request completed	{"method": "GET", "path": "/api/v1/tasks", "ip": "[::1]:57115", "status": 400, "duration": 0.0007005}
2026-03-20T06:38:05.678+0800	[34mINFO[0m	http/server.go:2286	HTTP Request completed	{"method": "GET", "path": "/api/v1/tasks", "ip": "[::1]:57115", "status": 400, "duration": 0.0008171}
2026-03-20T06:38:09.355+0800	[34mINFO[0m	http/server.go:2286	HTTP Request completed	{"method": "GET", "path": "/api/v1/absensi/all-with-students", "ip": "[::1]:58438", "status": 200, "duration": 0.0282895}
2026-03-20T06:38:09.357+0800	[34mINFO[0m	http/server.go:2286	HTTP Request completed	{"method": "GET", "path": "/api/v1/absensi/all-with-students", "ip": "[::1]:58438", "status": 200, "duration": 0.0005048}
2026-03-20T06:38:19.128+0800	[34mINFO[0m	http/server.go:2286	HTTP Request completed	{"method": "GET", "path": "/api/v1/grades", "ip": "[::1]:58438", "status": 400, "duration": 0.0006631}
2026-03-20T06:38:19.131+0800	[34mINFO[0m	http/server.go:2286	HTTP Request completed	{"method": "GET", "path": "/api/v1/grades", "ip": "[::1]:58438", "status": 400, "duration": 0.0010544}
2026-03-20T06:42:33.495+0800	[34mINFO[0m	http/server.go:2286	HTTP Request completed	{"method": "GET", "path": "/api/v1/grades", "ip": "[::1]:56197", "status": 400, "duration": 0.0005841}
2026-03-20T06:42:33.496+0800	[34mINFO[0m	http/server.go:2286	HTTP Request completed	{"method": "GET", "path": "/api/v1/grades", "ip": "[::1]:56197", "status": 400, "duration": 0.0005425}
2026-03-20T06:42:35.696+0800	[34mINFO[0m	http/server.go:2286	HTTP Request completed	{"method": "GET", "path": "/api/v1/tasks", "ip": "[::1]:62965", "status": 400, "duration": 0.0014996}
2026-03-20T06:42:35.701+0800	[34mINFO[0m	http/server.go:2286	HTTP Request completed	{"method": "GET", "path": "/api/v1/tasks", "ip": "[::1]:62965", "status": 400, "duration": 0.0005091}
2026-03-20T06:42:43.137+0800	[31mERROR[0m	http/server.go:2286	Failed to convert data into an uuid!	{"request_id": "fc79fe54-a72d-488c-b304-9225a18d1670", "client_ip": "[::1]:62965"}
2026-03-20T06:42:43.137+0800	[34mINFO[0m	http/server.go:2286	HTTP Request completed	{"method": "PATCH", "path": "/api/v1/users/undefined", "ip": "[::1]:62965", "status": 400, "duration": 0}
2026-03-20T06:42:43.638+0800	[31mERROR[0m	http/server.go:2286	Failed to convert data into an uuid!	{"request_id": "78dde9fe-8ec7-4e14-9e6b-bff509fa7c39", "client_ip": "[::1]:56197"}
2026-03-20T06:42:43.639+0800	[34mINFO[0m	http/server.go:2286	HTTP Request completed	{"method": "PATCH", "path": "/api/v1/users/undefined", "ip": "[::1]:56197", "status": 400, "duration": 0.0005705}
2026-03-20T06:42:44.141+0800	[31mERROR[0m	http/server.go:2286	Failed to convert data into an uuid!	{"request_id": "cba0dff6-d126-4f99-9c0b-9e872078da66", "client_ip": "[::1]:51884"}
2026-03-20T06:42:44.141+0800	[34mINFO[0m	http/server.go:2286	HTTP Request completed	{"method": "PATCH", "path": "/api/v1/users/undefined", "ip": "[::1]:51884", "status": 400, "duration": 0}
2026-03-20T06:45:16.257+0800	[34mINFO[0m	runtime/proc.go:290	Shutting down server...
2026-03-20T06:45:16.257+0800	[31mERROR[0m	runtime/asm_amd64.s:1771	Server error	{"error": "http: Server closed"}
2026-03-20T06:45:16.257+0800	[34mINFO[0m	runtime/proc.go:290	Server exited properly
2026-03-20T06:45:16.257+0800	[34mINFO[0m	cmd/main.go:108	Closing database connection...
2026-03-20T06:45:22.505+0800	[34mINFO[0m	runtime/proc.go:290	Starting application...
2026-03-20T06:45:22.526+0800	[34mINFO[0m	runtime/proc.go:290	Connecting to PostgreSQL database...
2026-03-20T06:45:22.573+0800	[34mINFO[0m	runtime/proc.go:290	Database connected successfully	{"database": "School-manajement"}
2026-03-20T06:45:22.573+0800	[34mINFO[0m	runtime/asm_amd64.s:1771	Starting server	{"port": ":8080"}
2026-03-20T06:45:54.851+0800	[34mINFO[0m	http/server.go:2286	HTTP Request completed	{"method": "POST", "path": "/api/v1/login", "ip": "[::1]:57006", "status": 200, "duration": 0.0704028}
2026-03-20T06:45:57.929+0800	[34mINFO[0m	http/server.go:2286	HTTP Request completed	{"method": "GET", "path": "/api/v1/students", "ip": "[::1]:52672", "status": 400, "duration": 0.0007272}
2026-03-20T06:45:57.931+0800	[34mINFO[0m	http/server.go:2286	HTTP Request completed	{"method": "GET", "path": "/api/v1/students", "ip": "[::1]:52672", "status": 400, "duration": 0.001137}
2026-03-20T06:45:59.368+0800	[34mINFO[0m	http/server.go:2286	HTTP Request completed	{"method": "GET", "path": "/api/v1/tasks", "ip": "[::1]:57006", "status": 400, "duration": 0.0012565}
2026-03-20T06:45:59.369+0800	[34mINFO[0m	http/server.go:2286	HTTP Request completed	{"method": "GET", "path": "/api/v1/tasks", "ip": "[::1]:57006", "status": 400, "duration": 0.0005366}
2026-03-20T06:46:00.272+0800	[34mINFO[0m	http/server.go:2286	HTTP Request completed	{"method": "GET", "path": "/api/v1/absensi/all-with-students", "ip": "[::1]:52672", "status": 200, "duration": 0.0039116}
2026-03-20T06:46:00.274+0800	[34mINFO[0m	http/server.go:2286	HTTP Request completed	{"method": "GET", "path": "/api/v1/absensi/all-with-students", "ip": "[::1]:52672", "status": 200, "duration": 0.0010696}
2026-03-20T06:46:02.528+0800	[34mINFO[0m	http/server.go:2286	HTTP Request completed	{"method": "GET", "path": "/api/v1/tasks", "ip": "[::1]:52672", "status": 400, "duration": 0.0005558}
2026-03-20T06:46:02.529+0800	[34mINFO[0m	http/server.go:2286	HTTP Request completed	{"method": "GET", "path": "/api/v1/tasks", "ip": "[::1]:52672", "status": 400, "duration": 0}
2026-03-20T06:48:12.836+0800	[34mINFO[0m	runtime/proc.go:290	Shutting down server...
2026-03-20T06:48:12.836+0800	[31mERROR[0m	runtime/asm_amd64.s:1771	Server error	{"error": "http: Server closed"}
2026-03-20T06:48:12.836+0800	[34mINFO[0m	runtime/proc.go:290	Server exited properly
2026-03-20T06:48:12.836+0800	[34mINFO[0m	cmd/main.go:108	Closing database connection...
2026-03-20T06:48:21.076+0800	[34mINFO[0m	runtime/proc.go:290	Starting application...
2026-03-20T06:48:21.092+0800	[34mINFO[0m	runtime/proc.go:290	Connecting to PostgreSQL database...
2026-03-20T06:48:21.130+0800	[34mINFO[0m	runtime/proc.go:290	Database connected successfully	{"database": "School-manajement"}
2026-03-20T06:48:21.131+0800	[34mINFO[0m	runtime/asm_amd64.s:1771	Starting server	{"port": ":8080"}
2026-03-20T06:48:55.459+0800	[34mINFO[0m	http/server.go:2286	HTTP Request completed	{"method": "POST", "path": "/api/v1/login", "ip": "[::1]:63185", "status": 200, "duration": 0.0637357}
2026-03-20T06:48:58.848+0800	[34mINFO[0m	http/server.go:2286	HTTP Request completed	{"method": "GET", "path": "/api/v1/absensi/all-with-students", "ip": "[::1]:56789", "status": 403, "duration": 0}
2026-03-20T06:48:58.850+0800	[34mINFO[0m	http/server.go:2286	HTTP Request completed	{"method": "GET", "path": "/api/v1/absensi/all-with-students", "ip": "[::1]:56789", "status": 403, "duration": 0}
2026-03-20T06:48:59.964+0800	[34mINFO[0m	http/server.go:2286	HTTP Request completed	{"method": "GET", "path": "/api/v1/absensi/all-with-students", "ip": "[::1]:56789", "status": 403, "duration": 0}
2026-03-20T06:48:59.966+0800	[34mINFO[0m	http/server.go:2286	HTTP Request completed	{"method": "GET", "path": "/api/v1/absensi/all-with-students", "ip": "[::1]:56789", "status": 403, "duration": 0.0005073}
2026-03-20T06:49:57.318+0800	[34mINFO[0m	runtime/proc.go:290	Shutting down server...
2026-03-20T06:49:57.318+0800	[31mERROR[0m	runtime/asm_amd64.s:1771	Server error	{"error": "http: Server closed"}
2026-03-20T06:49:57.318+0800	[34mINFO[0m	runtime/proc.go:290	Server exited properly
2026-03-20T06:49:57.318+0800	[34mINFO[0m	cmd/main.go:108	Closing database connection...
2026-03-20T06:50:01.986+0800	[34mINFO[0m	runtime/proc.go:290	Starting application...
2026-03-20T06:50:02.005+0800	[34mINFO[0m	runtime/proc.go:290	Connecting to PostgreSQL database...
2026-03-20T06:50:02.046+0800	[34mINFO[0m	runtime/proc.go:290	Database connected successfully	{"database": "School-manajement"}
2026-03-20T06:50:02.046+0800	[34mINFO[0m	runtime/asm_amd64.s:1771	Starting server	{"port": ":8080"}
2026-03-20T06:50:29.465+0800	[34mINFO[0m	http/server.go:2286	HTTP Request completed	{"method": "POST", "path": "/api/v1/login", "ip": "[::1]:50017", "status": 200, "duration": 0.0616297}
2026-03-20T06:50:43.195+0800	[34mINFO[0m	http/server.go:2286	HTTP Request completed	{"method": "PATCH", "path": "/api/v1/users/89cb11ff-b89e-4a46-bc7a-b7d9b4716080", "ip": "[::1]:50017", "status": 200, "duration": 0.0197406}
2026-03-20T06:51:03.240+0800	[34mINFO[0m	http/server.go:2286	HTTP Request completed	{"method": "GET", "path": "/api/v1/profile", "ip": "[::1]:58793", "status": 200, "duration": 0.0012189}
2026-03-20T06:51:37.714+0800	[34mINFO[0m	http/server.go:2286	HTTP Request completed	{"method": "PATCH", "path": "/api/v1/users/89cb11ff-b89e-4a46-bc7a-b7d9b4716080", "ip": "[::1]:50017", "status": 200, "duration": 0.0050849}
2026-03-20T06:52:39.222+0800	[34mINFO[0m	http/server.go:2286	HTTP Request completed	{"method": "POST", "path": "/api/v1/register", "ip": "[::1]:54419", "status": 201, "duration": 0.0722792}
2026-03-20T06:52:59.378+0800	[34mINFO[0m	http/server.go:2286	HTTP Request completed	{"method": "POST", "path": "/api/v1/login", "ip": "[::1]:54419", "status": 400, "duration": 0.0008532}
2026-03-20T06:53:32.082+0800	[34mINFO[0m	http/server.go:2286	HTTP Request completed	{"method": "POST", "path": "/api/v1/login", "ip": "[::1]:54419", "status": 400, "duration": 0.0008796}
2026-03-20T06:53:32.848+0800	[34mINFO[0m	http/server.go:2286	HTTP Request completed	{"method": "POST", "path": "/api/v1/login", "ip": "[::1]:54419", "status": 400, "duration": 0.0004302}
2026-03-20T06:54:04.496+0800	[34mINFO[0m	http/server.go:2286	HTTP Request completed	{"method": "POST", "path": "/api/v1/register", "ip": "[::1]:54419", "status": 201, "duration": 0.0585586}
2026-03-20T06:54:32.323+0800	[34mINFO[0m	http/server.go:2286	HTTP Request completed	{"method": "POST", "path": "/api/v1/login", "ip": "[::1]:54419", "status": 200, "duration": 0.0538472}
2026-03-20T06:54:32.387+0800	[34mINFO[0m	http/server.go:2286	HTTP Request completed	{"method": "GET", "path": "/api/v1/students", "ip": "[::1]:54419", "status": 200, "duration": 0.0041875}
2026-03-20T06:54:32.390+0800	[34mINFO[0m	http/server.go:2286	HTTP Request completed	{"method": "GET", "path": "/api/v1/students", "ip": "[::1]:54419", "status": 200, "duration": 0.0019035}
2026-03-20T06:54:32.397+0800	[34mINFO[0m	http/server.go:2286	HTTP Request completed	{"method": "GET", "path": "/api/v1/tasks", "ip": "[::1]:54419", "status": 200, "duration": 0.0053524}
2026-03-20T06:54:32.399+0800	[34mINFO[0m	http/server.go:2286	HTTP Request completed	{"method": "GET", "path": "/api/v1/tasks", "ip": "[::1]:54419", "status": 200, "duration": 0.0010581}
2026-03-20T06:54:35.825+0800	[34mINFO[0m	http/server.go:2286	HTTP Request completed	{"method": "GET", "path": "/api/v1/students", "ip": "[::1]:54419", "status": 200, "duration": 0.0028424}
2026-03-20T06:54:35.827+0800	[34mINFO[0m	http/server.go:2286	HTTP Request completed	{"method": "GET", "path": "/api/v1/students", "ip": "[::1]:54419", "status": 200, "duration": 0.0011707}
2026-03-20T06:54:36.850+0800	[34mINFO[0m	http/server.go:2286	HTTP Request completed	{"method": "GET", "path": "/api/v1/tasks", "ip": "[::1]:54419", "status": 200, "duration": 0.0012516}
2026-03-20T06:54:36.852+0800	[34mINFO[0m	http/server.go:2286	HTTP Request completed	{"method": "GET", "path": "/api/v1/tasks", "ip": "[::1]:54419", "status": 200, "duration": 0.0010914}
2026-03-20T06:54:36.856+0800	[34mINFO[0m	http/server.go:2286	HTTP Request completed	{"method": "GET", "path": "/api/v1/students", "ip": "[::1]:54419", "status": 200, "duration": 0.0005105}
2026-03-20T06:54:36.859+0800	[34mINFO[0m	http/server.go:2286	HTTP Request completed	{"method": "GET", "path": "/api/v1/students", "ip": "[::1]:54419", "status": 200, "duration": 0.0010053}
2026-03-20T06:54:37.949+0800	[34mINFO[0m	http/server.go:2286	HTTP Request completed	{"method": "GET", "path": "/api/v1/students", "ip": "[::1]:56278", "status": 200, "duration": 0.0017109}
2026-03-20T06:54:37.953+0800	[34mINFO[0m	http/server.go:2286	HTTP Request completed	{"method": "GET", "path": "/api/v1/students", "ip": "[::1]:56278", "status": 200, "duration": 0.00085}
2026-03-20T06:54:41.931+0800	[34mINFO[0m	http/server.go:2286	HTTP Request completed	{"method": "GET", "path": "/api/v1/absensi/all-with-students", "ip": "[::1]:54419", "status": 200, "duration": 0.0036987}
2026-03-20T06:54:41.936+0800	[34mINFO[0m	http/server.go:2286	HTTP Request completed	{"method": "GET", "path": "/api/v1/absensi/all-with-students", "ip": "[::1]:54419", "status": 200, "duration": 0.0010378}
2026-03-20T06:54:42.238+0800	[34mINFO[0m	http/server.go:2286	HTTP Request completed	{"method": "GET", "path": "/api/v1/tasks", "ip": "[::1]:56278", "status": 200, "duration": 0.0009395}
2026-03-20T06:54:42.241+0800	[34mINFO[0m	http/server.go:2286	HTTP Request completed	{"method": "GET", "path": "/api/v1/tasks", "ip": "[::1]:56278", "status": 200, "duration": 0.0017314}
2026-03-20T06:54:42.244+0800	[34mINFO[0m	http/server.go:2286	HTTP Request completed	{"method": "GET", "path": "/api/v1/students", "ip": "[::1]:54419", "status": 200, "duration": 0.0018001}
2026-03-20T06:54:42.250+0800	[34mINFO[0m	http/server.go:2286	HTTP Request completed	{"method": "GET", "path": "/api/v1/students", "ip": "[::1]:54419", "status": 200, "duration": 0.0021671}
2026-03-20T06:54:48.603+0800	[34mINFO[0m	http/server.go:2286	HTTP Request completed	{"method": "GET", "path": "/api/v1/students", "ip": "[::1]:56278", "status": 200, "duration": 0.0013345}
2026-03-20T06:54:48.607+0800	[34mINFO[0m	http/server.go:2286	HTTP Request completed	{"method": "GET", "path": "/api/v1/students", "ip": "[::1]:56278", "status": 200, "duration": 0.0009201}
2026-03-20T06:55:27.094+0800	[34mINFO[0m	http/server.go:2286	HTTP Request completed	{"method": "POST", "path": "/api/v1/student", "ip": "[::1]:56278", "status": 400, "duration": 0.0006624}
2026-03-20T06:55:36.113+0800	[34mINFO[0m	runtime/proc.go:290	Shutting down server...
2026-03-20T06:55:36.113+0800	[31mERROR[0m	runtime/asm_amd64.s:1771	Server error	{"error": "http: Server closed"}
2026-03-20T06:55:36.114+0800	[34mINFO[0m	runtime/proc.go:290	Server exited properly
2026-03-20T06:55:36.114+0800	[34mINFO[0m	cmd/main.go:108	Closing database connection...
2026-03-20T07:06:21.964+0800	[34mINFO[0m	runtime/proc.go:290	Starting application...
2026-03-20T07:06:21.980+0800	[34mINFO[0m	runtime/proc.go:290	Connecting to PostgreSQL database...
2026-03-20T07:06:22.022+0800	[34mINFO[0m	runtime/proc.go:290	Database connected successfully	{"database": "School-manajement"}
2026-03-20T07:06:22.022+0800	[34mINFO[0m	runtime/asm_amd64.s:1771	Starting server	{"port": ":8080"}
2026-03-20T07:07:07.680+0800	[34mINFO[0m	http/server.go:2286	HTTP Request completed	{"method": "GET", "path": "/api/v1/students", "ip": "[::1]:61897", "status": 400, "duration": 0.0006393}
2026-03-20T07:07:07.682+0800	[34mINFO[0m	http/server.go:2286	HTTP Request completed	{"method": "GET", "path": "/api/v1/students", "ip": "[::1]:61897", "status": 400, "duration": 0.0005083}
2026-03-20T07:07:28.890+0800	[34mINFO[0m	runtime/proc.go:290	Shutting down server...
2026-03-20T07:07:28.890+0800	[31mERROR[0m	runtime/asm_amd64.s:1771	Server error	{"error": "http: Server closed"}
2026-03-20T07:07:28.890+0800	[34mINFO[0m	runtime/proc.go:290	Server exited properly
2026-03-20T07:07:28.890+0800	[34mINFO[0m	cmd/main.go:108	Closing database connection...
2026-03-20T07:09:32.885+0800	[34mINFO[0m	runtime/proc.go:290	Starting application...
2026-03-20T07:09:32.910+0800	[34mINFO[0m	runtime/proc.go:290	Connecting to PostgreSQL database...
2026-03-20T07:09:32.963+0800	[34mINFO[0m	runtime/proc.go:290	Database connected successfully	{"database": "School-manajement"}
2026-03-20T07:09:32.964+0800	[34mINFO[0m	runtime/asm_amd64.s:1771	Starting server	{"port": ":8080"}
2026-03-20T07:10:09.491+0800	[34mINFO[0m	http/server.go:2286	HTTP Request completed	{"method": "POST", "path": "/api/v1/register", "ip": "[::1]:51593", "status": 201, "duration": 0.098691}
2026-03-20T07:10:34.699+0800	[34mINFO[0m	http/server.go:2286	HTTP Request completed	{"method": "POST", "path": "/api/v1/login", "ip": "[::1]:51593", "status": 200, "duration": 0.0605005}
2026-03-20T07:10:34.822+0800	[34mINFO[0m	http/server.go:2286	HTTP Request completed	{"method": "GET", "path": "/api/v1/students", "ip": "[::1]:51593", "status": 200, "duration": 0.0035309}
2026-03-20T07:10:34.824+0800	[34mINFO[0m	http/server.go:2286	HTTP Request completed	{"method": "GET", "path": "/api/v1/students", "ip": "[::1]:51593", "status": 200, "duration": 0.0021533}
2026-03-20T07:10:38.205+0800	[34mINFO[0m	http/server.go:2286	HTTP Request completed	{"method": "GET", "path": "/api/v1/students", "ip": "[::1]:51593", "status": 200, "duration": 0.0011111}
2026-03-20T07:10:38.209+0800	[34mINFO[0m	http/server.go:2286	HTTP Request completed	{"method": "GET", "path": "/api/v1/students", "ip": "[::1]:51593", "status": 200, "duration": 0.0017834}
2026-03-20T07:11:09.755+0800	[34mINFO[0m	http/server.go:2286	HTTP Request completed	{"method": "POST", "path": "/api/v1/student", "ip": "[::1]:51593", "status": 201, "duration": 0.0041502}
2026-03-20T07:11:09.764+0800	[34mINFO[0m	http/server.go:2286	HTTP Request completed	{"method": "GET", "path": "/api/v1/students", "ip": "[::1]:51593", "status": 200, "duration": 0.0006126}
2026-03-20T07:11:27.615+0800	[34mINFO[0m	http/server.go:2286	HTTP Request completed	{"method": "GET", "path": "/api/v1/students", "ip": "[::1]:64730", "status": 200, "duration": 0.0010704}
2026-03-20T07:11:27.617+0800	[34mINFO[0m	http/server.go:2286	HTTP Request completed	{"method": "GET", "path": "/api/v1/students", "ip": "[::1]:64730", "status": 200, "duration": 0.00076}
2026-03-20T07:11:29.495+0800	[34mINFO[0m	http/server.go:2286	HTTP Request completed	{"method": "GET", "path": "/api/v1/students", "ip": "[::1]:64730", "status": 200, "duration": 0.001564}
2026-03-20T07:11:29.498+0800	[34mINFO[0m	http/server.go:2286	HTTP Request completed	{"method": "GET", "path": "/api/v1/students", "ip": "[::1]:64730", "status": 200, "duration": 0.0020836}
2026-03-20T07:11:41.111+0800	[34mINFO[0m	http/server.go:2286	HTTP Request completed	{"method": "DELETE", "path": "/api/v1/student/49a02191-2503-4a5a-8a26-e8c1680c43e8", "ip": "[::1]:64730", "status": 200, "duration": 0.0116144}
2026-03-20T07:51:10.069+0800	[34mINFO[0m	runtime/proc.go:290	Shutting down server...
2026-03-20T07:51:10.072+0800	[31mERROR[0m	runtime/asm_amd64.s:1771	Server error	{"error": "http: Server closed"}
2026-03-20T07:51:10.072+0800	[34mINFO[0m	runtime/proc.go:290	Server exited properly
2026-03-20T07:51:10.074+0800	[34mINFO[0m	cmd/main.go:108	Closing database connection...
2026-03-20T07:56:30.653+0800	[34mINFO[0m	runtime/proc.go:290	Starting application...
2026-03-20T07:56:30.670+0800	[34mINFO[0m	runtime/proc.go:290	Connecting to PostgreSQL database...
2026-03-20T07:56:30.715+0800	[34mINFO[0m	runtime/proc.go:290	Database connected successfully	{"database": "School-manajement"}
2026-03-20T07:56:30.715+0800	[34mINFO[0m	runtime/asm_amd64.s:1771	Starting server	{"port": ":8080"}
2026-03-20T07:56:41.259+0800	[34mINFO[0m	http/server.go:2286	HTTP Request completed	{"method": "GET", "path": "/api/v1/students", "ip": "[::1]:50809", "status": 200, "duration": 0.0055953}
2026-03-20T07:56:41.265+0800	[34mINFO[0m	http/server.go:2286	HTTP Request completed	{"method": "GET", "path": "/api/v1/students", "ip": "[::1]:50809", "status": 200, "duration": 0.0044808}
2026-03-20T07:56:44.181+0800	[34mINFO[0m	http/server.go:2286	HTTP Request completed	{"method": "GET", "path": "/api/v1/students", "ip": "[::1]:50809", "status": 200, "duration": 0.0015445}
2026-03-20T07:56:44.188+0800	[34mINFO[0m	http/server.go:2286	HTTP Request completed	{"method": "GET", "path": "/api/v1/students", "ip": "[::1]:50809", "status": 200, "duration": 0.0055992}
2026-03-20T07:56:45.694+0800	[34mINFO[0m	http/server.go:2286	HTTP Request completed	{"method": "GET", "path": "/api/v1/students", "ip": "[::1]:50809", "status": 200, "duration": 0.0019467}
2026-03-20T07:56:45.700+0800	[34mINFO[0m	http/server.go:2286	HTTP Request completed	{"method": "GET", "path": "/api/v1/students", "ip": "[::1]:50809", "status": 200, "duration": 0.0013725}
2026-03-20T07:57:24.312+0800	[34mINFO[0m	http/server.go:2286	HTTP Request completed	{"method": "POST", "path": "/api/v1/student", "ip": "[::1]:50809", "status": 201, "duration": 0.0239879}
2026-03-20T07:57:24.322+0800	[34mINFO[0m	http/server.go:2286	HTTP Request completed	{"method": "GET", "path": "/api/v1/students", "ip": "[::1]:50809", "status": 200, "duration": 0.002841}
2026-03-20T07:57:34.821+0800	[34mINFO[0m	http/server.go:2286	HTTP Request completed	{"method": "GET", "path": "/api/v1/students", "ip": "[::1]:63824", "status": 200, "duration": 0.0015706}
2026-03-20T07:57:34.825+0800	[34mINFO[0m	http/server.go:2286	HTTP Request completed	{"method": "GET", "path": "/api/v1/students", "ip": "[::1]:63824", "status": 200, "duration": 0.0017835}
2026-03-20T07:57:49.894+0800	[34mINFO[0m	http/server.go:2286	HTTP Request completed	{"method": "PATCH", "path": "/api/v1/users/f43c778c-2e02-498b-8c25-bf827796d6d3", "ip": "[::1]:63824", "status": 200, "duration": 0.0259638}
2026-03-20T07:57:51.160+0800	[34mINFO[0m	http/server.go:2286	HTTP Request completed	{"method": "GET", "path": "/api/v1/students", "ip": "[::1]:50809", "status": 200, "duration": 0.001037}
2026-03-20T07:57:51.162+0800	[34mINFO[0m	http/server.go:2286	HTTP Request completed	{"method": "GET", "path": "/api/v1/students", "ip": "[::1]:50809", "status": 200, "duration": 0.0010307}
2026-03-20T07:58:01.113+0800	[34mINFO[0m	runtime/proc.go:290	Shutting down server...
2026-03-20T07:58:01.113+0800	[31mERROR[0m	runtime/asm_amd64.s:1771	Server error	{"error": "http: Server closed"}
2026-03-20T07:58:01.113+0800	[34mINFO[0m	runtime/proc.go:290	Server exited properly
2026-03-20T07:58:01.114+0800	[34mINFO[0m	cmd/main.go:108	Closing database connection...
2026-03-20T08:14:10.408+0800	[34mINFO[0m	runtime/proc.go:290	Starting application...
2026-03-20T08:14:10.424+0800	[34mINFO[0m	runtime/proc.go:290	Connecting to PostgreSQL database...
2026-03-20T08:14:10.463+0800	[34mINFO[0m	runtime/proc.go:290	Database connected successfully	{"database": "School-manajement"}
2026-03-20T08:14:10.463+0800	[34mINFO[0m	runtime/asm_amd64.s:1771	Starting server	{"port": ":8080"}
2026-03-20T08:14:22.896+0800	[31mERROR[0m	http/server.go:2286	Failed to get student data by user_id!	{"request_id": "0555bf20-83e6-4b7f-9def-8d2afe31e68f", "client_ip": "[::1]:62131"}
2026-03-20T08:14:22.896+0800	[34mINFO[0m	http/server.go:2286	HTTP Request completed	{"method": "GET", "path": "/api/v1/students", "ip": "[::1]:62131", "status": 400, "duration": 0.0065531}
2026-03-20T08:14:22.898+0800	[31mERROR[0m	http/server.go:2286	Failed to get student data by user_id!	{"request_id": "6ead5067-88b4-42d7-8dac-450709a7f75b", "client_ip": "[::1]:62131"}
2026-03-20T08:14:22.898+0800	[34mINFO[0m	http/server.go:2286	HTTP Request completed	{"method": "GET", "path": "/api/v1/students", "ip": "[::1]:62131", "status": 400, "duration": 0.0007589}
2026-03-20T08:14:30.434+0800	[31mERROR[0m	http/server.go:2286	Failed to get student data by user_id!	{"request_id": "f705b8fc-a910-4004-9903-20128b83a478", "client_ip": "[::1]:56703"}
2026-03-20T08:14:30.435+0800	[34mINFO[0m	http/server.go:2286	HTTP Request completed	{"method": "GET", "path": "/api/v1/students", "ip": "[::1]:56703", "status": 400, "duration": 0.0011156}
2026-03-20T08:14:30.437+0800	[31mERROR[0m	http/server.go:2286	Failed to get student data by user_id!	{"request_id": "c9d88d15-7696-413f-bdea-2b1e9b506926", "client_ip": "[::1]:56703"}
2026-03-20T08:14:30.437+0800	[34mINFO[0m	http/server.go:2286	HTTP Request completed	{"method": "GET", "path": "/api/v1/students", "ip": "[::1]:56703", "status": 400, "duration": 0.0006335}
2026-03-20T08:14:32.487+0800	[31mERROR[0m	http/server.go:2286	Failed to get student data by user_id!	{"request_id": "e79d0671-6fae-400d-b947-c90187e78abb", "client_ip": "[::1]:56703"}
2026-03-20T08:14:32.488+0800	[34mINFO[0m	http/server.go:2286	HTTP Request completed	{"method": "GET", "path": "/api/v1/students", "ip": "[::1]:56703", "status": 400, "duration": 0.0010374}
2026-03-20T08:14:32.490+0800	[31mERROR[0m	http/server.go:2286	Failed to get student data by user_id!	{"request_id": "f6af985d-4171-4c8f-9256-491d30da39fd", "client_ip": "[::1]:56703"}
2026-03-20T08:14:32.491+0800	[34mINFO[0m	http/server.go:2286	HTTP Request completed	{"method": "GET", "path": "/api/v1/students", "ip": "[::1]:56703", "status": 400, "duration": 0.0008731}
2026-03-20T08:14:33.157+0800	[34mINFO[0m	http/server.go:2286	HTTP Request completed	{"method": "GET", "path": "/api/v1/absensi/all-with-students", "ip": "[::1]:56703", "status": 200, "duration": 0.0104498}
2026-03-20T08:14:33.160+0800	[34mINFO[0m	http/server.go:2286	HTTP Request completed	{"method": "GET", "path": "/api/v1/absensi/all-with-students", "ip": "[::1]:56703", "status": 200, "duration": 0.000847}
2026-03-20T08:15:06.360+0800	[34mINFO[0m	runtime/proc.go:290	Shutting down server...
2026-03-20T08:15:06.360+0800	[31mERROR[0m	runtime/asm_amd64.s:1771	Server error	{"error": "http: Server closed"}
2026-03-20T08:15:06.361+0800	[34mINFO[0m	runtime/proc.go:290	Server exited properly
2026-03-20T08:15:06.361+0800	[34mINFO[0m	cmd/main.go:108	Closing database connection...
2026-03-20T08:20:14.815+0800	[34mINFO[0m	runtime/proc.go:290	Starting application...
2026-03-20T08:20:14.831+0800	[34mINFO[0m	runtime/proc.go:290	Connecting to PostgreSQL database...
2026-03-20T08:20:14.866+0800	[34mINFO[0m	runtime/proc.go:290	Database connected successfully	{"database": "School-manajement"}
2026-03-20T08:20:14.867+0800	[34mINFO[0m	runtime/asm_amd64.s:1771	Starting server	{"port": ":8080"}
2026-03-20T08:20:32.905+0800	[34mINFO[0m	runtime/proc.go:290	Starting application...
2026-03-20T08:20:32.921+0800	[34mINFO[0m	runtime/proc.go:290	Connecting to PostgreSQL database...
2026-03-20T08:20:32.959+0800	[34mINFO[0m	runtime/proc.go:290	Database connected successfully	{"database": "School-manajement"}
2026-03-20T08:20:32.960+0800	[34mINFO[0m	runtime/asm_amd64.s:1771	Starting server	{"port": ":8080"}
2026-03-20T08:20:32.960+0800	[31mERROR[0m	runtime/asm_amd64.s:1771	Server error	{"error": "listen tcp :8080: bind: Only one usage of each socket address (protocol/network address/port) is normally permitted."}
2026-03-20T08:22:12.122+0800	[34mINFO[0m	http/server.go:2286	HTTP Request completed	{"method": "POST", "path": "/api/v1/register", "ip": "[::1]:50942", "status": 201, "duration": 0.0844807}
2026-03-20T08:22:33.686+0800	[34mINFO[0m	http/server.go:2286	HTTP Request completed	{"method": "POST", "path": "/api/v1/login", "ip": "[::1]:50942", "status": 400, "duration": 0.0012145}
2026-03-20T08:23:23.455+0800	[34mINFO[0m	http/server.go:2286	HTTP Request completed	{"method": "POST", "path": "/api/v1/register", "ip": "[::1]:50942", "status": 201, "duration": 0.0748871}
2026-03-20T08:35:47.673+0800	[34mINFO[0m	http/server.go:2286	HTTP Request completed	{"method": "POST", "path": "/api/v1/login", "ip": "[::1]:53926", "status": 200, "duration": 0.1113696}
2026-03-20T08:35:47.831+0800	[34mINFO[0m	http/server.go:2286	HTTP Request completed	{"method": "GET", "path": "/api/v1/students", "ip": "[::1]:53926", "status": 200, "duration": 0.0017609}
2026-03-20T08:35:47.836+0800	[34mINFO[0m	http/server.go:2286	HTTP Request completed	{"method": "GET", "path": "/api/v1/students", "ip": "[::1]:53926", "status": 200, "duration": 0.0025376}
2026-03-20T08:36:10.786+0800	[34mINFO[0m	http/server.go:2286	HTTP Request completed	{"method": "GET", "path": "/api/v1/students", "ip": "[::1]:56390", "status": 200, "duration": 0.0010763}
2026-03-20T08:36:10.789+0800	[34mINFO[0m	http/server.go:2286	HTTP Request completed	{"method": "GET", "path": "/api/v1/students", "ip": "[::1]:56390", "status": 200, "duration": 0.0008347}
2026-03-20T08:36:13.971+0800	[34mINFO[0m	http/server.go:2286	HTTP Request completed	{"method": "GET", "path": "/api/v1/students", "ip": "[::1]:56390", "status": 200, "duration": 0.0010417}
2026-03-20T08:36:13.974+0800	[34mINFO[0m	http/server.go:2286	HTTP Request completed	{"method": "GET", "path": "/api/v1/students", "ip": "[::1]:56390", "status": 200, "duration": 0.0010395}
2026-03-20T08:36:14.465+0800	[34mINFO[0m	http/server.go:2286	HTTP Request completed	{"method": "GET", "path": "/api/v1/students", "ip": "[::1]:56390", "status": 200, "duration": 0.002109}
2026-03-20T08:36:14.468+0800	[34mINFO[0m	http/server.go:2286	HTTP Request completed	{"method": "GET", "path": "/api/v1/students", "ip": "[::1]:56390", "status": 200, "duration": 0.001042}
2026-03-20T08:37:43.116+0800	[34mINFO[0m	runtime/proc.go:290	Shutting down server...
2026-03-20T08:37:43.116+0800	[34mINFO[0m	runtime/proc.go:290	Server exited properly
2026-03-20T08:37:43.116+0800	[34mINFO[0m	cmd/main.go:108	Closing database connection...
2026-03-20T08:39:32.164+0800	[34mINFO[0m	runtime/proc.go:290	Starting application...
2026-03-20T08:39:32.180+0800	[34mINFO[0m	runtime/proc.go:290	Connecting to PostgreSQL database...
2026-03-20T08:39:32.216+0800	[34mINFO[0m	runtime/proc.go:290	Database connected successfully	{"database": "School-manajement"}
2026-03-20T08:39:32.217+0800	[34mINFO[0m	runtime/asm_amd64.s:1771	Starting server	{"port": ":8080"}
2026-03-20T08:39:32.217+0800	[31mERROR[0m	runtime/asm_amd64.s:1771	Server error	{"error": "listen tcp :8080: bind: Only one usage of each socket address (protocol/network address/port) is normally permitted."}
2026-03-20T08:39:43.185+0800	[34mINFO[0m	http/server.go:2286	HTTP Request completed	{"method": "GET", "path": "/api/v1/students", "ip": "[::1]:64670", "status": 200, "duration": 0.0012533}
2026-03-20T08:39:43.187+0800	[34mINFO[0m	http/server.go:2286	HTTP Request completed	{"method": "GET", "path": "/api/v1/students", "ip": "[::1]:64670", "status": 200, "duration": 0.0005062}
2026-03-20T08:40:18.537+0800	[34mINFO[0m	http/server.go:2286	HTTP Request completed	{"method": "POST", "path": "/api/v1/student", "ip": "[::1]:64670", "status": 201, "duration": 0.0099326}
2026-03-20T08:40:18.544+0800	[34mINFO[0m	http/server.go:2286	HTTP Request completed	{"method": "GET", "path": "/api/v1/students", "ip": "[::1]:64670", "status": 200, "duration": 0.0017471}
2026-03-20T08:40:24.171+0800	[34mINFO[0m	http/server.go:2286	HTTP Request completed	{"method": "GET", "path": "/api/v1/students", "ip": "[::1]:55231", "status": 200, "duration": 0.00078}
2026-03-20T08:40:24.172+0800	[34mINFO[0m	http/server.go:2286	HTTP Request completed	{"method": "GET", "path": "/api/v1/students", "ip": "[::1]:55231", "status": 200, "duration": 0.0007128}
2026-03-20T08:41:19.622+0800	[34mINFO[0m	http/server.go:2286	HTTP Request completed	{"method": "GET", "path": "/api/v1/students", "ip": "[::1]:55231", "status": 200, "duration": 0.0430721}
2026-03-20T08:41:19.624+0800	[34mINFO[0m	http/server.go:2286	HTTP Request completed	{"method": "GET", "path": "/api/v1/students", "ip": "[::1]:55231", "status": 200, "duration": 0.0005085}
2026-03-20T08:41:31.511+0800	[34mINFO[0m	http/server.go:2286	HTTP Request completed	{"method": "GET", "path": "/api/v1/tasks", "ip": "[::1]:64670", "status": 400, "duration": 0.0007099}
2026-03-20T08:41:31.513+0800	[34mINFO[0m	http/server.go:2286	HTTP Request completed	{"method": "GET", "path": "/api/v1/tasks", "ip": "[::1]:64670", "status": 400, "duration": 0.0004599}
2026-03-20T08:41:33.748+0800	[34mINFO[0m	http/server.go:2286	HTTP Request completed	{"method": "GET", "path": "/api/v1/absensi/all-with-students", "ip": "[::1]:55231", "status": 200, "duration": 0.003211}
2026-03-20T08:41:33.749+0800	[34mINFO[0m	http/server.go:2286	HTTP Request completed	{"method": "GET", "path": "/api/v1/absensi/all-with-students", "ip": "[::1]:55231", "status": 200, "duration": 0.0003684}
2026-03-20T08:41:35.391+0800	[34mINFO[0m	http/server.go:2286	HTTP Request completed	{"method": "GET", "path": "/api/v1/students", "ip": "[::1]:64670", "status": 200, "duration": 0.0007872}
2026-03-20T08:41:35.394+0800	[34mINFO[0m	http/server.go:2286	HTTP Request completed	{"method": "GET", "path": "/api/v1/students", "ip": "[::1]:64670", "status": 200, "duration": 0.0010369}
2026-03-20T08:41:36.074+0800	[34mINFO[0m	http/server.go:2286	HTTP Request completed	{"method": "GET", "path": "/api/v1/students", "ip": "[::1]:64670", "status": 200, "duration": 0.000527}
2026-03-20T08:41:36.077+0800	[34mINFO[0m	http/server.go:2286	HTTP Request completed	{"method": "GET", "path": "/api/v1/students", "ip": "[::1]:64670", "status": 200, "duration": 0.0014154}
2026-03-20T08:43:03.412+0800	[34mINFO[0m	http/server.go:2286	HTTP Request completed	{"method": "GET", "path": "/api/v1/students", "ip": "[::1]:49666", "status": 200, "duration": 0.0012189}
2026-03-20T08:43:03.414+0800	[34mINFO[0m	http/server.go:2286	HTTP Request completed	{"method": "GET", "path": "/api/v1/students", "ip": "[::1]:49666", "status": 200, "duration": 0.0010637}
2026-03-20T08:44:43.533+0800	[34mINFO[0m	http/server.go:2286	HTTP Request completed	{"method": "GET", "path": "/api/v1/students", "ip": "[::1]:64740", "status": 200, "duration": 0.0010652}
2026-03-20T08:44:43.536+0800	[34mINFO[0m	http/server.go:2286	HTTP Request completed	{"method": "GET", "path": "/api/v1/students", "ip": "[::1]:64740", "status": 200, "duration": 0.0013795}
2026-03-20T08:44:44.484+0800	[34mINFO[0m	http/server.go:2286	HTTP Request completed	{"method": "GET", "path": "/api/v1/tasks", "ip": "[::1]:52359", "status": 400, "duration": 0.0005071}
2026-03-20T08:44:44.486+0800	[34mINFO[0m	http/server.go:2286	HTTP Request completed	{"method": "GET", "path": "/api/v1/tasks", "ip": "[::1]:52359", "status": 400, "duration": 0}
2026-03-20T08:44:45.246+0800	[34mINFO[0m	http/server.go:2286	HTTP Request completed	{"method": "GET", "path": "/api/v1/absensi/all-with-students", "ip": "[::1]:64740", "status": 200, "duration": 0.0014044}
2026-03-20T08:44:45.249+0800	[34mINFO[0m	http/server.go:2286	HTTP Request completed	{"method": "GET", "path": "/api/v1/absensi/all-with-students", "ip": "[::1]:64740", "status": 200, "duration": 0.001691}
2026-03-20T08:44:47.369+0800	[34mINFO[0m	http/server.go:2286	HTTP Request completed	{"method": "GET", "path": "/api/v1/tasks", "ip": "[::1]:64740", "status": 400, "duration": 0.0005796}
2026-03-20T08:44:47.371+0800	[34mINFO[0m	http/server.go:2286	HTTP Request completed	{"method": "GET", "path": "/api/v1/tasks", "ip": "[::1]:64740", "status": 400, "duration": 0.0005084}
2026-03-20T08:44:47.919+0800	[34mINFO[0m	http/server.go:2286	HTTP Request completed	{"method": "GET", "path": "/api/v1/students", "ip": "[::1]:64740", "status": 200, "duration": 0.001064}
2026-03-20T08:44:47.923+0800	[34mINFO[0m	http/server.go:2286	HTTP Request completed	{"method": "GET", "path": "/api/v1/students", "ip": "[::1]:64740", "status": 200, "duration": 0.0023148}
2026-03-20T08:54:03.067+0800	[34mINFO[0m	http/server.go:2286	HTTP Request completed	{"method": "GET", "path": "/api/v1/students", "ip": "[::1]:52264", "status": 200, "duration": 0.1385211}
2026-03-20T08:54:03.069+0800	[34mINFO[0m	http/server.go:2286	HTTP Request completed	{"method": "GET", "path": "/api/v1/students", "ip": "[::1]:52264", "status": 200, "duration": 0.0005065}
2026-03-20T08:54:06.461+0800	[34mINFO[0m	http/server.go:2286	HTTP Request completed	{"method": "GET", "path": "/api/v1/students", "ip": "[::1]:52264", "status": 200, "duration": 0.0016118}
2026-03-20T08:54:06.463+0800	[34mINFO[0m	http/server.go:2286	HTTP Request completed	{"method": "GET", "path": "/api/v1/students", "ip": "[::1]:52264", "status": 200, "duration": 0.0010357}
2026-03-20T08:54:12.269+0800	[34mINFO[0m	http/server.go:2286	HTTP Request completed	{"method": "PATCH", "path": "/api/v1/users/c865a475-477e-4cee-b15c-d89d25f0043e", "ip": "[::1]:52264", "status": 200, "duration": 0.0195482}
2026-03-20T08:56:30.276+0800	[34mINFO[0m	http/server.go:2286	HTTP Request completed	{"method": "GET", "path": "/api/v1/students", "ip": "[::1]:60372", "status": 200, "duration": 0.0023011}
2026-03-20T08:56:30.280+0800	[34mINFO[0m	http/server.go:2286	HTTP Request completed	{"method": "GET", "path": "/api/v1/students", "ip": "[::1]:60372", "status": 200, "duration": 0.0013546}
2026-03-20T08:56:35.595+0800	[34mINFO[0m	runtime/proc.go:290	Shutting down server...
2026-03-20T08:56:35.595+0800	[34mINFO[0m	runtime/proc.go:290	Server exited properly
2026-03-20T08:56:35.596+0800	[34mINFO[0m	cmd/main.go:108	Closing database connection...
2026-03-20T08:56:38.691+0800	[34mINFO[0m	runtime/proc.go:290	Starting application...
2026-03-20T08:56:38.706+0800	[34mINFO[0m	runtime/proc.go:290	Connecting to PostgreSQL database...
2026-03-20T08:56:38.849+0800	[34mINFO[0m	runtime/proc.go:290	Database connected successfully	{"database": "School-manajement"}
2026-03-20T08:56:38.849+0800	[34mINFO[0m	runtime/asm_amd64.s:1771	Starting server	{"port": ":8080"}
2026-03-20T08:56:38.849+0800	[31mERROR[0m	runtime/asm_amd64.s:1771	Server error	{"error": "listen tcp :8080: bind: Only one usage of each socket address (protocol/network address/port) is normally permitted."}
2026-03-20T08:56:45.231+0800	[34mINFO[0m	http/server.go:2286	HTTP Request completed	{"method": "GET", "path": "/api/v1/students", "ip": "[::1]:63212", "status": 200, "duration": 0.0005146}
2026-03-20T08:56:45.233+0800	[34mINFO[0m	http/server.go:2286	HTTP Request completed	{"method": "GET", "path": "/api/v1/students", "ip": "[::1]:63212", "status": 200, "duration": 0.0006846}
2026-03-20T08:56:47.471+0800	[34mINFO[0m	http/server.go:2286	HTTP Request completed	{"method": "GET", "path": "/api/v1/students", "ip": "[::1]:63212", "status": 200, "duration": 0.0005124}
2026-03-20T08:56:47.475+0800	[34mINFO[0m	http/server.go:2286	HTTP Request completed	{"method": "GET", "path": "/api/v1/students", "ip": "[::1]:63212", "status": 200, "duration": 0.0010417}
2026-03-20T08:56:53.675+0800	[31mERROR[0m	http/server.go:2286	Failed to check the file is exist or not!	{"request_id": "41fe7f04-1955-4a19-b760-abe6461d5604", "client_ip": "[::1]:63212"}
2026-03-20T08:56:53.693+0800	[34mINFO[0m	http/server.go:2286	HTTP Request completed	{"method": "PATCH", "path": "/api/v1/users/c865a475-477e-4cee-b15c-d89d25f0043e", "ip": "[::1]:60372", "status": 200, "duration": 0.0141248}
2026-03-20T09:00:26.154+0800	[34mINFO[0m	runtime/proc.go:290	Shutting down server...
2026-03-20T09:00:26.154+0800	[34mINFO[0m	runtime/proc.go:290	Server exited properly
2026-03-20T09:00:26.155+0800	[34mINFO[0m	cmd/main.go:108	Closing database connection...
2026-03-20T09:01:42.336+0800	[34mINFO[0m	runtime/proc.go:290	Starting application...
2026-03-20T09:01:42.353+0800	[34mINFO[0m	runtime/proc.go:290	Connecting to PostgreSQL database...
2026-03-20T09:01:42.390+0800	[34mINFO[0m	runtime/proc.go:290	Database connected successfully	{"database": "School-manajement"}
2026-03-20T09:01:42.391+0800	[34mINFO[0m	runtime/asm_amd64.s:1771	Starting server	{"port": ":8080"}
2026-03-20T09:01:42.391+0800	[31mERROR[0m	runtime/asm_amd64.s:1771	Server error	{"error": "listen tcp :8080: bind: Only one usage of each socket address (protocol/network address/port) is normally permitted."}
2026-03-20T09:02:21.802+0800	[34mINFO[0m	runtime/proc.go:290	Starting application...
2026-03-20T09:02:21.817+0800	[34mINFO[0m	runtime/proc.go:290	Connecting to PostgreSQL database...
2026-03-20T09:02:21.857+0800	[34mINFO[0m	runtime/proc.go:290	Database connected successfully	{"database": "School-manajement"}
2026-03-20T09:02:21.857+0800	[34mINFO[0m	runtime/asm_amd64.s:1771	Starting server	{"port": ":8080"}
2026-03-20T09:02:21.858+0800	[31mERROR[0m	runtime/asm_amd64.s:1771	Server error	{"error": "listen tcp :8080: bind: Only one usage of each socket address (protocol/network address/port) is normally permitted."}
2026-03-20T09:02:26.604+0800	[34mINFO[0m	http/server.go:2286	HTTP Request completed	{"method": "GET", "path": "/api/v1/students", "ip": "[::1]:56288", "status": 200, "duration": 0.0427098}
2026-03-20T09:02:26.606+0800	[34mINFO[0m	http/server.go:2286	HTTP Request completed	{"method": "GET", "path": "/api/v1/students", "ip": "[::1]:56288", "status": 200, "duration": 0.0005638}
2026-03-20T09:02:29.741+0800	[34mINFO[0m	http/server.go:2286	HTTP Request completed	{"method": "GET", "path": "/api/v1/students", "ip": "[::1]:56288", "status": 200, "duration": 0.0021537}
2026-03-20T09:02:29.744+0800	[34mINFO[0m	http/server.go:2286	HTTP Request completed	{"method": "GET", "path": "/api/v1/students", "ip": "[::1]:56288", "status": 200, "duration": 0.001163}
2026-03-20T09:02:35.878+0800	[31mERROR[0m	http/server.go:2286	Failed to check the file is exist or not!	{"request_id": "4e13f873-f7dd-4c7e-84ea-70d09ae738d1", "client_ip": "[::1]:56288"}
2026-03-20T09:02:35.898+0800	[34mINFO[0m	http/server.go:2286	HTTP Request completed	{"method": "PATCH", "path": "/api/v1/users/c865a475-477e-4cee-b15c-d89d25f0043e", "ip": "[::1]:50002", "status": 200, "duration": 0.0160914}
2026-03-20T09:02:43.154+0800	[34mINFO[0m	http/server.go:2286	HTTP Request completed	{"method": "PATCH", "path": "/api/v1/users/c865a475-477e-4cee-b15c-d89d25f0043e", "ip": "[::1]:50002", "status": 200, "duration": 0.0049729}
2026-03-20T09:02:51.526+0800	[31mERROR[0m	http/server.go:2286	Failed to check the file is exist or not!	{"request_id": "0c6ae2b6-9aaf-4cdd-9078-e336f6ad4cef", "client_ip": "[::1]:50002"}
2026-03-20T09:02:51.544+0800	[34mINFO[0m	http/server.go:2286	HTTP Request completed	{"method": "PATCH", "path": "/api/v1/users/c865a475-477e-4cee-b15c-d89d25f0043e", "ip": "[::1]:65461", "status": 200, "duration": 0.0144411}
2026-03-20T09:03:39.865+0800	[34mINFO[0m	http/server.go:2286	HTTP Request completed	{"method": "POST", "path": "/api/v1/register", "ip": "[::1]:65461", "status": 201, "duration": 0.0557367}
2026-03-20T09:04:07.715+0800	[34mINFO[0m	http/server.go:2286	HTTP Request completed	{"method": "POST", "path": "/api/v1/login", "ip": "[::1]:65461", "status": 200, "duration": 0.0646799}
2026-03-20T09:04:07.774+0800	[34mINFO[0m	http/server.go:2286	HTTP Request completed	{"method": "GET", "path": "/api/v1/students", "ip": "[::1]:65461", "status": 200, "duration": 0.0021166}
2026-03-20T09:04:07.778+0800	[34mINFO[0m	http/server.go:2286	HTTP Request completed	{"method": "GET", "path": "/api/v1/students", "ip": "[::1]:65461", "status": 200, "duration": 0.001085}
2026-03-20T09:04:38.622+0800	[34mINFO[0m	http/server.go:2286	HTTP Request completed	{"method": "PATCH", "path": "/api/v1/users/68b1eda8-96ed-4337-9770-0ce6089bfbad", "ip": "[::1]:65461", "status": 200, "duration": 0.0053498}
2026-03-20T09:05:44.991+0800	[34mINFO[0m	runtime/proc.go:290	Shutting down server...
2026-03-20T09:05:44.991+0800	[34mINFO[0m	runtime/proc.go:290	Server exited properly
2026-03-20T09:05:44.991+0800	[34mINFO[0m	cmd/main.go:108	Closing database connection...
2026-03-20T09:08:11.995+0800	[34mINFO[0m	runtime/proc.go:290	Starting application...
2026-03-20T09:08:12.018+0800	[34mINFO[0m	runtime/proc.go:290	Connecting to PostgreSQL database...
2026-03-20T09:08:12.170+0800	[34mINFO[0m	runtime/proc.go:290	Database connected successfully	{"database": "School-manajement"}
2026-03-20T09:08:12.171+0800	[34mINFO[0m	runtime/asm_amd64.s:1771	Starting server	{"port": ":8080"}
2026-03-20T09:08:12.171+0800	[31mERROR[0m	runtime/asm_amd64.s:1771	Server error	{"error": "listen tcp :8080: bind: Only one usage of each socket address (protocol/network address/port) is normally permitted."}
2026-03-20T09:08:40.888+0800	[34mINFO[0m	runtime/proc.go:290	Starting application...
2026-03-20T09:08:40.903+0800	[34mINFO[0m	runtime/proc.go:290	Connecting to PostgreSQL database...
2026-03-20T09:08:40.940+0800	[34mINFO[0m	runtime/proc.go:290	Database connected successfully	{"database": "School-manajement"}
2026-03-20T09:08:40.941+0800	[34mINFO[0m	runtime/asm_amd64.s:1771	Starting server	{"port": ":8080"}
2026-03-20T09:08:40.942+0800	[31mERROR[0m	runtime/asm_amd64.s:1771	Server error	{"error": "listen tcp :8080: bind: Only one usage of each socket address (protocol/network address/port) is normally permitted."}
2026-03-20T09:09:20.239+0800	[34mINFO[0m	http/server.go:2286	HTTP Request completed	{"method": "GET", "path": "/api/v1/students", "ip": "[::1]:54981", "status": 200, "duration": 0.0407783}
2026-03-20T09:09:20.240+0800	[34mINFO[0m	http/server.go:2286	HTTP Request completed	{"method": "GET", "path": "/api/v1/students", "ip": "[::1]:54981", "status": 200, "duration": 0.000508}
2026-03-20T09:09:22.538+0800	[34mINFO[0m	http/server.go:2286	HTTP Request completed	{"method": "GET", "path": "/api/v1/students", "ip": "[::1]:50997", "status": 200, "duration": 0.0011668}
2026-03-20T09:09:22.541+0800	[34mINFO[0m	http/server.go:2286	HTTP Request completed	{"method": "GET", "path": "/api/v1/students", "ip": "[::1]:50997", "status": 200, "duration": 0.001413}
2026-03-20T09:10:42.862+0800	[31mERROR[0m	http/server.go:2286	Failed to check the file is exist or not!	{"request_id": "53a48716-8b6c-47ae-9f7f-fa33e70a9c3a", "client_ip": "[::1]:54236"}
2026-03-20T09:10:42.876+0800	[34mINFO[0m	http/server.go:2286	HTTP Request completed	{"method": "PATCH", "path": "/api/v1/users/68b1eda8-96ed-4337-9770-0ce6089bfbad", "ip": "[::1]:50364", "status": 200, "duration": 0.0108403}
2026-03-20T09:10:56.631+0800	[34mINFO[0m	runtime/proc.go:290	Shutting down server...
2026-03-20T09:10:56.631+0800	[34mINFO[0m	runtime/proc.go:290	Server exited properly
2026-03-20T09:10:56.631+0800	[34mINFO[0m	cmd/main.go:108	Closing database connection...
2026-03-20T09:11:06.942+0800	[34mINFO[0m	runtime/proc.go:290	Starting application...
2026-03-20T09:11:06.957+0800	[34mINFO[0m	runtime/proc.go:290	Connecting to PostgreSQL database...
2026-03-20T09:11:06.996+0800	[34mINFO[0m	runtime/proc.go:290	Database connected successfully	{"database": "School-manajement"}
2026-03-20T09:11:06.996+0800	[34mINFO[0m	runtime/asm_amd64.s:1771	Starting server	{"port": ":8080"}
2026-03-20T09:11:06.997+0800	[31mERROR[0m	runtime/asm_amd64.s:1771	Server error	{"error": "listen tcp :8080: bind: Only one usage of each socket address (protocol/network address/port) is normally permitted."}
2026-03-20T09:11:17.859+0800	[34mINFO[0m	http/server.go:2286	HTTP Request completed	{"method": "GET", "path": "/api/v1/students", "ip": "[::1]:50364", "status": 200, "duration": 0.00094}
2026-03-20T09:11:43.679+0800	[34mINFO[0m	http/server.go:2286	HTTP Request completed	{"method": "POST", "path": "/api/v1/register", "ip": "[::1]:50364", "status": 201, "duration": 0.0684332}
2026-03-20T09:12:17.471+0800	[34mINFO[0m	http/server.go:2286	HTTP Request completed	{"method": "POST", "path": "/api/v1/login", "ip": "[::1]:50364", "status": 200, "duration": 0.0612915}
2026-03-20T09:12:17.529+0800	[34mINFO[0m	http/server.go:2286	HTTP Request completed	{"method": "GET", "path": "/api/v1/students", "ip": "[::1]:50364", "status": 200, "duration": 0.0012198}
2026-03-20T09:12:24.806+0800	[34mINFO[0m	http/server.go:2286	HTTP Request completed	{"method": "PATCH", "path": "/api/v1/users/9958bbb3-074f-4dfd-ab57-04362bb7e320", "ip": "[::1]:50364", "status": 200, "duration": 0.0076423}
2026-03-20T09:12:30.671+0800	[34mINFO[0m	runtime/proc.go:290	Shutting down server...
2026-03-20T09:12:30.672+0800	[34mINFO[0m	runtime/proc.go:290	Server exited properly
2026-03-20T09:12:30.672+0800	[34mINFO[0m	cmd/main.go:108	Closing database connection...
2026-03-20T09:16:21.514+0800	[34mINFO[0m	runtime/proc.go:290	Starting application...
2026-03-20T09:16:21.530+0800	[34mINFO[0m	runtime/proc.go:290	Connecting to PostgreSQL database...
2026-03-20T09:16:21.670+0800	[34mINFO[0m	runtime/proc.go:290	Database connected successfully	{"database": "School-manajement"}
2026-03-20T09:16:21.671+0800	[34mINFO[0m	runtime/asm_amd64.s:1771	Starting server	{"port": ":8080"}
2026-03-20T09:31:03.352+0800	[34mINFO[0m	runtime/proc.go:290	Starting application...
2026-03-20T09:31:03.368+0800	[34mINFO[0m	runtime/proc.go:290	Connecting to PostgreSQL database...
2026-03-20T09:31:03.405+0800	[34mINFO[0m	runtime/proc.go:290	Database connected successfully	{"database": "School-manajement"}
2026-03-20T09:31:03.405+0800	[34mINFO[0m	runtime/asm_amd64.s:1771	Starting server	{"port": ":8080"}
2026-03-20T09:31:03.406+0800	[31mERROR[0m	runtime/asm_amd64.s:1771	Server error	{"error": "listen tcp :8080: bind: Only one usage of each socket address (protocol/network address/port) is normally permitted."}
2026-03-20T09:31:08.979+0800	[34mINFO[0m	runtime/proc.go:290	Shutting down server...
2026-03-20T09:31:08.981+0800	[34mINFO[0m	runtime/proc.go:290	Server exited properly
2026-03-20T09:31:08.981+0800	[34mINFO[0m	cmd/main.go:108	Closing database connection...
2026-03-20T09:31:11.586+0800	[34mINFO[0m	runtime/proc.go:290	Starting application...
2026-03-20T09:31:11.601+0800	[34mINFO[0m	runtime/proc.go:290	Connecting to PostgreSQL database...
2026-03-20T09:31:11.747+0800	[34mINFO[0m	runtime/proc.go:290	Database connected successfully	{"database": "School-manajement"}
2026-03-20T09:31:11.748+0800	[34mINFO[0m	runtime/asm_amd64.s:1771	Starting server	{"port": ":8080"}
2026-03-20T09:31:11.749+0800	[31mERROR[0m	runtime/asm_amd64.s:1771	Server error	{"error": "listen tcp :8080: bind: Only one usage of each socket address (protocol/network address/port) is normally permitted."}
2026-03-20T09:31:53.777+0800	[34mINFO[0m	runtime/proc.go:290	Shutting down server...
2026-03-20T09:31:53.777+0800	[34mINFO[0m	runtime/proc.go:290	Server exited properly
2026-03-20T09:31:53.777+0800	[34mINFO[0m	cmd/main.go:108	Closing database connection...
2026-03-20T09:32:38.816+0800	[34mINFO[0m	runtime/proc.go:290	Starting application...
2026-03-20T09:32:38.832+0800	[34mINFO[0m	runtime/proc.go:290	Connecting to PostgreSQL database...
2026-03-20T09:32:38.866+0800	[34mINFO[0m	runtime/proc.go:290	Database connected successfully	{"database": "School-manajement"}
2026-03-20T09:32:38.866+0800	[34mINFO[0m	runtime/asm_amd64.s:1771	Starting server	{"port": ":8080"}
2026-03-20T09:32:38.867+0800	[31mERROR[0m	runtime/asm_amd64.s:1771	Server error	{"error": "listen tcp :8080: bind: Only one usage of each socket address (protocol/network address/port) is normally permitted."}
2026-03-20T09:32:44.635+0800	[34mINFO[0m	runtime/proc.go:290	Shutting down server...
2026-03-20T09:32:44.635+0800	[34mINFO[0m	runtime/proc.go:290	Server exited properly
2026-03-20T09:32:44.635+0800	[34mINFO[0m	cmd/main.go:108	Closing database connection...
2026-03-20T09:34:19.087+0800	[34mINFO[0m	runtime/proc.go:290	Starting application...
2026-03-20T09:34:19.102+0800	[34mINFO[0m	runtime/proc.go:290	Connecting to PostgreSQL database...
2026-03-20T09:34:19.144+0800	[34mINFO[0m	runtime/proc.go:290	Database connected successfully	{"database": "School-manajement"}
2026-03-20T09:34:19.145+0800	[34mINFO[0m	runtime/asm_amd64.s:1771	Starting server	{"port": ":8080"}
2026-03-20T09:34:55.877+0800	[34mINFO[0m	runtime/proc.go:290	Starting application...
2026-03-20T09:34:55.893+0800	[34mINFO[0m	runtime/proc.go:290	Connecting to PostgreSQL database...
2026-03-20T09:34:55.933+0800	[34mINFO[0m	runtime/proc.go:290	Database connected successfully	{"database": "School-manajement"}
2026-03-20T09:34:55.933+0800	[34mINFO[0m	runtime/asm_amd64.s:1771	Starting server	{"port": ":8080"}
2026-03-20T09:34:55.934+0800	[31mERROR[0m	runtime/asm_amd64.s:1771	Server error	{"error": "listen tcp :8080: bind: Only one usage of each socket address (protocol/network address/port) is normally permitted."}
2026-03-20T09:35:02.020+0800	[34mINFO[0m	runtime/proc.go:290	Shutting down server...
2026-03-20T09:35:02.020+0800	[34mINFO[0m	runtime/proc.go:290	Server exited properly
2026-03-20T09:35:02.020+0800	[34mINFO[0m	cmd/main.go:108	Closing database connection...
2026-03-20T09:35:04.715+0800	[34mINFO[0m	runtime/proc.go:290	Starting application...
2026-03-20T09:35:04.735+0800	[34mINFO[0m	runtime/proc.go:290	Connecting to PostgreSQL database...
2026-03-20T09:35:04.777+0800	[34mINFO[0m	runtime/proc.go:290	Database connected successfully	{"database": "School-manajement"}
2026-03-20T09:35:04.777+0800	[34mINFO[0m	runtime/asm_amd64.s:1771	Starting server	{"port": ":8080"}
2026-03-20T09:35:04.779+0800	[31mERROR[0m	runtime/asm_amd64.s:1771	Server error	{"error": "listen tcp :8080: bind: Only one usage of each socket address (protocol/network address/port) is normally permitted."}
2026-03-20T09:35:12.086+0800	[34mINFO[0m	runtime/proc.go:290	Shutting down server...
2026-03-20T09:35:12.094+0800	[34mINFO[0m	runtime/proc.go:290	Server exited properly
2026-03-20T09:35:12.094+0800	[34mINFO[0m	cmd/main.go:108	Closing database connection...
2026-03-20T09:35:15.162+0800	[34mINFO[0m	runtime/proc.go:290	Shutting down server...
2026-03-20T09:35:15.162+0800	[31mERROR[0m	runtime/asm_amd64.s:1771	Server error	{"error": "http: Server closed"}
2026-03-20T09:35:15.162+0800	[34mINFO[0m	runtime/proc.go:290	Server exited properly
2026-03-20T09:35:15.163+0800	[34mINFO[0m	cmd/main.go:108	Closing database connection...
2026-03-20T09:35:40.714+0800	[34mINFO[0m	runtime/proc.go:290	Starting application...
2026-03-20T09:35:40.737+0800	[34mINFO[0m	runtime/proc.go:290	Connecting to PostgreSQL database...
2026-03-20T09:35:40.787+0800	[34mINFO[0m	runtime/proc.go:290	Database connected successfully	{"database": "School-manajement"}
2026-03-20T09:35:40.787+0800	[34mINFO[0m	runtime/asm_amd64.s:1771	Starting server	{"port": ":8080"}
2026-03-20T09:36:02.883+0800	[34mINFO[0m	http/server.go:2286	HTTP Request completed	{"method": "GET", "path": "/api/v1/students", "ip": "[::1]:50050", "status": 200, "duration": 0.0037563}
2026-03-20T09:36:13.864+0800	[34mINFO[0m	http/server.go:2286	HTTP Request completed	{"method": "PATCH", "path": "/api/v1/users/9958bbb3-074f-4dfd-ab57-04362bb7e320", "ip": "[::1]:50050", "status": 200, "duration": 0.0122138}
2026-03-20T09:36:22.399+0800	[34mINFO[0m	http/server.go:2286	HTTP Request completed	{"method": "GET", "path": "/api/v1/students", "ip": "[::1]:50050", "status": 200, "duration": 0.001947}
2026-03-20T09:36:23.317+0800	[34mINFO[0m	http/server.go:2286	HTTP Request completed	{"method": "GET", "path": "/api/v1/students", "ip": "[::1]:50050", "status": 200, "duration": 0.0012677}
2026-03-20T09:36:38.012+0800	[34mINFO[0m	http/server.go:2286	HTTP Request completed	{"method": "GET", "path": "/api/v1/absensi/all-with-students", "ip": "[::1]:50050", "status": 200, "duration": 0.0081353}
2026-03-20T09:36:38.014+0800	[34mINFO[0m	http/server.go:2286	HTTP Request completed	{"method": "GET", "path": "/api/v1/absensi/all-with-students", "ip": "[::1]:50050", "status": 200, "duration": 0.0005092}
2026-03-20T09:36:56.483+0800	[34mINFO[0m	http/server.go:2286	HTTP Request completed	{"method": "GET", "path": "/api/v1/students", "ip": "[::1]:57320", "status": 200, "duration": 0.0005069}
2026-03-20T09:40:14.870+0800	[34mINFO[0m	runtime/proc.go:290	Shutting down server...
2026-03-20T09:40:14.872+0800	[31mERROR[0m	runtime/asm_amd64.s:1771	Server error	{"error": "http: Server closed"}
2026-03-20T09:40:14.872+0800	[34mINFO[0m	runtime/proc.go:290	Server exited properly
2026-03-20T09:40:14.873+0800	[34mINFO[0m	cmd/main.go:108	Closing database connection...
2026-03-20T09:55:35.378+0800	[34mINFO[0m	runtime/proc.go:290	Starting application...
2026-03-20T09:55:35.395+0800	[34mINFO[0m	runtime/proc.go:290	Connecting to PostgreSQL database...
2026-03-20T09:55:35.437+0800	[34mINFO[0m	runtime/proc.go:290	Database connected successfully	{"database": "School-manajement"}
2026-03-20T09:55:35.437+0800	[34mINFO[0m	runtime/asm_amd64.s:1771	Starting server	{"port": ":8080"}
2026-03-20T09:58:18.487+0800	[34mINFO[0m	http/server.go:2286	HTTP Request completed	{"method": "GET", "path": "/api/v1/students", "ip": "[::1]:60395", "status": 200, "duration": 0.0035572}
2026-03-20T09:58:34.028+0800	[34mINFO[0m	runtime/proc.go:290	Shutting down server...
2026-03-20T09:58:34.029+0800	[31mERROR[0m	runtime/asm_amd64.s:1771	Server error	{"error": "http: Server closed"}
2026-03-20T09:58:34.029+0800	[34mINFO[0m	runtime/proc.go:290	Server exited properly
2026-03-20T09:58:34.029+0800	[34mINFO[0m	cmd/main.go:108	Closing database connection...
2026-03-20T09:58:40.133+0800	[34mINFO[0m	runtime/proc.go:290	Starting application...
2026-03-20T09:58:40.149+0800	[34mINFO[0m	runtime/proc.go:290	Connecting to PostgreSQL database...
2026-03-20T09:58:40.190+0800	[34mINFO[0m	runtime/proc.go:290	Database connected successfully	{"database": "School-manajement"}
2026-03-20T09:58:40.191+0800	[34mINFO[0m	runtime/asm_amd64.s:1771	Starting server	{"port": ":8080"}
2026-03-20T09:58:55.552+0800	[34mINFO[0m	http/server.go:2286	HTTP Request completed	{"method": "GET", "path": "/api/v1/students", "ip": "[::1]:50627", "status": 200, "duration": 0.0027782}
2026-03-20T09:59:16.846+0800	[34mINFO[0m	http/server.go:2286	HTTP Request completed	{"method": "POST", "path": "/api/v1/login", "ip": "[::1]:49756", "status": 200, "duration": 0.0692863}
2026-03-20T09:59:16.935+0800	[34mINFO[0m	http/server.go:2286	HTTP Request completed	{"method": "GET", "path": "/api/v1/students", "ip": "[::1]:49756", "status": 200, "duration": 0.0011217}
2026-03-20T09:59:26.838+0800	[34mINFO[0m	http/server.go:2286	HTTP Request completed	{"method": "PATCH", "path": "/api/v1/users/9958bbb3-074f-4dfd-ab57-04362bb7e320", "ip": "[::1]:49756", "status": 200, "duration": 0.0177221}
2026-03-20T09:59:34.565+0800	[34mINFO[0m	http/server.go:2286	HTTP Request completed	{"method": "GET", "path": "/api/v1/students", "ip": "[::1]:49756", "status": 200, "duration": 0.001525}
2026-03-20T09:59:36.283+0800	[34mINFO[0m	http/server.go:2286	HTTP Request completed	{"method": "GET", "path": "/api/v1/students", "ip": "[::1]:49756", "status": 200, "duration": 0.0005065}
2026-03-20T09:59:37.123+0800	[34mINFO[0m	http/server.go:2286	HTTP Request completed	{"method": "GET", "path": "/api/v1/students", "ip": "[::1]:49756", "status": 200, "duration": 0.000507}
2026-03-20T09:59:40.625+0800	[34mINFO[0m	http/server.go:2286	HTTP Request completed	{"method": "GET", "path": "/api/v1/students", "ip": "[::1]:60349", "status": 200, "duration": 0.001338}
2026-03-20T09:59:40.628+0800	[34mINFO[0m	http/server.go:2286	HTTP Request completed	{"method": "GET", "path": "/api/v1/students", "ip": "[::1]:60349", "status": 200, "duration": 0.0010574}
2026-03-20T09:59:45.662+0800	[34mINFO[0m	http/server.go:2286	HTTP Request completed	{"method": "GET", "path": "/api/v1/absensi/all-with-students", "ip": "[::1]:49756", "status": 200, "duration": 0.007835}
2026-03-20T09:59:45.663+0800	[34mINFO[0m	http/server.go:2286	HTTP Request completed	{"method": "GET", "path": "/api/v1/absensi/all-with-students", "ip": "[::1]:49756", "status": 200, "duration": 0}
2026-03-20T09:59:48.488+0800	[34mINFO[0m	http/server.go:2286	HTTP Request completed	{"method": "GET", "path": "/api/v1/students", "ip": "[::1]:60349", "status": 200, "duration": 0.0010665}
2026-03-20T09:59:48.490+0800	[34mINFO[0m	http/server.go:2286	HTTP Request completed	{"method": "GET", "path": "/api/v1/students", "ip": "[::1]:60349", "status": 200, "duration": 0.0009917}
2026-03-20T09:59:49.561+0800	[34mINFO[0m	http/server.go:2286	HTTP Request completed	{"method": "GET", "path": "/api/v1/students", "ip": "[::1]:60349", "status": 200, "duration": 0.0021129}
2026-03-20T09:59:50.232+0800	[34mINFO[0m	http/server.go:2286	HTTP Request completed	{"method": "GET", "path": "/api/v1/absensi/all-with-students", "ip": "[::1]:60349", "status": 200, "duration": 0.0020983}
2026-03-20T09:59:50.234+0800	[34mINFO[0m	http/server.go:2286	HTTP Request completed	{"method": "GET", "path": "/api/v1/absensi/all-with-students", "ip": "[::1]:60349", "status": 200, "duration": 0.0006591}
2026-03-20T09:59:50.802+0800	[34mINFO[0m	http/server.go:2286	HTTP Request completed	{"method": "GET", "path": "/api/v1/students", "ip": "[::1]:60349", "status": 200, "duration": 0.0010771}
2026-03-20T09:59:50.811+0800	[34mINFO[0m	http/server.go:2286	HTTP Request completed	{"method": "GET", "path": "/api/v1/students", "ip": "[::1]:60349", "status": 200, "duration": 0.0045638}
2026-03-20T09:59:56.659+0800	[34mINFO[0m	http/server.go:2286	HTTP Request completed	{"method": "GET", "path": "/api/v1/students", "ip": "[::1]:60349", "status": 200, "duration": 0.0013269}
2026-03-20T09:59:57.245+0800	[34mINFO[0m	http/server.go:2286	HTTP Request completed	{"method": "GET", "path": "/api/v1/students", "ip": "[::1]:60349", "status": 200, "duration": 0.001081}
2026-03-20T09:59:58.358+0800	[34mINFO[0m	http/server.go:2286	HTTP Request completed	{"method": "GET", "path": "/api/v1/students", "ip": "[::1]:60349", "status": 200, "duration": 0.0005043}
2026-03-20T09:59:58.885+0800	[34mINFO[0m	http/server.go:2286	HTTP Request completed	{"method": "GET", "path": "/api/v1/students", "ip": "[::1]:60349", "status": 200, "duration": 0.0011016}
2026-03-20T09:59:58.886+0800	[34mINFO[0m	http/server.go:2286	HTTP Request completed	{"method": "GET", "path": "/api/v1/students", "ip": "[::1]:60349", "status": 200, "duration": 0.0007784}
2026-03-20T09:59:59.349+0800	[34mINFO[0m	http/server.go:2286	HTTP Request completed	{"method": "GET", "path": "/api/v1/absensi/all-with-students", "ip": "[::1]:49756", "status": 200, "duration": 0.0005418}
2026-03-20T09:59:59.351+0800	[34mINFO[0m	http/server.go:2286	HTTP Request completed	{"method": "GET", "path": "/api/v1/absensi/all-with-students", "ip": "[::1]:49756", "status": 200, "duration": 0.000506}
2026-03-20T10:00:01.851+0800	[34mINFO[0m	http/server.go:2286	HTTP Request completed	{"method": "GET", "path": "/api/v1/students", "ip": "[::1]:49756", "status": 200, "duration": 0.0011526}
2026-03-20T10:00:51.548+0800	[34mINFO[0m	http/server.go:2286	HTTP Request completed	{"method": "POST", "path": "/api/v1/register", "ip": "[::1]:49756", "status": 201, "duration": 0.0594408}
2026-03-20T10:01:16.109+0800	[34mINFO[0m	http/server.go:2286	HTTP Request completed	{"method": "POST", "path": "/api/v1/login", "ip": "[::1]:49756", "status": 200, "duration": 0.0780315}
2026-03-20T10:01:16.161+0800	[34mINFO[0m	http/server.go:2286	HTTP Request completed	{"method": "GET", "path": "/api/v1/students", "ip": "[::1]:49756", "status": 200, "duration": 0.0011547}
2026-03-20T10:01:20.931+0800	[34mINFO[0m	http/server.go:2286	HTTP Request completed	{"method": "GET", "path": "/api/v1/students", "ip": "[::1]:49756", "status": 200, "duration": 0.00131}
2026-03-20T10:01:21.645+0800	[34mINFO[0m	http/server.go:2286	HTTP Request completed	{"method": "GET", "path": "/api/v1/students", "ip": "[::1]:63449", "status": 200, "duration": 0.0015236}
2026-03-20T10:01:21.648+0800	[34mINFO[0m	http/server.go:2286	HTTP Request completed	{"method": "GET", "path": "/api/v1/students", "ip": "[::1]:63449", "status": 200, "duration": 0.0011923}
2026-03-20T10:01:22.108+0800	[34mINFO[0m	http/server.go:2286	HTTP Request completed	{"method": "GET", "path": "/api/v1/students", "ip": "[::1]:63449", "status": 200, "duration": 0.000504}
2026-03-20T10:01:49.025+0800	[34mINFO[0m	http/server.go:2286	HTTP Request completed	{"method": "POST", "path": "/api/v1/student", "ip": "[::1]:63449", "status": 201, "duration": 0.0077893}
2026-03-20T10:01:49.031+0800	[34mINFO[0m	http/server.go:2286	HTTP Request completed	{"method": "GET", "path": "/api/v1/students", "ip": "[::1]:63449", "status": 200, "duration": 0.0010912}
2026-03-20T10:01:53.824+0800	[34mINFO[0m	http/server.go:2286	HTTP Request completed	{"method": "GET", "path": "/api/v1/students", "ip": "[::1]:63449", "status": 200, "duration": 0.0017235}
2026-03-20T10:01:53.827+0800	[34mINFO[0m	http/server.go:2286	HTTP Request completed	{"method": "GET", "path": "/api/v1/students", "ip": "[::1]:63449", "status": 200, "duration": 0.0010657}
2026-03-20T10:01:53.833+0800	[34mINFO[0m	http/server.go:2286	HTTP Request completed	{"method": "GET", "path": "/api/v1/tasks/student/5beb6dfa-755c-4fea-99ac-5c91997f1a06", "ip": "[::1]:49756", "status": 200, "duration": 0.0041362}
2026-03-20T10:01:53.836+0800	[34mINFO[0m	http/server.go:2286	HTTP Request completed	{"method": "GET", "path": "/api/v1/tasks/student/5beb6dfa-755c-4fea-99ac-5c91997f1a06", "ip": "[::1]:49756", "status": 200, "duration": 0.0014121}
2026-03-20T10:02:20.869+0800	[31mERROR[0m	http/server.go:2286	Failed to create a new task!	{"request_id": "b4b0cb51-a470-4477-9f30-09639afeb6dd", "client_ip": "[::1]:49756"}
2026-03-20T10:02:20.870+0800	[34mINFO[0m	http/server.go:2286	HTTP Request completed	{"method": "POST", "path": "/api/v1/task", "ip": "[::1]:49756", "status": 400, "duration": 0.0100463}
2026-03-20T10:02:44.953+0800	[34mINFO[0m	http/server.go:2286	HTTP Request completed	{"method": "GET", "path": "/api/v1/students", "ip": "[::1]:53566", "status": 200, "duration": 0.0010703}
2026-03-20T10:03:06.283+0800	[34mINFO[0m	http/server.go:2286	HTTP Request completed	{"method": "POST", "path": "/api/v1/login", "ip": "[::1]:61165", "status": 200, "duration": 0.0664374}
2026-03-20T10:03:06.341+0800	[34mINFO[0m	http/server.go:2286	HTTP Request completed	{"method": "GET", "path": "/api/v1/students", "ip": "[::1]:61165", "status": 200, "duration": 0.0010589}
2026-03-20T10:03:09.670+0800	[34mINFO[0m	http/server.go:2286	HTTP Request completed	{"method": "GET", "path": "/api/v1/students", "ip": "[::1]:61165", "status": 200, "duration": 0.0012316}
2026-03-20T10:03:10.495+0800	[34mINFO[0m	http/server.go:2286	HTTP Request completed	{"method": "GET", "path": "/api/v1/students", "ip": "[::1]:61165", "status": 200, "duration": 0.0005057}
2026-03-20T10:03:10.497+0800	[34mINFO[0m	http/server.go:2286	HTTP Request completed	{"method": "GET", "path": "/api/v1/students", "ip": "[::1]:61165", "status": 200, "duration": 0.0014754}
2026-03-20T10:03:10.500+0800	[34mINFO[0m	http/server.go:2286	HTTP Request completed	{"method": "GET", "path": "/api/v1/tasks/student/5beb6dfa-755c-4fea-99ac-5c91997f1a06", "ip": "[::1]:61165", "status": 200, "duration": 0.0007815}
2026-03-20T10:03:10.502+0800	[34mINFO[0m	http/server.go:2286	HTTP Request completed	{"method": "GET", "path": "/api/v1/tasks/student/5beb6dfa-755c-4fea-99ac-5c91997f1a06", "ip": "[::1]:61165", "status": 200, "duration": 0.0006533}
2026-03-20T10:03:41.451+0800	[31mERROR[0m	http/server.go:2286	Failed to create a new task!	{"request_id": "9003e1f8-4761-4fef-916a-6386c9cddea1", "client_ip": "[::1]:61165"}
2026-03-20T10:03:41.452+0800	[34mINFO[0m	http/server.go:2286	HTTP Request completed	{"method": "POST", "path": "/api/v1/task", "ip": "[::1]:61165", "status": 400, "duration": 0.1628298}
2026-03-20T10:04:59.919+0800	[34mINFO[0m	runtime/proc.go:290	Shutting down server...
2026-03-20T10:04:59.920+0800	[31mERROR[0m	runtime/asm_amd64.s:1771	Server error	{"error": "http: Server closed"}
2026-03-20T10:04:59.921+0800	[34mINFO[0m	runtime/proc.go:290	Server exited properly
2026-03-20T10:04:59.921+0800	[34mINFO[0m	cmd/main.go:108	Closing database connection...
2026-03-20T10:10:12.927+0800	[34mINFO[0m	runtime/proc.go:290	Starting application...
2026-03-20T10:10:12.945+0800	[34mINFO[0m	runtime/proc.go:290	Connecting to PostgreSQL database...
2026-03-20T10:10:12.986+0800	[34mINFO[0m	runtime/proc.go:290	Database connected successfully	{"database": "School-manajement"}
2026-03-20T10:10:12.986+0800	[34mINFO[0m	runtime/asm_amd64.s:1771	Starting server	{"port": ":8080"}
2026-03-20T10:10:40.436+0800	[34mINFO[0m	http/server.go:2286	HTTP Request completed	{"method": "GET", "path": "/api/v1/students", "ip": "[::1]:61356", "status": 200, "duration": 0.002325}
2026-03-20T10:10:40.442+0800	[34mINFO[0m	http/server.go:2286	HTTP Request completed	{"method": "GET", "path": "/api/v1/students", "ip": "[::1]:61356", "status": 200, "duration": 0.0035556}
2026-03-20T10:10:40.450+0800	[34mINFO[0m	http/server.go:2286	HTTP Request completed	{"method": "GET", "path": "/api/v1/tasks/student/5beb6dfa-755c-4fea-99ac-5c91997f1a06", "ip": "[::1]:58044", "status": 200, "duration": 0.003384}
2026-03-20T10:10:40.458+0800	[34mINFO[0m	http/server.go:2286	HTTP Request completed	{"method": "GET", "path": "/api/v1/tasks/student/5beb6dfa-755c-4fea-99ac-5c91997f1a06", "ip": "[::1]:58044", "status": 200, "duration": 0.0052521}
2026-03-20T10:11:03.325+0800	[34mINFO[0m	http/server.go:2286	HTTP Request completed	{"method": "POST", "path": "/api/v1/task", "ip": "[::1]:58044", "status": 200, "duration": 0.0059009}
2026-03-20T10:11:03.331+0800	[34mINFO[0m	http/server.go:2286	HTTP Request completed	{"method": "GET", "path": "/api/v1/students", "ip": "[::1]:58044", "status": 200, "duration": 0.0011198}
2026-03-20T10:11:03.339+0800	[34mINFO[0m	http/server.go:2286	HTTP Request completed	{"method": "GET", "path": "/api/v1/tasks/student/5beb6dfa-755c-4fea-99ac-5c91997f1a06", "ip": "[::1]:58044", "status": 200, "duration": 0.001056}
2026-03-20T10:13:01.252+0800	[34mINFO[0m	http/server.go:2286	HTTP Request completed	{"method": "GET", "path": "/api/v1/students", "ip": "[::1]:65289", "status": 200, "duration": 0.0013019}
2026-03-20T10:13:01.254+0800	[34mINFO[0m	http/server.go:2286	HTTP Request completed	{"method": "GET", "path": "/api/v1/students", "ip": "[::1]:65289", "status": 200, "duration": 0.0010459}
2026-03-20T10:13:01.257+0800	[34mINFO[0m	http/server.go:2286	HTTP Request completed	{"method": "GET", "path": "/api/v1/tasks/student/5beb6dfa-755c-4fea-99ac-5c91997f1a06", "ip": "[::1]:65289", "status": 200, "duration": 0.0007986}
2026-03-20T10:13:01.263+0800	[34mINFO[0m	http/server.go:2286	HTTP Request completed	{"method": "GET", "path": "/api/v1/tasks/student/5beb6dfa-755c-4fea-99ac-5c91997f1a06", "ip": "[::1]:65289", "status": 200, "duration": 0.0005437}
2026-03-20T10:16:21.583+0800	[34mINFO[0m	runtime/proc.go:290	Shutting down server...
2026-03-20T10:16:21.590+0800	[31mERROR[0m	runtime/asm_amd64.s:1771	Server error	{"error": "http: Server closed"}
2026-03-20T10:16:21.590+0800	[34mINFO[0m	runtime/proc.go:290	Server exited properly
2026-03-20T10:16:21.590+0800	[34mINFO[0m	cmd/main.go:108	Closing database connection...
2026-03-20T10:16:24.259+0800	[34mINFO[0m	runtime/proc.go:290	Starting application...
2026-03-20T10:16:24.274+0800	[34mINFO[0m	runtime/proc.go:290	Connecting to PostgreSQL database...
2026-03-20T10:16:24.311+0800	[34mINFO[0m	runtime/proc.go:290	Database connected successfully	{"database": "School-manajement"}
2026-03-20T10:16:24.311+0800	[34mINFO[0m	runtime/asm_amd64.s:1771	Starting server	{"port": ":8080"}
2026-03-20T10:16:30.693+0800	[34mINFO[0m	http/server.go:2286	HTTP Request completed	{"method": "GET", "path": "/api/v1/students", "ip": "[::1]:64391", "status": 200, "duration": 0.002628}
2026-03-20T10:16:30.695+0800	[34mINFO[0m	http/server.go:2286	HTTP Request completed	{"method": "GET", "path": "/api/v1/students", "ip": "[::1]:64391", "status": 200, "duration": 0.0005139}
2026-03-20T10:16:30.700+0800	[34mINFO[0m	http/server.go:2286	HTTP Request completed	{"method": "GET", "path": "/api/v1/tasks/student/5beb6dfa-755c-4fea-99ac-5c91997f1a06", "ip": "[::1]:64391", "status": 200, "duration": 0.0027098}
2026-03-20T10:16:30.703+0800	[34mINFO[0m	http/server.go:2286	HTTP Request completed	{"method": "GET", "path": "/api/v1/tasks/student/5beb6dfa-755c-4fea-99ac-5c91997f1a06", "ip": "[::1]:64391", "status": 200, "duration": 0.0010472}
2026-03-20T10:16:30.903+0800	[34mINFO[0m	http/server.go:2286	HTTP Request completed	{"method": "GET", "path": "/api/v1/students", "ip": "[::1]:57397", "status": 200, "duration": 0.001522}
2026-03-20T10:16:30.906+0800	[34mINFO[0m	http/server.go:2286	HTTP Request completed	{"method": "GET", "path": "/api/v1/students", "ip": "[::1]:57397", "status": 200, "duration": 0.0010457}
2026-03-20T10:16:30.920+0800	[34mINFO[0m	http/server.go:2286	HTTP Request completed	{"method": "GET", "path": "/api/v1/tasks/student/5beb6dfa-755c-4fea-99ac-5c91997f1a06", "ip": "[::1]:57397", "status": 200, "duration": 0.0010398}
2026-03-20T10:16:30.923+0800	[34mINFO[0m	http/server.go:2286	HTTP Request completed	{"method": "GET", "path": "/api/v1/tasks/student/5beb6dfa-755c-4fea-99ac-5c91997f1a06", "ip": "[::1]:57397", "status": 200, "duration": 0.0018343}
2026-03-20T10:21:13.540+0800	[34mINFO[0m	runtime/proc.go:290	Shutting down server...
2026-03-20T10:21:13.542+0800	[34mINFO[0m	runtime/proc.go:290	Server exited properly
2026-03-20T10:21:13.542+0800	[31mERROR[0m	runtime/asm_amd64.s:1771	Server error	{"error": "http: Server closed"}
2026-03-20T10:21:13.542+0800	[34mINFO[0m	cmd/main.go:108	Closing database connection...
2026-03-20T10:21:22.675+0800	[34mINFO[0m	runtime/proc.go:290	Starting application...
2026-03-20T10:21:22.729+0800	[34mINFO[0m	runtime/proc.go:290	Connecting to PostgreSQL database...
2026-03-20T10:21:22.908+0800	[34mINFO[0m	runtime/proc.go:290	Database connected successfully	{"database": "School-manajement"}
2026-03-20T10:21:22.909+0800	[34mINFO[0m	runtime/asm_amd64.s:1771	Starting server	{"port": ":8080"}
2026-03-20T10:21:24.788+0800	[34mINFO[0m	http/server.go:2286	HTTP Request completed	{"method": "GET", "path": "/api/v1/students", "ip": "[::1]:65429", "status": 200, "duration": 0.0020954}
2026-03-20T10:21:24.790+0800	[34mINFO[0m	http/server.go:2286	HTTP Request completed	{"method": "GET", "path": "/api/v1/students", "ip": "[::1]:65429", "status": 200, "duration": 0.0005356}
2026-03-20T10:21:24.811+0800	[34mINFO[0m	http/server.go:2286	HTTP Request completed	{"method": "GET", "path": "/api/v1/tasks/student/5beb6dfa-755c-4fea-99ac-5c91997f1a06", "ip": "[::1]:65429", "status": 200, "duration": 0.001205}
2026-03-20T10:21:24.813+0800	[34mINFO[0m	http/server.go:2286	HTTP Request completed	{"method": "GET", "path": "/api/v1/tasks/student/5beb6dfa-755c-4fea-99ac-5c91997f1a06", "ip": "[::1]:65429", "status": 200, "duration": 0.0010398}
2026-03-20T10:21:24.887+0800	[34mINFO[0m	http/server.go:2286	HTTP Request completed	{"method": "GET", "path": "/api/v1/students", "ip": "[::1]:58562", "status": 200, "duration": 0.0006112}
2026-03-20T10:21:24.891+0800	[34mINFO[0m	http/server.go:2286	HTTP Request completed	{"method": "GET", "path": "/api/v1/students", "ip": "[::1]:58562", "status": 200, "duration": 0.0017738}
2026-03-20T10:21:24.894+0800	[34mINFO[0m	http/server.go:2286	HTTP Request completed	{"method": "GET", "path": "/api/v1/tasks/student/5beb6dfa-755c-4fea-99ac-5c91997f1a06", "ip": "[::1]:58562", "status": 200, "duration": 0.0019997}
2026-03-20T10:21:24.906+0800	[34mINFO[0m	http/server.go:2286	HTTP Request completed	{"method": "GET", "path": "/api/v1/tasks/student/5beb6dfa-755c-4fea-99ac-5c91997f1a06", "ip": "[::1]:58562", "status": 200, "duration": 0.0005321}
2026-03-20T10:21:31.002+0800	[34mINFO[0m	http/server.go:2286	HTTP Request completed	{"method": "GET", "path": "/api/v1/students", "ip": "[::1]:49666", "status": 200, "duration": 0.0007722}
2026-03-20T10:21:31.005+0800	[34mINFO[0m	http/server.go:2286	HTTP Request completed	{"method": "GET", "path": "/api/v1/students", "ip": "[::1]:49666", "status": 200, "duration": 0.0010357}
2026-03-20T10:21:31.008+0800	[34mINFO[0m	http/server.go:2286	HTTP Request completed	{"method": "GET", "path": "/api/v1/tasks/student/5beb6dfa-755c-4fea-99ac-5c91997f1a06", "ip": "[::1]:65429", "status": 200, "duration": 0.0014192}
2026-03-20T10:21:31.011+0800	[34mINFO[0m	http/server.go:2286	HTTP Request completed	{"method": "GET", "path": "/api/v1/tasks/student/5beb6dfa-755c-4fea-99ac-5c91997f1a06", "ip": "[::1]:65429", "status": 200, "duration": 0.0010853}
2026-03-20T10:21:53.183+0800	[34mINFO[0m	http/server.go:2286	HTTP Request completed	{"method": "POST", "path": "/api/v1/task", "ip": "[::1]:65429", "status": 200, "duration": 0.0122616}
2026-03-20T10:21:53.192+0800	[34mINFO[0m	http/server.go:2286	HTTP Request completed	{"method": "GET", "path": "/api/v1/students", "ip": "[::1]:65429", "status": 200, "duration": 0.0016953}
2026-03-20T10:21:53.204+0800	[34mINFO[0m	http/server.go:2286	HTTP Request completed	{"method": "GET", "path": "/api/v1/tasks/student/5beb6dfa-755c-4fea-99ac-5c91997f1a06", "ip": "[::1]:65429", "status": 200, "duration": 0.0029707}
2026-03-20T10:22:09.344+0800	[34mINFO[0m	http/server.go:2286	HTTP Request completed	{"method": "GET", "path": "/api/v1/absensi/all-with-students", "ip": "[::1]:65429", "status": 200, "duration": 0.0017628}
2026-03-20T10:22:09.347+0800	[34mINFO[0m	http/server.go:2286	HTTP Request completed	{"method": "GET", "path": "/api/v1/absensi/all-with-students", "ip": "[::1]:65429", "status": 200, "duration": 0.0015199}
2026-03-20T10:22:09.767+0800	[34mINFO[0m	http/server.go:2286	HTTP Request completed	{"method": "GET", "path": "/api/v1/students", "ip": "[::1]:65429", "status": 200, "duration": 0.0007581}
2026-03-20T10:22:09.769+0800	[34mINFO[0m	http/server.go:2286	HTTP Request completed	{"method": "GET", "path": "/api/v1/students", "ip": "[::1]:65429", "status": 200, "duration": 0.0010803}
2026-03-20T10:22:09.773+0800	[34mINFO[0m	http/server.go:2286	HTTP Request completed	{"method": "GET", "path": "/api/v1/tasks/student/5beb6dfa-755c-4fea-99ac-5c91997f1a06", "ip": "[::1]:65429", "status": 200, "duration": 0.0013032}
2026-03-20T10:22:09.775+0800	[34mINFO[0m	http/server.go:2286	HTTP Request completed	{"method": "GET", "path": "/api/v1/tasks/student/5beb6dfa-755c-4fea-99ac-5c91997f1a06", "ip": "[::1]:65429", "status": 200, "duration": 0.0008563}
2026-03-20T10:22:10.765+0800	[34mINFO[0m	http/server.go:2286	HTTP Request completed	{"method": "GET", "path": "/api/v1/students", "ip": "[::1]:65429", "status": 200, "duration": 0.0012634}
2026-03-20T10:22:13.389+0800	[34mINFO[0m	http/server.go:2286	HTTP Request completed	{"method": "GET", "path": "/api/v1/students", "ip": "[::1]:65429", "status": 200, "duration": 0.0010424}
2026-03-20T10:22:13.392+0800	[34mINFO[0m	http/server.go:2286	HTTP Request completed	{"method": "GET", "path": "/api/v1/students", "ip": "[::1]:65429", "status": 200, "duration": 0.0013102}
2026-03-20T10:22:13.393+0800	[34mINFO[0m	http/server.go:2286	HTTP Request completed	{"method": "GET", "path": "/api/v1/tasks/student/5beb6dfa-755c-4fea-99ac-5c91997f1a06", "ip": "[::1]:49666", "status": 200, "duration": 0.0011615}
2026-03-20T10:22:13.397+0800	[34mINFO[0m	http/server.go:2286	HTTP Request completed	{"method": "GET", "path": "/api/v1/tasks/student/5beb6dfa-755c-4fea-99ac-5c91997f1a06", "ip": "[::1]:49666", "status": 200, "duration": 0.0010953}
2026-03-20T10:22:13.837+0800	[34mINFO[0m	http/server.go:2286	HTTP Request completed	{"method": "GET", "path": "/api/v1/absensi/all-with-students", "ip": "[::1]:49666", "status": 200, "duration": 0.0008921}
2026-03-20T10:22:13.840+0800	[34mINFO[0m	http/server.go:2286	HTTP Request completed	{"method": "GET", "path": "/api/v1/absensi/all-with-students", "ip": "[::1]:49666", "status": 200, "duration": 0.001538}
2026-03-20T10:22:14.644+0800	[34mINFO[0m	http/server.go:2286	HTTP Request completed	{"method": "GET", "path": "/api/v1/students", "ip": "[::1]:49666", "status": 200, "duration": 0.0007735}
2026-03-20T10:22:14.647+0800	[34mINFO[0m	http/server.go:2286	HTTP Request completed	{"method": "GET", "path": "/api/v1/students", "ip": "[::1]:49666", "status": 200, "duration": 0.0010845}
2026-03-20T10:22:14.649+0800	[34mINFO[0m	http/server.go:2286	HTTP Request completed	{"method": "GET", "path": "/api/v1/tasks/student/5beb6dfa-755c-4fea-99ac-5c91997f1a06", "ip": "[::1]:65429", "status": 200, "duration": 0.0008128}
2026-03-20T10:22:14.651+0800	[34mINFO[0m	http/server.go:2286	HTTP Request completed	{"method": "GET", "path": "/api/v1/tasks/student/5beb6dfa-755c-4fea-99ac-5c91997f1a06", "ip": "[::1]:65429", "status": 200, "duration": 0.0007388}
2026-03-20T10:26:08.472+0800	[34mINFO[0m	runtime/proc.go:290	Shutting down server...
2026-03-20T10:26:08.473+0800	[31mERROR[0m	runtime/asm_amd64.s:1771	Server error	{"error": "http: Server closed"}
2026-03-20T10:26:08.473+0800	[34mINFO[0m	runtime/proc.go:290	Server exited properly
2026-03-20T10:26:08.474+0800	[34mINFO[0m	cmd/main.go:108	Closing database connection...
2026-03-20T10:26:41.305+0800	[34mINFO[0m	runtime/proc.go:290	Starting application...
2026-03-20T10:26:41.325+0800	[34mINFO[0m	runtime/proc.go:290	Connecting to PostgreSQL database...
2026-03-20T10:26:41.369+0800	[34mINFO[0m	runtime/proc.go:290	Database connected successfully	{"database": "School-manajement"}
2026-03-20T10:26:41.369+0800	[34mINFO[0m	runtime/asm_amd64.s:1771	Starting server	{"port": ":8080"}
2026-03-20T10:26:56.578+0800	[34mINFO[0m	http/server.go:2286	HTTP Request completed	{"method": "GET", "path": "/api/v1/students", "ip": "[::1]:62224", "status": 200, "duration": 0.002836}
2026-03-20T10:26:56.583+0800	[34mINFO[0m	http/server.go:2286	HTTP Request completed	{"method": "GET", "path": "/api/v1/students", "ip": "[::1]:62224", "status": 200, "duration": 0.0015472}
2026-03-20T10:26:56.601+0800	[34mINFO[0m	http/server.go:2286	HTTP Request completed	{"method": "GET", "path": "/api/v1/tasks/student/5beb6dfa-755c-4fea-99ac-5c91997f1a06", "ip": "[::1]:62224", "status": 200, "duration": 0.0025247}
2026-03-20T10:26:56.605+0800	[34mINFO[0m	http/server.go:2286	HTTP Request completed	{"method": "GET", "path": "/api/v1/tasks/student/5beb6dfa-755c-4fea-99ac-5c91997f1a06", "ip": "[::1]:62224", "status": 200, "duration": 0.0008295}
2026-03-20T10:26:56.681+0800	[34mINFO[0m	http/server.go:2286	HTTP Request completed	{"method": "GET", "path": "/api/v1/students", "ip": "[::1]:62766", "status": 200, "duration": 0.0013127}
2026-03-20T10:26:56.683+0800	[34mINFO[0m	http/server.go:2286	HTTP Request completed	{"method": "GET", "path": "/api/v1/students", "ip": "[::1]:62766", "status": 200, "duration": 0.0012052}
2026-03-20T10:26:56.688+0800	[34mINFO[0m	http/server.go:2286	HTTP Request completed	{"method": "GET", "path": "/api/v1/tasks/student/5beb6dfa-755c-4fea-99ac-5c91997f1a06", "ip": "[::1]:62766", "status": 200, "duration": 0.000506}
2026-03-20T10:26:56.691+0800	[34mINFO[0m	http/server.go:2286	HTTP Request completed	{"method": "GET", "path": "/api/v1/tasks/student/5beb6dfa-755c-4fea-99ac-5c91997f1a06", "ip": "[::1]:62766", "status": 200, "duration": 0.0010735}
2026-03-20T10:27:05.524+0800	[34mINFO[0m	http/server.go:2286	HTTP Request completed	{"method": "GET", "path": "/api/v1/students", "ip": "[::1]:52179", "status": 200, "duration": 0.0012827}
2026-03-20T10:27:05.527+0800	[34mINFO[0m	http/server.go:2286	HTTP Request completed	{"method": "GET", "path": "/api/v1/students", "ip": "[::1]:52179", "status": 200, "duration": 0.0009701}
2026-03-20T10:27:05.530+0800	[34mINFO[0m	http/server.go:2286	HTTP Request completed	{"method": "GET", "path": "/api/v1/tasks/student/5beb6dfa-755c-4fea-99ac-5c91997f1a06", "ip": "[::1]:62766", "status": 200, "duration": 0.0016441}
2026-03-20T10:27:05.533+0800	[34mINFO[0m	http/server.go:2286	HTTP Request completed	{"method": "GET", "path": "/api/v1/tasks/student/5beb6dfa-755c-4fea-99ac-5c91997f1a06", "ip": "[::1]:62766", "status": 200, "duration": 0.0015853}
2026-03-20T10:27:06.962+0800	[34mINFO[0m	http/server.go:2286	HTTP Request completed	{"method": "GET", "path": "/api/v1/taskfile/5a03c689-d9e4-45d7-931f-12d5371bc88c.jpg", "ip": "[::1]:50644", "status": 200, "duration": 0.0635101}
2026-03-20T10:27:12.548+0800	[34mINFO[0m	http/server.go:2286	HTTP Request completed	{"method": "GET", "path": "/api/v1/taskfile/6f27162f-37fe-4f56-86ef-a4590d80cf3c.jpg", "ip": "[::1]:50644", "status": 200, "duration": 0}
2026-03-20T10:31:14.551+0800	[34mINFO[0m	runtime/proc.go:290	Shutting down server...
2026-03-20T10:31:14.553+0800	[31mERROR[0m	runtime/asm_amd64.s:1771	Server error	{"error": "http: Server closed"}
2026-03-20T10:31:14.553+0800	[34mINFO[0m	runtime/proc.go:290	Server exited properly
2026-03-20T10:31:14.554+0800	[34mINFO[0m	cmd/main.go:108	Closing database connection...
2026-03-20T10:31:59.279+0800	[34mINFO[0m	runtime/proc.go:290	Starting application...
2026-03-20T10:31:59.297+0800	[34mINFO[0m	runtime/proc.go:290	Connecting to PostgreSQL database...
2026-03-20T10:31:59.335+0800	[34mINFO[0m	runtime/proc.go:290	Database connected successfully	{"database": "School-manajement"}
2026-03-20T10:31:59.335+0800	[34mINFO[0m	runtime/asm_amd64.s:1771	Starting server	{"port": ":8080"}
2026-03-20T10:32:08.436+0800	[34mINFO[0m	http/server.go:2286	HTTP Request completed	{"method": "GET", "path": "/api/v1/students", "ip": "[::1]:65363", "status": 200, "duration": 0.0029476}
2026-03-20T10:32:08.443+0800	[34mINFO[0m	http/server.go:2286	HTTP Request completed	{"method": "GET", "path": "/api/v1/students", "ip": "[::1]:65363", "status": 200, "duration": 0.0016197}
2026-03-20T10:32:08.454+0800	[34mINFO[0m	http/server.go:2286	HTTP Request completed	{"method": "GET", "path": "/api/v1/tasks/student/5beb6dfa-755c-4fea-99ac-5c91997f1a06", "ip": "[::1]:65363", "status": 200, "duration": 0.0059018}
2026-03-20T10:32:08.460+0800	[34mINFO[0m	http/server.go:2286	HTTP Request completed	{"method": "GET", "path": "/api/v1/tasks/student/5beb6dfa-755c-4fea-99ac-5c91997f1a06", "ip": "[::1]:65363", "status": 200, "duration": 0.004301}
2026-03-20T10:32:08.783+0800	[34mINFO[0m	http/server.go:2286	HTTP Request completed	{"method": "GET", "path": "/api/v1/students", "ip": "[::1]:51176", "status": 200, "duration": 0.0013372}
2026-03-20T10:32:08.786+0800	[34mINFO[0m	http/server.go:2286	HTTP Request completed	{"method": "GET", "path": "/api/v1/students", "ip": "[::1]:51176", "status": 200, "duration": 0.0020376}
2026-03-20T10:32:08.794+0800	[34mINFO[0m	http/server.go:2286	HTTP Request completed	{"method": "GET", "path": "/api/v1/tasks/student/5beb6dfa-755c-4fea-99ac-5c91997f1a06", "ip": "[::1]:51176", "status": 200, "duration": 0.0020111}
2026-03-20T10:32:08.797+0800	[34mINFO[0m	http/server.go:2286	HTTP Request completed	{"method": "GET", "path": "/api/v1/tasks/student/5beb6dfa-755c-4fea-99ac-5c91997f1a06", "ip": "[::1]:51176", "status": 200, "duration": 0.0011913}
2026-03-20T10:32:09.085+0800	[34mINFO[0m	http/server.go:2286	HTTP Request completed	{"method": "GET", "path": "/api/v1/absensi/all-with-students", "ip": "[::1]:62224", "status": 200, "duration": 0.0024625}
2026-03-20T10:32:09.087+0800	[34mINFO[0m	http/server.go:2286	HTTP Request completed	{"method": "GET", "path": "/api/v1/absensi/all-with-students", "ip": "[::1]:62224", "status": 200, "duration": 0.0005302}
2026-03-20T10:32:53.079+0800	[33mWARN[0m	http/server.go:2286	Access denied invalid role	{"role": "siswa"}
2026-03-20T10:32:53.080+0800	[34mINFO[0m	http/server.go:2286	HTTP Request completed	{"method": "POST", "path": "/api/v1/absensi", "ip": "[::1]:60009", "status": 403, "duration": 0.0013903}
2026-03-20T10:37:47.503+0800	[34mINFO[0m	runtime/proc.go:290	Shutting down server...
2026-03-20T10:37:47.503+0800	[31mERROR[0m	runtime/asm_amd64.s:1771	Server error	{"error": "http: Server closed"}
2026-03-20T10:37:47.503+0800	[34mINFO[0m	runtime/proc.go:290	Server exited properly
2026-03-20T10:37:47.503+0800	[34mINFO[0m	cmd/main.go:108	Closing database connection...
2026-03-20T10:37:54.602+0800	[34mINFO[0m	runtime/proc.go:290	Starting application...
2026-03-20T10:37:54.619+0800	[34mINFO[0m	runtime/proc.go:290	Connecting to PostgreSQL database...
2026-03-20T10:37:54.658+0800	[34mINFO[0m	runtime/proc.go:290	Database connected successfully	{"database": "School-manajement"}
2026-03-20T10:37:54.658+0800	[34mINFO[0m	runtime/asm_amd64.s:1771	Starting server	{"port": ":8080"}
2026-03-20T10:38:07.954+0800	[34mINFO[0m	http/server.go:2286	HTTP Request completed	{"method": "GET", "path": "/api/v1/absensi/all-with-students", "ip": "[::1]:58710", "status": 200, "duration": 0.0045246}
2026-03-20T10:38:07.956+0800	[34mINFO[0m	http/server.go:2286	HTTP Request completed	{"method": "GET", "path": "/api/v1/absensi/all-with-students", "ip": "[::1]:58710", "status": 200, "duration": 0.0010395}
2026-03-20T10:38:08.025+0800	[34mINFO[0m	http/server.go:2286	HTTP Request completed	{"method": "GET", "path": "/api/v1/students", "ip": "[::1]:53660", "status": 200, "duration": 0.0010689}
2026-03-20T10:38:08.027+0800	[34mINFO[0m	http/server.go:2286	HTTP Request completed	{"method": "GET", "path": "/api/v1/students", "ip": "[::1]:53660", "status": 200, "duration": 0.0005054}
2026-03-20T10:38:08.031+0800	[34mINFO[0m	http/server.go:2286	HTTP Request completed	{"method": "GET", "path": "/api/v1/tasks/student/5beb6dfa-755c-4fea-99ac-5c91997f1a06", "ip": "[::1]:53660", "status": 200, "duration": 0.0012062}
2026-03-20T10:38:08.035+0800	[34mINFO[0m	http/server.go:2286	HTTP Request completed	{"method": "GET", "path": "/api/v1/tasks/student/5beb6dfa-755c-4fea-99ac-5c91997f1a06", "ip": "[::1]:53660", "status": 200, "duration": 0.0005085}
2026-03-20T10:38:43.136+0800	[31mERROR[0m	http/server.go:2286	Failed to create absensi	{"error": "Failed to execute the query!pq: new row for relation \"absensis\" violates check constraint \"keterangan\" (23514)", "request_id": "6ce7d874-0775-4d82-b393-c249f45d1bc5"}
2026-03-20T10:38:43.137+0800	[34mINFO[0m	http/server.go:2286	HTTP Request completed	{"method": "POST", "path": "/api/v1/absensi", "ip": "[::1]:58710", "status": 500, "duration": 0.0089334}
2026-03-20T10:38:57.897+0800	[34mINFO[0m	runtime/proc.go:290	Shutting down server...
2026-03-20T10:38:57.901+0800	[31mERROR[0m	runtime/asm_amd64.s:1771	Server error	{"error": "http: Server closed"}
2026-03-20T10:38:57.901+0800	[34mINFO[0m	runtime/proc.go:290	Server exited properly
2026-03-20T10:38:57.902+0800	[34mINFO[0m	cmd/main.go:108	Closing database connection...
2026-03-20T10:44:44.421+0800	[34mINFO[0m	runtime/proc.go:290	Starting application...
2026-03-20T10:44:44.440+0800	[34mINFO[0m	runtime/proc.go:290	Connecting to PostgreSQL database...
2026-03-20T10:44:44.478+0800	[34mINFO[0m	runtime/proc.go:290	Database connected successfully	{"database": "School-manajement"}
2026-03-20T10:44:44.479+0800	[34mINFO[0m	runtime/asm_amd64.s:1771	Starting server	{"port": ":8080"}
2026-03-20T10:44:55.539+0800	[34mINFO[0m	http/server.go:2286	HTTP Request completed	{"method": "GET", "path": "/api/v1/absensi/all-with-students", "ip": "[::1]:59175", "status": 200, "duration": 0.0035536}
2026-03-20T10:44:55.541+0800	[34mINFO[0m	http/server.go:2286	HTTP Request completed	{"method": "GET", "path": "/api/v1/absensi/all-with-students", "ip": "[::1]:59175", "status": 200, "duration": 0.0005493}
2026-03-20T10:44:55.576+0800	[34mINFO[0m	http/server.go:2286	HTTP Request completed	{"method": "GET", "path": "/api/v1/students", "ip": "[::1]:51373", "status": 200, "duration": 0.0394653}
2026-03-20T10:44:55.579+0800	[34mINFO[0m	http/server.go:2286	HTTP Request completed	{"method": "GET", "path": "/api/v1/students", "ip": "[::1]:51373", "status": 200, "duration": 0.0005056}
2026-03-20T10:45:24.924+0800	[31mERROR[0m	http/server.go:2286	Failed to create absensi	{"error": "Failed to execute the query!pq: new row for relation \"absensis\" violates check constraint \"keterangan\" (23514)", "request_id": "cb659ef7-e61e-4f0c-96a6-13762f637d25"}
2026-03-20T10:45:24.924+0800	[34mINFO[0m	http/server.go:2286	HTTP Request completed	{"method": "POST", "path": "/api/v1/absensi", "ip": "[::1]:51373", "status": 500, "duration": 0.0051907}
2026-03-20T10:45:50.117+0800	[34mINFO[0m	runtime/proc.go:290	Shutting down server...
2026-03-20T10:45:50.117+0800	[31mERROR[0m	runtime/asm_amd64.s:1771	Server error	{"error": "http: Server closed"}
2026-03-20T10:45:50.117+0800	[34mINFO[0m	runtime/proc.go:290	Server exited properly
2026-03-20T10:45:50.117+0800	[34mINFO[0m	cmd/main.go:108	Closing database connection...
2026-03-20T10:47:37.552+0800	[34mINFO[0m	runtime/proc.go:290	Starting application...
2026-03-20T10:47:37.572+0800	[34mINFO[0m	runtime/proc.go:290	Connecting to PostgreSQL database...
2026-03-20T10:47:37.614+0800	[34mINFO[0m	runtime/proc.go:290	Database connected successfully	{"database": "School-manajement"}
2026-03-20T10:47:37.614+0800	[34mINFO[0m	runtime/asm_amd64.s:1771	Starting server	{"port": ":8080"}
2026-03-20T10:47:49.891+0800	[34mINFO[0m	http/server.go:2286	HTTP Request completed	{"method": "GET", "path": "/api/v1/students", "ip": "[::1]:55355", "status": 200, "duration": 0.0028647}
2026-03-20T10:47:49.893+0800	[34mINFO[0m	http/server.go:2286	HTTP Request completed	{"method": "GET", "path": "/api/v1/students", "ip": "[::1]:55355", "status": 200, "duration": 0.0010397}
2026-03-20T10:47:49.935+0800	[34mINFO[0m	http/server.go:2286	HTTP Request completed	{"method": "GET", "path": "/api/v1/absensi/all-with-students", "ip": "[::1]:59603", "status": 200, "duration": 0.0477806}
2026-03-20T10:47:49.938+0800	[34mINFO[0m	http/server.go:2286	HTTP Request completed	{"method": "GET", "path": "/api/v1/absensi/all-with-students", "ip": "[::1]:59603", "status": 200, "duration": 0.00108}
2026-03-20T10:48:25.385+0800	[31mERROR[0m	http/server.go:2286	Failed to create absensi	{"error": "Failed to execute the query! pq: new row for relation \"absensis\" violates check constraint \"keterangan\" (23514)", "request_id": "754a9bfd-8ead-4d1d-bc7b-ecafda3188de"}
2026-03-20T10:48:25.386+0800	[34mINFO[0m	http/server.go:2286	HTTP Request completed	{"method": "POST", "path": "/api/v1/absensi", "ip": "[::1]:59603", "status": 500, "duration": 0.0061582}
2026-03-20T10:48:53.398+0800	[34mINFO[0m	runtime/proc.go:290	Shutting down server...
2026-03-20T10:48:53.400+0800	[31mERROR[0m	runtime/asm_amd64.s:1771	Server error	{"error": "http: Server closed"}
2026-03-20T10:48:53.400+0800	[34mINFO[0m	runtime/proc.go:290	Server exited properly
2026-03-20T10:48:53.400+0800	[34mINFO[0m	cmd/main.go:108	Closing database connection...
2026-03-20T11:03:31.471+0800	[34mINFO[0m	runtime/proc.go:290	Starting application...
2026-03-20T11:03:31.489+0800	[34mINFO[0m	runtime/proc.go:290	Connecting to PostgreSQL database...
2026-03-20T11:03:31.534+0800	[34mINFO[0m	runtime/proc.go:290	Database connected successfully	{"database": "School-manajement"}
2026-03-20T11:03:31.534+0800	[34mINFO[0m	runtime/asm_amd64.s:1771	Starting server	{"port": ":8080"}
2026-03-20T11:03:44.638+0800	[34mINFO[0m	http/server.go:2286	HTTP Request completed	{"method": "GET", "path": "/api/v1/absensi/all-with-students", "ip": "[::1]:65249", "status": 200, "duration": 0.003092}
2026-03-20T11:03:44.644+0800	[34mINFO[0m	http/server.go:2286	HTTP Request completed	{"method": "GET", "path": "/api/v1/absensi/all-with-students", "ip": "[::1]:65249", "status": 200, "duration": 0.0039502}
2026-03-20T11:03:44.785+0800	[34mINFO[0m	http/server.go:2286	HTTP Request completed	{"method": "GET", "path": "/api/v1/students", "ip": "[::1]:54151", "status": 200, "duration": 0.1491047}
2026-03-20T11:03:44.788+0800	[34mINFO[0m	http/server.go:2286	HTTP Request completed	{"method": "GET", "path": "/api/v1/students", "ip": "[::1]:54151", "status": 200, "duration": 0.0016239}
2026-03-20T11:04:14.137+0800	[34mINFO[0m	http/server.go:2286	HTTP Request completed	{"method": "POST", "path": "/api/v1/absensi", "ip": "[::1]:54151", "status": 201, "duration": 0.0072212}
2026-03-20T11:04:14.144+0800	[34mINFO[0m	http/server.go:2286	HTTP Request completed	{"method": "GET", "path": "/api/v1/absensi/all-with-students", "ip": "[::1]:65249", "status": 200, "duration": 0.0018438}
2026-03-20T11:04:14.144+0800	[34mINFO[0m	http/server.go:2286	HTTP Request completed	{"method": "GET", "path": "/api/v1/students", "ip": "[::1]:54151", "status": 200, "duration": 0.0018438}
2026-03-20T11:04:30.682+0800	[34mINFO[0m	http/server.go:2286	HTTP Request completed	{"method": "GET", "path": "/api/v1/students", "ip": "[::1]:54151", "status": 200, "duration": 0.0012312}
2026-03-20T11:04:31.398+0800	[34mINFO[0m	http/server.go:2286	HTTP Request completed	{"method": "GET", "path": "/api/v1/students", "ip": "[::1]:54151", "status": 200, "duration": 0.0031857}
2026-03-20T11:04:31.400+0800	[34mINFO[0m	http/server.go:2286	HTTP Request completed	{"method": "GET", "path": "/api/v1/students", "ip": "[::1]:54151", "status": 200, "duration": 0.0010251}
2026-03-20T11:04:31.409+0800	[34mINFO[0m	http/server.go:2286	HTTP Request completed	{"method": "GET", "path": "/api/v1/tasks/student/5beb6dfa-755c-4fea-99ac-5c91997f1a06", "ip": "[::1]:54151", "status": 200, "duration": 0.0021958}
2026-03-20T11:04:31.417+0800	[34mINFO[0m	http/server.go:2286	HTTP Request completed	{"method": "GET", "path": "/api/v1/tasks/student/5beb6dfa-755c-4fea-99ac-5c91997f1a06", "ip": "[::1]:54151", "status": 200, "duration": 0.0005044}
2026-03-20T11:04:48.418+0800	[34mINFO[0m	http/server.go:2286	HTTP Request completed	{"method": "POST", "path": "/api/v1/task", "ip": "[::1]:54151", "status": 200, "duration": 0.0113104}
2026-03-20T11:04:48.433+0800	[34mINFO[0m	http/server.go:2286	HTTP Request completed	{"method": "GET", "path": "/api/v1/students", "ip": "[::1]:54151", "status": 200, "duration": 0.0015578}
2026-03-20T11:04:48.445+0800	[34mINFO[0m	http/server.go:2286	HTTP Request completed	{"method": "GET", "path": "/api/v1/tasks/student/5beb6dfa-755c-4fea-99ac-5c91997f1a06", "ip": "[::1]:54151", "status": 200, "duration": 0.003263}
2026-03-20T11:04:50.941+0800	[34mINFO[0m	http/server.go:2286	HTTP Request completed	{"method": "GET", "path": "/api/v1/students", "ip": "[::1]:54151", "status": 200, "duration": 0.0015291}
2026-03-20T11:04:51.399+0800	[34mINFO[0m	http/server.go:2286	HTTP Request completed	{"method": "GET", "path": "/api/v1/students", "ip": "[::1]:54151", "status": 200, "duration": 0.0018522}
2026-03-20T11:04:51.948+0800	[34mINFO[0m	http/server.go:2286	HTTP Request completed	{"method": "GET", "path": "/api/v1/students", "ip": "[::1]:65249", "status": 200, "duration": 0.0010088}
2026-03-20T11:04:51.949+0800	[34mINFO[0m	http/server.go:2286	HTTP Request completed	{"method": "GET", "path": "/api/v1/absensi/all-with-students", "ip": "[::1]:54151", "status": 200, "duration": 0.0012357}
2026-03-20T11:04:51.951+0800	[34mINFO[0m	http/server.go:2286	HTTP Request completed	{"method": "GET", "path": "/api/v1/students", "ip": "[::1]:65249", "status": 200, "duration": 0.0012842}
2026-03-20T11:04:51.951+0800	[34mINFO[0m	http/server.go:2286	HTTP Request completed	{"method": "GET", "path": "/api/v1/absensi/all-with-students", "ip": "[::1]:54151", "status": 200, "duration": 0.0012842}
2026-03-20T11:04:52.845+0800	[34mINFO[0m	http/server.go:2286	HTTP Request completed	{"method": "GET", "path": "/api/v1/students", "ip": "[::1]:54151", "status": 200, "duration": 0.0010823}
2026-03-20T11:04:52.847+0800	[34mINFO[0m	http/server.go:2286	HTTP Request completed	{"method": "GET", "path": "/api/v1/students", "ip": "[::1]:54151", "status": 200, "duration": 0.0010612}
2026-03-20T11:04:52.849+0800	[34mINFO[0m	http/server.go:2286	HTTP Request completed	{"method": "GET", "path": "/api/v1/tasks/student/5beb6dfa-755c-4fea-99ac-5c91997f1a06", "ip": "[::1]:65249", "status": 200, "duration": 0.0020981}
2026-03-20T11:04:52.852+0800	[34mINFO[0m	http/server.go:2286	HTTP Request completed	{"method": "GET", "path": "/api/v1/tasks/student/5beb6dfa-755c-4fea-99ac-5c91997f1a06", "ip": "[::1]:65249", "status": 200, "duration": 0.0010681}
2026-03-20T11:04:54.363+0800	[34mINFO[0m	http/server.go:2286	HTTP Request completed	{"method": "GET", "path": "/api/v1/students", "ip": "[::1]:65249", "status": 200, "duration": 0.0017681}
2026-03-20T11:04:54.817+0800	[34mINFO[0m	http/server.go:2286	HTTP Request completed	{"method": "GET", "path": "/api/v1/students", "ip": "[::1]:65249", "status": 200, "duration": 0.0014995}
2026-03-20T11:04:55.346+0800	[34mINFO[0m	http/server.go:2286	HTTP Request completed	{"method": "GET", "path": "/api/v1/students", "ip": "[::1]:65249", "status": 200, "duration": 0.0009623}
2026-03-20T11:04:55.348+0800	[34mINFO[0m	http/server.go:2286	HTTP Request completed	{"method": "GET", "path": "/api/v1/students", "ip": "[::1]:65249", "status": 200, "duration": 0.0007301}
2026-03-20T11:04:55.352+0800	[34mINFO[0m	http/server.go:2286	HTTP Request completed	{"method": "GET", "path": "/api/v1/tasks/student/5beb6dfa-755c-4fea-99ac-5c91997f1a06", "ip": "[::1]:54151", "status": 200, "duration": 0.0010459}
2026-03-20T11:04:55.354+0800	[34mINFO[0m	http/server.go:2286	HTTP Request completed	{"method": "GET", "path": "/api/v1/tasks/student/5beb6dfa-755c-4fea-99ac-5c91997f1a06", "ip": "[::1]:54151", "status": 200, "duration": 0.0015396}
2026-03-20T11:07:45.102+0800	[34mINFO[0m	http/server.go:2286	HTTP Request completed	{"method": "POST", "path": "/api/v1/register", "ip": "[::1]:61801", "status": 201, "duration": 0.0648124}
2026-03-20T11:08:13.580+0800	[34mINFO[0m	http/server.go:2286	HTTP Request completed	{"method": "POST", "path": "/api/v1/login", "ip": "[::1]:55538", "status": 400, "duration": 0.0005131}
2026-03-20T11:08:35.781+0800	[34mINFO[0m	http/server.go:2286	HTTP Request completed	{"method": "POST", "path": "/api/v1/register", "ip": "[::1]:55538", "status": 201, "duration": 0.0629093}
2026-03-20T11:09:51.363+0800	[33mWARN[0m	http/server.go:2286	Validation failed	{"request_id": "468851f8-9a62-49bf-a03b-dd2baec74975", "errors": ["Error data Username, Key: 'Register.Username' Error:Field validation for 'Username' failed on the 'required' tag"]}
2026-03-20T11:09:51.364+0800	[34mINFO[0m	http/server.go:2286	HTTP Request completed	{"method": "POST", "path": "/api/v1/register", "ip": "[::1]:54488", "status": 400, "duration": 0.0012143}
2026-03-20T11:10:16.725+0800	[31mERROR[0m	http/server.go:2286	Failed , invalid email type!	{"request_id": "e52dba09-97ad-481c-a694-58cbc7167cab", "client_ip": "[::1]:54488"}
2026-03-20T11:10:16.726+0800	[34mINFO[0m	http/server.go:2286	HTTP Request completed	{"method": "POST", "path": "/api/v1/register", "ip": "[::1]:54488", "status": 400, "duration": 0.0027658}
2026-03-20T11:10:33.888+0800	[34mINFO[0m	http/server.go:2286	HTTP Request completed	{"method": "POST", "path": "/api/v1/register", "ip": "[::1]:54488", "status": 201, "duration": 0.1411205}
2026-03-20T11:10:44.422+0800	[34mINFO[0m	http/server.go:2286	HTTP Request completed	{"method": "POST", "path": "/api/v1/login", "ip": "[::1]:54488", "status": 200, "duration": 0.0666236}
2026-03-20T11:10:44.769+0800	[31mERROR[0m	http/server.go:2286	Failed to get the tasks data!	{"request_id": "a4213fbf-d41e-4930-a3d1-f7709cda1764", "client_ip": "[::1]:54488"}
2026-03-20T11:10:44.770+0800	[34mINFO[0m	http/server.go:2286	HTTP Request completed	{"method": "GET", "path": "/api/v1/tasks", "ip": "[::1]:54488", "status": 400, "duration": 0.0053509}
2026-03-20T11:10:56.904+0800	[31mERROR[0m	http/server.go:2286	Failed to get the tasks data!	{"request_id": "1eca7b74-ef39-42f6-9f81-7cf6c1d146af", "client_ip": "[::1]:65136"}
2026-03-20T11:10:56.904+0800	[34mINFO[0m	http/server.go:2286	HTTP Request completed	{"method": "GET", "path": "/api/v1/tasks", "ip": "[::1]:65136", "status": 400, "duration": 0.0029465}
2026-03-20T11:10:56.912+0800	[34mINFO[0m	http/server.go:2286	HTTP Request completed	{"method": "GET", "path": "/api/v1/grades", "ip": "[::1]:51320", "status": 200, "duration": 0.0085509}
2026-03-20T11:10:56.919+0800	[34mINFO[0m	http/server.go:2286	HTTP Request completed	{"method": "GET", "path": "/api/v1/grades", "ip": "[::1]:51320", "status": 200, "duration": 0.0020061}
2026-03-20T11:10:57.000+0800	[31mERROR[0m	http/server.go:2286	Failed to get the tasks data!	{"request_id": "7dc3af5d-3d2d-4618-805b-1e19ee2643f2", "client_ip": "[::1]:65136"}
2026-03-20T11:10:57.000+0800	[34mINFO[0m	http/server.go:2286	HTTP Request completed	{"method": "GET", "path": "/api/v1/tasks", "ip": "[::1]:65136", "status": 400, "duration": 0.0924199}
2026-03-20T11:11:02.675+0800	[31mERROR[0m	http/server.go:2286	Failed to get the tasks data!	{"request_id": "f564241e-0b67-404e-8ce5-cdca0ea41059", "client_ip": "[::1]:65136"}
2026-03-20T11:11:02.677+0800	[34mINFO[0m	http/server.go:2286	HTTP Request completed	{"method": "GET", "path": "/api/v1/tasks", "ip": "[::1]:65136", "status": 400, "duration": 0.003596}
2026-03-20T11:11:31.377+0800	[31mERROR[0m	http/server.go:2286	Failed to get the tasks data!	{"request_id": "aa6f6f44-e3f0-4296-9d06-3bd9d5bd8432", "client_ip": "[::1]:51320"}
2026-03-20T11:11:31.377+0800	[34mINFO[0m	http/server.go:2286	HTTP Request completed	{"method": "GET", "path": "/api/v1/grades", "ip": "[::1]:65136", "status": 200, "duration": 0.0017218}
2026-03-20T11:11:31.377+0800	[34mINFO[0m	http/server.go:2286	HTTP Request completed	{"method": "GET", "path": "/api/v1/tasks", "ip": "[::1]:51320", "status": 400, "duration": 0.0023259}
2026-03-20T11:11:31.382+0800	[31mERROR[0m	http/server.go:2286	Failed to get the tasks data!	{"request_id": "835f5707-52a5-4621-aef0-9157cbbcd897", "client_ip": "[::1]:51320"}
2026-03-20T11:11:31.383+0800	[34mINFO[0m	http/server.go:2286	HTTP Request completed	{"method": "GET", "path": "/api/v1/tasks", "ip": "[::1]:51320", "status": 400, "duration": 0.0021544}
2026-03-20T11:11:31.384+0800	[34mINFO[0m	http/server.go:2286	HTTP Request completed	{"method": "GET", "path": "/api/v1/grades", "ip": "[::1]:65136", "status": 200, "duration": 0.0032286}
2026-03-20T11:13:15.778+0800	[31mERROR[0m	http/server.go:2286	Failed to get the tasks data!	{"request_id": "d5ce513e-a51a-4250-806b-ac4a34d4d6bc", "client_ip": "[::1]:63842"}
2026-03-20T11:13:15.779+0800	[34mINFO[0m	http/server.go:2286	HTTP Request completed	{"method": "GET", "path": "/api/v1/tasks", "ip": "[::1]:63842", "status": 400, "duration": 0.0021818}
2026-03-20T11:13:15.779+0800	[34mINFO[0m	http/server.go:2286	HTTP Request completed	{"method": "GET", "path": "/api/v1/grades", "ip": "[::1]:53692", "status": 200, "duration": 0.0014439}
2026-03-20T11:13:15.785+0800	[31mERROR[0m	http/server.go:2286	Failed to get the tasks data!	{"request_id": "69ddfd9c-ab2e-49b1-9a54-130251aec1bf", "client_ip": "[::1]:63842"}
2026-03-20T11:13:15.785+0800	[34mINFO[0m	http/server.go:2286	HTTP Request completed	{"method": "GET", "path": "/api/v1/grades", "ip": "[::1]:53692", "status": 200, "duration": 0.0031744}
2026-03-20T11:13:15.786+0800	[34mINFO[0m	http/server.go:2286	HTTP Request completed	{"method": "GET", "path": "/api/v1/tasks", "ip": "[::1]:63842", "status": 400, "duration": 0.0040755}
2026-03-20T11:13:15.841+0800	[34mINFO[0m	http/server.go:2286	HTTP Request completed	{"method": "GET", "path": "/api/v1/students", "ip": "[::1]:62138", "status": 200, "duration": 0.0024289}
2026-03-20T11:13:15.846+0800	[34mINFO[0m	http/server.go:2286	HTTP Request completed	{"method": "GET", "path": "/api/v1/students", "ip": "[::1]:62138", "status": 200, "duration": 0.0014182}
2026-03-20T11:13:15.860+0800	[34mINFO[0m	http/server.go:2286	HTTP Request completed	{"method": "GET", "path": "/api/v1/tasks/student/5beb6dfa-755c-4fea-99ac-5c91997f1a06", "ip": "[::1]:62138", "status": 200, "duration": 0.0021612}
2026-03-20T11:13:15.863+0800	[34mINFO[0m	http/server.go:2286	HTTP Request completed	{"method": "GET", "path": "/api/v1/tasks/student/5beb6dfa-755c-4fea-99ac-5c91997f1a06", "ip": "[::1]:62138", "status": 200, "duration": 0.0006068}
2026-03-20T11:13:32.132+0800	[34mINFO[0m	runtime/proc.go:290	Shutting down server...
2026-03-20T11:13:32.135+0800	[31mERROR[0m	runtime/asm_amd64.s:1771	Server error	{"error": "http: Server closed"}
2026-03-20T11:13:32.135+0800	[34mINFO[0m	runtime/proc.go:290	Server exited properly
2026-03-20T11:13:32.136+0800	[34mINFO[0m	cmd/main.go:108	Closing database connection...
2026-03-20T11:29:44.025+0800	[34mINFO[0m	runtime/proc.go:290	Starting application...
2026-03-20T11:29:44.041+0800	[34mINFO[0m	runtime/proc.go:290	Connecting to PostgreSQL database...
2026-03-20T11:29:44.078+0800	[34mINFO[0m	runtime/proc.go:290	Database connected successfully	{"database": "School-manajement"}
2026-03-20T11:29:44.078+0800	[34mINFO[0m	runtime/asm_amd64.s:1771	Starting server	{"port": ":8080"}
2026-03-20T11:30:23.982+0800	[34mINFO[0m	runtime/proc.go:290	Shutting down server...
2026-03-20T11:30:23.984+0800	[31mERROR[0m	runtime/asm_amd64.s:1771	Server error	{"error": "http: Server closed"}
2026-03-20T11:30:23.984+0800	[34mINFO[0m	runtime/proc.go:290	Server exited properly
2026-03-20T11:30:23.984+0800	[34mINFO[0m	cmd/main.go:108	Closing database connection...
2026-03-20T11:31:15.305+0800	[34mINFO[0m	runtime/proc.go:290	Starting application...
2026-03-20T11:31:15.320+0800	[34mINFO[0m	runtime/proc.go:290	Connecting to PostgreSQL database...
2026-03-20T11:31:15.360+0800	[34mINFO[0m	runtime/proc.go:290	Database connected successfully	{"database": "School-manajement"}
2026-03-20T11:31:15.361+0800	[34mINFO[0m	runtime/asm_amd64.s:1771	Starting server	{"port": ":8080"}
2026-03-20T11:31:22.274+0800	[34mINFO[0m	http/server.go:2286	HTTP Request completed	{"method": "GET", "path": "/api/v1/students", "ip": "[::1]:63927", "status": 200, "duration": 0.0020202}
2026-03-20T11:31:22.277+0800	[34mINFO[0m	http/server.go:2286	HTTP Request completed	{"method": "GET", "path": "/api/v1/students", "ip": "[::1]:63927", "status": 200, "duration": 0.000867}
2026-03-20T11:32:06.058+0800	[34mINFO[0m	runtime/proc.go:290	Shutting down server...
2026-03-20T11:32:06.058+0800	[31mERROR[0m	runtime/asm_amd64.s:1771	Server error	{"error": "http: Server closed"}
2026-03-20T11:32:06.058+0800	[34mINFO[0m	runtime/proc.go:290	Server exited properly
2026-03-20T11:32:06.058+0800	[34mINFO[0m	cmd/main.go:108	Closing database connection...
2026-03-20T11:39:26.712+0800	[34mINFO[0m	runtime/proc.go:290	Starting application...
2026-03-20T11:39:26.731+0800	[34mINFO[0m	runtime/proc.go:290	Connecting to PostgreSQL database...
2026-03-20T11:39:26.770+0800	[34mINFO[0m	runtime/proc.go:290	Database connected successfully	{"database": "School-manajement"}
2026-03-20T11:39:26.771+0800	[34mINFO[0m	runtime/asm_amd64.s:1771	Starting server	{"port": ":8080"}
2026-03-20T11:39:37.573+0800	[34mINFO[0m	http/server.go:2286	HTTP Request completed	{"method": "GET", "path": "/api/v1/students", "ip": "[::1]:61080", "status": 200, "duration": 0.0040354}
2026-03-20T11:39:37.577+0800	[34mINFO[0m	http/server.go:2286	HTTP Request completed	{"method": "GET", "path": "/api/v1/students", "ip": "[::1]:61080", "status": 200, "duration": 0.0010968}
2026-03-20T11:42:33.968+0800	[34mINFO[0m	runtime/proc.go:290	Shutting down server...
2026-03-20T11:42:33.969+0800	[31mERROR[0m	runtime/asm_amd64.s:1771	Server error	{"error": "http: Server closed"}
2026-03-20T11:42:33.969+0800	[34mINFO[0m	runtime/proc.go:290	Server exited properly
2026-03-20T11:42:33.969+0800	[34mINFO[0m	cmd/main.go:108	Closing database connection...
2026-03-20T11:43:59.414+0800	[34mINFO[0m	runtime/proc.go:290	Starting application...
2026-03-20T11:43:59.432+0800	[34mINFO[0m	runtime/proc.go:290	Connecting to PostgreSQL database...
2026-03-20T11:43:59.476+0800	[34mINFO[0m	runtime/proc.go:290	Database connected successfully	{"database": "School-manajement"}
2026-03-20T11:43:59.476+0800	[34mINFO[0m	runtime/asm_amd64.s:1771	Starting server	{"port": ":8080"}
2026-03-20T11:44:22.897+0800	[34mINFO[0m	http/server.go:2286	HTTP Request completed	{"method": "POST", "path": "/api/v1/register", "ip": "[::1]:60375", "status": 201, "duration": 0.0674663}
2026-03-20T11:44:38.219+0800	[34mINFO[0m	http/server.go:2286	HTTP Request completed	{"method": "POST", "path": "/api/v1/login", "ip": "[::1]:60375", "status": 200, "duration": 0.065345}
2026-03-20T11:44:38.417+0800	[34mINFO[0m	http/server.go:2286	HTTP Request completed	{"method": "GET", "path": "/api/v1/students", "ip": "[::1]:60375", "status": 200, "duration": 0.0010326}
2026-03-20T11:44:48.606+0800	[34mINFO[0m	http/server.go:2286	HTTP Request completed	{"method": "GET", "path": "/api/v1/students", "ip": "[::1]:60375", "status": 200, "duration": 0.0011639}
2026-03-20T11:44:48.608+0800	[34mINFO[0m	http/server.go:2286	HTTP Request completed	{"method": "GET", "path": "/api/v1/students", "ip": "[::1]:60375", "status": 200, "duration": 0.0005056}
2026-03-20T11:44:55.194+0800	[34mINFO[0m	http/server.go:2286	HTTP Request completed	{"method": "GET", "path": "/api/v1/students", "ip": "[::1]:60375", "status": 200, "duration": 0.0008535}
2026-03-20T11:44:55.198+0800	[34mINFO[0m	http/server.go:2286	HTTP Request completed	{"method": "GET", "path": "/api/v1/students", "ip": "[::1]:60375", "status": 200, "duration": 0.0011726}
2026-03-20T11:44:55.345+0800	[34mINFO[0m	http/server.go:2286	HTTP Request completed	{"method": "GET", "path": "/api/v1/absensi/all-with-students", "ip": "[::1]:62294", "status": 200, "duration": 0.1515036}
2026-03-20T11:44:55.347+0800	[34mINFO[0m	http/server.go:2286	HTTP Request completed	{"method": "GET", "path": "/api/v1/absensi/all-with-students", "ip": "[::1]:62294", "status": 200, "duration": 0.0007547}
2026-03-20T11:44:57.568+0800	[34mINFO[0m	http/server.go:2286	HTTP Request completed	{"method": "GET", "path": "/api/v1/students", "ip": "[::1]:62294", "status": 200, "duration": 0.0017569}
2026-03-20T11:45:01.128+0800	[34mINFO[0m	http/server.go:2286	HTTP Request completed	{"method": "GET", "path": "/api/v1/students", "ip": "[::1]:62294", "status": 200, "duration": 0.0007528}
2026-03-20T11:45:01.131+0800	[34mINFO[0m	http/server.go:2286	HTTP Request completed	{"method": "GET", "path": "/api/v1/students", "ip": "[::1]:62294", "status": 200, "duration": 0.0008507}
2026-03-20T11:45:02.697+0800	[34mINFO[0m	http/server.go:2286	HTTP Request completed	{"method": "GET", "path": "/api/v1/students", "ip": "[::1]:62294", "status": 200, "duration": 0.0014405}
2026-03-20T11:45:03.095+0800	[34mINFO[0m	http/server.go:2286	HTTP Request completed	{"method": "GET", "path": "/api/v1/students", "ip": "[::1]:62294", "status": 200, "duration": 0.0011694}
2026-03-20T11:48:37.184+0800	[34mINFO[0m	runtime/proc.go:290	Shutting down server...
2026-03-20T11:48:37.184+0800	[34mINFO[0m	runtime/proc.go:290	Server exited properly
2026-03-20T11:48:37.184+0800	[31mERROR[0m	runtime/asm_amd64.s:1771	Server error	{"error": "http: Server closed"}
2026-03-20T11:48:37.185+0800	[34mINFO[0m	cmd/main.go:108	Closing database connection...
2026-03-20T11:49:42.505+0800	[34mINFO[0m	runtime/proc.go:290	Starting application...
2026-03-20T11:49:42.522+0800	[34mINFO[0m	runtime/proc.go:290	Connecting to PostgreSQL database...
2026-03-20T11:49:42.670+0800	[34mINFO[0m	runtime/proc.go:290	Database connected successfully	{"database": "School-manajement"}
2026-03-20T11:49:42.671+0800	[34mINFO[0m	runtime/asm_amd64.s:1771	Starting server	{"port": ":8080"}
2026-03-20T11:49:50.948+0800	[34mINFO[0m	http/server.go:2286	HTTP Request completed	{"method": "GET", "path": "/api/v1/students", "ip": "[::1]:62555", "status": 200, "duration": 0.0024914}
2026-03-20T11:49:52.943+0800	[34mINFO[0m	http/server.go:2286	HTTP Request completed	{"method": "GET", "path": "/api/v1/students", "ip": "[::1]:62555", "status": 200, "duration": 0.0014398}
2026-03-20T11:50:17.946+0800	[34mINFO[0m	http/server.go:2286	HTTP Request completed	{"method": "POST", "path": "/api/v1/login", "ip": "[::1]:62555", "status": 200, "duration": 0.0675284}
2026-03-20T11:50:18.049+0800	[34mINFO[0m	http/server.go:2286	HTTP Request completed	{"method": "GET", "path": "/api/v1/students", "ip": "[::1]:62555", "status": 200, "duration": 0.0010523}
2026-03-20T11:50:19.851+0800	[34mINFO[0m	http/server.go:2286	HTTP Request completed	{"method": "GET", "path": "/api/v1/students", "ip": "[::1]:62555", "status": 200, "duration": 0.0018056}
2026-03-20T11:50:27.728+0800	[34mINFO[0m	http/server.go:2286	HTTP Request completed	{"method": "GET", "path": "/api/v1/students", "ip": "[::1]:62555", "status": 200, "duration": 0.0028289}
2026-03-20T11:50:27.731+0800	[34mINFO[0m	http/server.go:2286	HTTP Request completed	{"method": "GET", "path": "/api/v1/students", "ip": "[::1]:62555", "status": 200, "duration": 0.0010308}
2026-03-20T11:50:28.501+0800	[34mINFO[0m	http/server.go:2286	HTTP Request completed	{"method": "GET", "path": "/api/v1/students", "ip": "[::1]:64306", "status": 200, "duration": 0.0011894}
2026-03-20T11:50:28.504+0800	[34mINFO[0m	http/server.go:2286	HTTP Request completed	{"method": "GET", "path": "/api/v1/students", "ip": "[::1]:64306", "status": 200, "duration": 0.0007592}
2026-03-20T11:50:28.545+0800	[34mINFO[0m	http/server.go:2286	HTTP Request completed	{"method": "GET", "path": "/api/v1/absensi/all-with-students", "ip": "[::1]:62555", "status": 200, "duration": 0.0448911}
2026-03-20T11:50:28.548+0800	[34mINFO[0m	http/server.go:2286	HTTP Request completed	{"method": "GET", "path": "/api/v1/absensi/all-with-students", "ip": "[::1]:62555", "status": 200, "duration": 0.0015764}
2026-03-20T11:50:33.937+0800	[34mINFO[0m	runtime/proc.go:290	Shutting down server...
2026-03-20T11:50:33.937+0800	[31mERROR[0m	runtime/asm_amd64.s:1771	Server error	{"error": "http: Server closed"}
2026-03-20T11:50:33.938+0800	[34mINFO[0m	runtime/proc.go:290	Server exited properly
2026-03-20T11:50:33.938+0800	[34mINFO[0m	cmd/main.go:108	Closing database connection...
2026-03-20T11:54:41.006+0800	[34mINFO[0m	runtime/proc.go:290	Starting application...
2026-03-20T11:54:41.023+0800	[34mINFO[0m	runtime/proc.go:290	Connecting to PostgreSQL database...
2026-03-20T11:54:41.063+0800	[34mINFO[0m	runtime/proc.go:290	Database connected successfully	{"database": "School-manajement"}
2026-03-20T11:54:41.063+0800	[34mINFO[0m	runtime/asm_amd64.s:1771	Starting server	{"port": ":8080"}
2026-03-20T11:54:48.753+0800	[34mINFO[0m	http/server.go:2286	HTTP Request completed	{"method": "GET", "path": "/api/v1/students", "ip": "[::1]:59197", "status": 200, "duration": 0.003079}
2026-03-20T11:54:48.756+0800	[34mINFO[0m	http/server.go:2286	HTTP Request completed	{"method": "GET", "path": "/api/v1/students", "ip": "[::1]:59197", "status": 200, "duration": 0.0010541}
2026-03-20T11:54:48.799+0800	[34mINFO[0m	http/server.go:2286	HTTP Request completed	{"method": "GET", "path": "/api/v1/absensi/all-with-students", "ip": "[::1]:63109", "status": 200, "duration": 0.049202}
2026-03-20T11:54:48.801+0800	[34mINFO[0m	http/server.go:2286	HTTP Request completed	{"method": "GET", "path": "/api/v1/absensi/all-with-students", "ip": "[::1]:63109", "status": 200, "duration": 0.0020473}
2026-03-20T11:54:54.498+0800	[34mINFO[0m	http/server.go:2286	HTTP Request completed	{"method": "GET", "path": "/api/v1/students", "ip": "[::1]:63109", "status": 200, "duration": 0.0023632}
2026-03-20T11:54:57.869+0800	[34mINFO[0m	http/server.go:2286	HTTP Request completed	{"method": "GET", "path": "/api/v1/students", "ip": "[::1]:63109", "status": 200, "duration": 0.0010429}
2026-03-20T11:55:01.416+0800	[34mINFO[0m	http/server.go:2286	HTTP Request completed	{"method": "GET", "path": "/api/v1/students", "ip": "[::1]:59197", "status": 200, "duration": 0.0013973}
2026-03-20T11:55:01.417+0800	[34mINFO[0m	http/server.go:2286	HTTP Request completed	{"method": "GET", "path": "/api/v1/students", "ip": "[::1]:59197", "status": 200, "duration": 0.0005048}
2026-03-20T11:56:35.457+0800	[34mINFO[0m	runtime/proc.go:290	Shutting down server...
2026-03-20T11:56:35.463+0800	[31mERROR[0m	runtime/asm_amd64.s:1771	Server error	{"error": "http: Server closed"}
2026-03-20T11:56:35.463+0800	[34mINFO[0m	runtime/proc.go:290	Server exited properly
2026-03-20T11:56:35.468+0800	[34mINFO[0m	cmd/main.go:108	Closing database connection...
2026-03-20T12:14:17.182+0800	[34mINFO[0m	runtime/proc.go:290	Starting application...
2026-03-20T12:14:17.200+0800	[34mINFO[0m	runtime/proc.go:290	Connecting to PostgreSQL database...
2026-03-20T12:14:17.238+0800	[34mINFO[0m	runtime/proc.go:290	Database connected successfully	{"database": "School-manajement"}
2026-03-20T12:14:17.238+0800	[34mINFO[0m	runtime/asm_amd64.s:1771	Starting server	{"port": ":8080"}
2026-03-20T12:14:52.630+0800	[34mINFO[0m	runtime/proc.go:290	Shutting down server...
2026-03-20T12:14:52.639+0800	[31mERROR[0m	runtime/asm_amd64.s:1771	Server error	{"error": "http: Server closed"}
2026-03-20T12:14:52.645+0800	[34mINFO[0m	runtime/proc.go:290	Server exited properly
2026-03-20T12:14:52.683+0800	[34mINFO[0m	cmd/main.go:108	Closing database connection...
2026-03-20T20:56:49.084+0800	[34mINFO[0m	runtime/proc.go:290	Starting application...
2026-03-20T20:56:49.111+0800	[34mINFO[0m	runtime/proc.go:290	Connecting to PostgreSQL database...
2026-03-20T20:56:49.191+0800	[34mINFO[0m	runtime/proc.go:290	Database connected successfully	{"database": "School-manajement"}
2026-03-20T20:56:49.191+0800	[34mINFO[0m	runtime/asm_amd64.s:1771	Starting server	{"port": ":8080"}
2026-03-20T20:56:56.269+0800	[34mINFO[0m	http/server.go:2286	HTTP Request completed	{"method": "GET", "path": "/api/v1/students", "ip": "[::1]:53891", "status": 200, "duration": 0.0360649}
2026-03-20T20:57:27.598+0800	[34mINFO[0m	http/server.go:2286	HTTP Request completed	{"method": "POST", "path": "/api/v1/register", "ip": "[::1]:53891", "status": 400, "duration": 0.0172651}
2026-03-20T20:57:47.817+0800	[34mINFO[0m	http/server.go:2286	HTTP Request completed	{"method": "POST", "path": "/api/v1/register", "ip": "[::1]:53891", "status": 201, "duration": 0.0838831}
2026-03-20T20:58:04.602+0800	[34mINFO[0m	http/server.go:2286	HTTP Request completed	{"method": "POST", "path": "/api/v1/login", "ip": "[::1]:53891", "status": 400, "duration": 0.0007266}
2026-03-20T20:59:03.180+0800	[34mINFO[0m	http/server.go:2286	HTTP Request completed	{"method": "POST", "path": "/api/v1/login", "ip": "[::1]:53891", "status": 200, "duration": 0.0628985}
2026-03-20T20:59:03.281+0800	[34mINFO[0m	http/server.go:2286	HTTP Request completed	{"method": "GET", "path": "/api/v1/students", "ip": "[::1]:53891", "status": 200, "duration": 0.0020124}
2026-03-20T20:59:12.526+0800	[34mINFO[0m	http/server.go:2286	HTTP Request completed	{"method": "GET", "path": "/api/v1/students", "ip": "[::1]:52291", "status": 200, "duration": 0.0011846}
2026-03-20T20:59:12.529+0800	[34mINFO[0m	http/server.go:2286	HTTP Request completed	{"method": "GET", "path": "/api/v1/students", "ip": "[::1]:52291", "status": 200, "duration": 0.0011644}
2026-03-20T20:59:15.744+0800	[34mINFO[0m	http/server.go:2286	HTTP Request completed	{"method": "GET", "path": "/api/v1/students", "ip": "[::1]:52291", "status": 200, "duration": 0.0011964}
2026-03-20T20:59:15.748+0800	[34mINFO[0m	http/server.go:2286	HTTP Request completed	{"method": "GET", "path": "/api/v1/students", "ip": "[::1]:52291", "status": 200, "duration": 0.0020613}
2026-03-20T20:59:17.902+0800	[34mINFO[0m	http/server.go:2286	HTTP Request completed	{"method": "GET", "path": "/api/v1/absensi/all-with-students", "ip": "[::1]:59944", "status": 200, "duration": 0.0127686}
2026-03-20T20:59:17.905+0800	[34mINFO[0m	http/server.go:2286	HTTP Request completed	{"method": "GET", "path": "/api/v1/absensi/all-with-students", "ip": "[::1]:59944", "status": 200, "duration": 0.0019111}
2026-03-20T20:59:18.033+0800	[34mINFO[0m	http/server.go:2286	HTTP Request completed	{"method": "GET", "path": "/api/v1/students", "ip": "[::1]:52291", "status": 200, "duration": 0.1434968}
2026-03-20T20:59:18.036+0800	[34mINFO[0m	http/server.go:2286	HTTP Request completed	{"method": "GET", "path": "/api/v1/students", "ip": "[::1]:52291", "status": 200, "duration": 0.0009229}
2026-03-20T20:59:19.152+0800	[34mINFO[0m	http/server.go:2286	HTTP Request completed	{"method": "GET", "path": "/api/v1/grades", "ip": "[::1]:52291", "status": 400, "duration": 0}
2026-03-20T20:59:19.155+0800	[34mINFO[0m	http/server.go:2286	HTTP Request completed	{"method": "GET", "path": "/api/v1/students", "ip": "[::1]:59944", "status": 200, "duration": 0.0023495}
2026-03-20T20:59:19.155+0800	[34mINFO[0m	http/server.go:2286	HTTP Request completed	{"method": "GET", "path": "/api/v1/grades", "ip": "[::1]:52291", "status": 400, "duration": 0}
2026-03-20T20:59:19.158+0800	[34mINFO[0m	http/server.go:2286	HTTP Request completed	{"method": "GET", "path": "/api/v1/students", "ip": "[::1]:59944", "status": 200, "duration": 0.0018348}
2026-03-20T20:59:21.978+0800	[34mINFO[0m	http/server.go:2286	HTTP Request completed	{"method": "GET", "path": "/api/v1/students", "ip": "[::1]:59944", "status": 200, "duration": 0.0010892}
2026-03-20T20:59:21.981+0800	[34mINFO[0m	http/server.go:2286	HTTP Request completed	{"method": "GET", "path": "/api/v1/students", "ip": "[::1]:59944", "status": 200, "duration": 0.0021188}
2026-03-20T20:59:23.426+0800	[34mINFO[0m	http/server.go:2286	HTTP Request completed	{"method": "GET", "path": "/api/v1/students", "ip": "[::1]:52291", "status": 200, "duration": 0.0010433}
2026-03-20T20:59:23.428+0800	[34mINFO[0m	http/server.go:2286	HTTP Request completed	{"method": "GET", "path": "/api/v1/students", "ip": "[::1]:52291", "status": 200, "duration": 0.0005123}
2026-03-20T20:59:24.038+0800	[34mINFO[0m	http/server.go:2286	HTTP Request completed	{"method": "GET", "path": "/api/v1/students", "ip": "[::1]:59944", "status": 200, "duration": 0.001518}
2026-03-20T20:59:24.038+0800	[34mINFO[0m	http/server.go:2286	HTTP Request completed	{"method": "GET", "path": "/api/v1/absensi/all-with-students", "ip": "[::1]:52291", "status": 200, "duration": 0.001518}
2026-03-20T20:59:24.041+0800	[34mINFO[0m	http/server.go:2286	HTTP Request completed	{"method": "GET", "path": "/api/v1/students", "ip": "[::1]:59944", "status": 200, "duration": 0.0020189}
2026-03-20T20:59:24.042+0800	[34mINFO[0m	http/server.go:2286	HTTP Request completed	{"method": "GET", "path": "/api/v1/absensi/all-with-students", "ip": "[::1]:52291", "status": 200, "duration": 0.0027476}
2026-03-20T20:59:24.370+0800	[34mINFO[0m	http/server.go:2286	HTTP Request completed	{"method": "GET", "path": "/api/v1/students", "ip": "[::1]:52291", "status": 200, "duration": 0.0021518}
2026-03-20T20:59:24.374+0800	[34mINFO[0m	http/server.go:2286	HTTP Request completed	{"method": "GET", "path": "/api/v1/students", "ip": "[::1]:52291", "status": 200, "duration": 0.0017457}
2026-03-20T20:59:25.534+0800	[34mINFO[0m	http/server.go:2286	HTTP Request completed	{"method": "GET", "path": "/api/v1/students", "ip": "[::1]:52291", "status": 200, "duration": 0.0005045}
2026-03-20T20:59:25.539+0800	[34mINFO[0m	http/server.go:2286	HTTP Request completed	{"method": "GET", "path": "/api/v1/students", "ip": "[::1]:52291", "status": 200, "duration": 0.0039037}
2026-03-20T20:59:25.979+0800	[34mINFO[0m	http/server.go:2286	HTTP Request completed	{"method": "GET", "path": "/api/v1/students", "ip": "[::1]:52291", "status": 200, "duration": 0.0012406}
2026-03-20T20:59:26.590+0800	[34mINFO[0m	http/server.go:2286	HTTP Request completed	{"method": "GET", "path": "/api/v1/students", "ip": "[::1]:52291", "status": 200, "duration": 0.0020282}
2026-03-20T20:59:26.594+0800	[34mINFO[0m	http/server.go:2286	HTTP Request completed	{"method": "GET", "path": "/api/v1/students", "ip": "[::1]:52291", "status": 200, "duration": 0.0013368}
2026-03-20T20:59:26.926+0800	[34mINFO[0m	http/server.go:2286	HTTP Request completed	{"method": "GET", "path": "/api/v1/absensi/all-with-students", "ip": "[::1]:52291", "status": 200, "duration": 0.0009079}
2026-03-20T20:59:26.929+0800	[34mINFO[0m	http/server.go:2286	HTTP Request completed	{"method": "GET", "path": "/api/v1/students", "ip": "[::1]:59944", "status": 200, "duration": 0.0027097}
2026-03-20T20:59:26.930+0800	[34mINFO[0m	http/server.go:2286	HTTP Request completed	{"method": "GET", "path": "/api/v1/absensi/all-with-students", "ip": "[::1]:52291", "status": 200, "duration": 0.0015799}
2026-03-20T20:59:26.933+0800	[34mINFO[0m	http/server.go:2286	HTTP Request completed	{"method": "GET", "path": "/api/v1/students", "ip": "[::1]:59944", "status": 200, "duration": 0.0020289}
2026-03-20T20:59:27.377+0800	[34mINFO[0m	http/server.go:2286	HTTP Request completed	{"method": "GET", "path": "/api/v1/students", "ip": "[::1]:59944", "status": 200, "duration": 0.0075043}
2026-03-20T20:59:27.380+0800	[34mINFO[0m	http/server.go:2286	HTTP Request completed	{"method": "GET", "path": "/api/v1/students", "ip": "[::1]:59944", "status": 200, "duration": 0.0013055}
2026-03-20T20:59:27.774+0800	[34mINFO[0m	http/server.go:2286	HTTP Request completed	{"method": "GET", "path": "/api/v1/students", "ip": "[::1]:59944", "status": 200, "duration": 0.001331}
2026-03-20T20:59:27.777+0800	[34mINFO[0m	http/server.go:2286	HTTP Request completed	{"method": "GET", "path": "/api/v1/students", "ip": "[::1]:59944", "status": 200, "duration": 0.0010603}
2026-03-20T20:59:29.594+0800	[34mINFO[0m	http/server.go:2286	HTTP Request completed	{"method": "GET", "path": "/api/v1/students", "ip": "[::1]:52291", "status": 200, "duration": 0.0014745}
2026-03-20T20:59:29.600+0800	[34mINFO[0m	http/server.go:2286	HTTP Request completed	{"method": "GET", "path": "/api/v1/students", "ip": "[::1]:52291", "status": 200, "duration": 0.0025881}
2026-03-20T20:59:29.870+0800	[34mINFO[0m	http/server.go:2286	HTTP Request completed	{"method": "GET", "path": "/api/v1/students", "ip": "[::1]:53891", "status": 200, "duration": 0.0032203}
2026-03-20T20:59:29.872+0800	[34mINFO[0m	http/server.go:2286	HTTP Request completed	{"method": "GET", "path": "/api/v1/absensi/all-with-students", "ip": "[::1]:52291", "status": 200, "duration": 0.0030355}
2026-03-20T20:59:29.873+0800	[34mINFO[0m	http/server.go:2286	HTTP Request completed	{"method": "GET", "path": "/api/v1/students", "ip": "[::1]:53891", "status": 200, "duration": 0.0010748}
2026-03-20T20:59:29.875+0800	[34mINFO[0m	http/server.go:2286	HTTP Request completed	{"method": "GET", "path": "/api/v1/absensi/all-with-students", "ip": "[::1]:52291", "status": 200, "duration": 0.0010938}
2026-03-20T20:59:30.244+0800	[34mINFO[0m	http/server.go:2286	HTTP Request completed	{"method": "GET", "path": "/api/v1/students", "ip": "[::1]:52291", "status": 200, "duration": 0.0013861}
2026-03-20T20:59:30.247+0800	[34mINFO[0m	http/server.go:2286	HTTP Request completed	{"method": "GET", "path": "/api/v1/students", "ip": "[::1]:52291", "status": 200, "duration": 0.000946}
2026-03-20T20:59:32.070+0800	[34mINFO[0m	http/server.go:2286	HTTP Request completed	{"method": "GET", "path": "/api/v1/students", "ip": "[::1]:52291", "status": 200, "duration": 0.0008632}
2026-03-20T20:59:32.073+0800	[34mINFO[0m	http/server.go:2286	HTTP Request completed	{"method": "GET", "path": "/api/v1/students", "ip": "[::1]:52291", "status": 200, "duration": 0.0015025}
2026-03-20T20:59:56.204+0800	[34mINFO[0m	http/server.go:2286	HTTP Request completed	{"method": "GET", "path": "/api/v1/students", "ip": "[::1]:52291", "status": 200, "duration": 0.001082}
2026-03-20T21:02:42.617+0800	[34mINFO[0m	runtime/proc.go:290	Shutting down server...
2026-03-20T21:02:42.617+0800	[31mERROR[0m	runtime/asm_amd64.s:1771	Server error	{"error": "http: Server closed"}
2026-03-20T21:02:42.617+0800	[34mINFO[0m	runtime/proc.go:290	Server exited properly
2026-03-20T21:02:42.618+0800	[34mINFO[0m	cmd/main.go:108	Closing database connection...
2026-03-20T21:04:01.787+0800	[34mINFO[0m	runtime/proc.go:290	Starting application...
2026-03-20T21:04:01.803+0800	[34mINFO[0m	runtime/proc.go:290	Connecting to PostgreSQL database...
2026-03-20T21:04:01.840+0800	[34mINFO[0m	runtime/proc.go:290	Database connected successfully	{"database": "School-manajement"}
2026-03-20T21:04:01.840+0800	[34mINFO[0m	runtime/asm_amd64.s:1771	Starting server	{"port": ":8080"}
2026-03-20T21:04:37.513+0800	[34mINFO[0m	http/server.go:2286	HTTP Request completed	{"method": "POST", "path": "/api/v1/login", "ip": "[::1]:61099", "status": 200, "duration": 0.0609058}
2026-03-20T21:04:37.666+0800	[34mINFO[0m	http/server.go:2286	HTTP Request completed	{"method": "GET", "path": "/api/v1/students", "ip": "[::1]:61099", "status": 200, "duration": 0.0036288}
2026-03-20T21:04:37.823+0800	[34mINFO[0m	http/server.go:2286	HTTP Request completed	{"method": "GET", "path": "/api/v1/students", "ip": "[::1]:63167", "status": 200, "duration": 0.0010937}
2026-03-20T21:04:46.886+0800	[34mINFO[0m	http/server.go:2286	HTTP Request completed	{"method": "GET", "path": "/api/v1/students", "ip": "[::1]:61099", "status": 200, "duration": 0.0016331}
2026-03-20T21:04:46.888+0800	[34mINFO[0m	http/server.go:2286	HTTP Request completed	{"method": "GET", "path": "/api/v1/students", "ip": "[::1]:61099", "status": 200, "duration": 0.0010939}
2026-03-20T21:04:49.889+0800	[34mINFO[0m	http/server.go:2286	HTTP Request completed	{"method": "GET", "path": "/api/v1/students", "ip": "[::1]:61099", "status": 200, "duration": 0.0005078}
2026-03-20T21:04:49.891+0800	[34mINFO[0m	http/server.go:2286	HTTP Request completed	{"method": "GET", "path": "/api/v1/students", "ip": "[::1]:61099", "status": 200, "duration": 0.0010484}
2026-03-20T21:04:50.793+0800	[34mINFO[0m	http/server.go:2286	HTTP Request completed	{"method": "GET", "path": "/api/v1/students", "ip": "[::1]:61099", "status": 200, "duration": 0.0014123}
2026-03-20T21:04:50.794+0800	[34mINFO[0m	http/server.go:2286	HTTP Request completed	{"method": "GET", "path": "/api/v1/students", "ip": "[::1]:61099", "status": 200, "duration": 0.0005067}
2026-03-20T21:04:51.325+0800	[34mINFO[0m	http/server.go:2286	HTTP Request completed	{"method": "GET", "path": "/api/v1/students", "ip": "[::1]:61099", "status": 200, "duration": 0.0010525}
2026-03-20T21:04:52.537+0800	[34mINFO[0m	http/server.go:2286	HTTP Request completed	{"method": "GET", "path": "/api/v1/students", "ip": "[::1]:55219", "status": 200, "duration": 0.001109}
2026-03-20T21:04:52.541+0800	[34mINFO[0m	http/server.go:2286	HTTP Request completed	{"method": "GET", "path": "/api/v1/students", "ip": "[::1]:55219", "status": 200, "duration": 0.0014529}
2026-03-20T21:04:53.554+0800	[34mINFO[0m	http/server.go:2286	HTTP Request completed	{"method": "GET", "path": "/api/v1/students", "ip": "[::1]:55219", "status": 200, "duration": 0.00133}
2026-03-20T21:04:54.114+0800	[34mINFO[0m	http/server.go:2286	HTTP Request completed	{"method": "GET", "path": "/api/v1/students", "ip": "[::1]:55219", "status": 200, "duration": 0.0014121}
2026-03-20T21:04:54.118+0800	[34mINFO[0m	http/server.go:2286	HTTP Request completed	{"method": "GET", "path": "/api/v1/students", "ip": "[::1]:55219", "status": 200, "duration": 0.0023193}
2026-03-20T21:05:07.262+0800	[34mINFO[0m	http/server.go:2286	HTTP Request completed	{"method": "GET", "path": "/api/v1/students", "ip": "[::1]:55219", "status": 200, "duration": 0.0014339}
2026-03-20T21:05:08.006+0800	[34mINFO[0m	http/server.go:2286	HTTP Request completed	{"method": "GET", "path": "/api/v1/students", "ip": "[::1]:55219", "status": 200, "duration": 0.0016163}
2026-03-20T21:05:08.009+0800	[34mINFO[0m	http/server.go:2286	HTTP Request completed	{"method": "GET", "path": "/api/v1/students", "ip": "[::1]:55219", "status": 200, "duration": 0.0010469}
2026-03-20T21:05:08.269+0800	[34mINFO[0m	http/server.go:2286	HTTP Request completed	{"method": "GET", "path": "/api/v1/students", "ip": "[::1]:55219", "status": 200, "duration": 0.0010539}
2026-03-20T21:05:08.273+0800	[34mINFO[0m	http/server.go:2286	HTTP Request completed	{"method": "GET", "path": "/api/v1/students", "ip": "[::1]:55219", "status": 200, "duration": 0.0010786}
2026-03-20T21:05:09.022+0800	[34mINFO[0m	http/server.go:2286	HTTP Request completed	{"method": "GET", "path": "/api/v1/students", "ip": "[::1]:61099", "status": 200, "duration": 0.0011077}
2026-03-20T21:05:09.025+0800	[34mINFO[0m	http/server.go:2286	HTTP Request completed	{"method": "GET", "path": "/api/v1/students", "ip": "[::1]:61099", "status": 200, "duration": 0.001216}
2026-03-20T21:05:09.067+0800	[34mINFO[0m	http/server.go:2286	HTTP Request completed	{"method": "GET", "path": "/api/v1/absensi/all-with-students", "ip": "[::1]:55219", "status": 200, "duration": 0.0454137}
2026-03-20T21:05:09.069+0800	[34mINFO[0m	http/server.go:2286	HTTP Request completed	{"method": "GET", "path": "/api/v1/absensi/all-with-students", "ip": "[::1]:55219", "status": 200, "duration": 0.0010394}
2026-03-20T21:05:09.352+0800	[34mINFO[0m	http/server.go:2286	HTTP Request completed	{"method": "GET", "path": "/api/v1/students", "ip": "[::1]:55219", "status": 200, "duration": 0.0010709}
2026-03-20T21:05:09.352+0800	[34mINFO[0m	http/server.go:2286	HTTP Request completed	{"method": "GET", "path": "/api/v1/grades", "ip": "[::1]:61099", "status": 400, "duration": 0.0010837}
2026-03-20T21:05:09.353+0800	[34mINFO[0m	http/server.go:2286	HTTP Request completed	{"method": "GET", "path": "/api/v1/grades", "ip": "[::1]:61099", "status": 400, "duration": 0}
2026-03-20T21:05:09.355+0800	[34mINFO[0m	http/server.go:2286	HTTP Request completed	{"method": "GET", "path": "/api/v1/students", "ip": "[::1]:55219", "status": 200, "duration": 0.0012863}
2026-03-20T21:05:13.308+0800	[34mINFO[0m	http/server.go:2286	HTTP Request completed	{"method": "GET", "path": "/api/v1/students", "ip": "[::1]:61099", "status": 200, "duration": 0.001232}
2026-03-20T21:05:13.312+0800	[34mINFO[0m	http/server.go:2286	HTTP Request completed	{"method": "GET", "path": "/api/v1/students", "ip": "[::1]:61099", "status": 200, "duration": 0.0020279}
2026-03-20T21:05:13.912+0800	[34mINFO[0m	http/server.go:2286	HTTP Request completed	{"method": "GET", "path": "/api/v1/students", "ip": "[::1]:61099", "status": 200, "duration": 0.0008253}
2026-03-20T21:05:14.403+0800	[34mINFO[0m	http/server.go:2286	HTTP Request completed	{"method": "GET", "path": "/api/v1/students", "ip": "[::1]:61099", "status": 200, "duration": 0.0011031}
2026-03-20T21:05:14.406+0800	[34mINFO[0m	http/server.go:2286	HTTP Request completed	{"method": "GET", "path": "/api/v1/students", "ip": "[::1]:61099", "status": 200, "duration": 0.0011039}
2026-03-20T21:05:15.064+0800	[34mINFO[0m	http/server.go:2286	HTTP Request completed	{"method": "GET", "path": "/api/v1/students", "ip": "[::1]:61099", "status": 200, "duration": 0.0005067}
2026-03-20T21:05:15.068+0800	[34mINFO[0m	http/server.go:2286	HTTP Request completed	{"method": "GET", "path": "/api/v1/students", "ip": "[::1]:61099", "status": 200, "duration": 0.0011266}
2026-03-20T21:05:15.611+0800	[34mINFO[0m	http/server.go:2286	HTTP Request completed	{"method": "GET", "path": "/api/v1/students", "ip": "[::1]:61099", "status": 200, "duration": 0.0012719}
2026-03-20T21:05:19.246+0800	[34mINFO[0m	http/server.go:2286	HTTP Request completed	{"method": "GET", "path": "/api/v1/students", "ip": "[::1]:55219", "status": 200, "duration": 0.001244}
2026-03-20T21:05:19.251+0800	[34mINFO[0m	http/server.go:2286	HTTP Request completed	{"method": "GET", "path": "/api/v1/students", "ip": "[::1]:55219", "status": 200, "duration": 0.0020456}
2026-03-20T21:05:50.711+0800	[34mINFO[0m	http/server.go:2286	HTTP Request completed	{"method": "GET", "path": "/api/v1/students", "ip": "[::1]:61099", "status": 200, "duration": 0.0008758}
2026-03-20T21:05:50.714+0800	[34mINFO[0m	http/server.go:2286	HTTP Request completed	{"method": "GET", "path": "/api/v1/students", "ip": "[::1]:61099", "status": 200, "duration": 0.0014659}
2026-03-20T21:05:51.096+0800	[34mINFO[0m	http/server.go:2286	HTTP Request completed	{"method": "GET", "path": "/api/v1/students", "ip": "[::1]:55219", "status": 200, "duration": 0.0017566}
2026-03-20T21:05:51.096+0800	[34mINFO[0m	http/server.go:2286	HTTP Request completed	{"method": "GET", "path": "/api/v1/absensi/all-with-students", "ip": "[::1]:61099", "status": 200, "duration": 0.0015984}
2026-03-20T21:05:51.098+0800	[34mINFO[0m	http/server.go:2286	HTTP Request completed	{"method": "GET", "path": "/api/v1/students", "ip": "[::1]:55219", "status": 200, "duration": 0.0005086}
2026-03-20T21:05:51.100+0800	[34mINFO[0m	http/server.go:2286	HTTP Request completed	{"method": "GET", "path": "/api/v1/absensi/all-with-students", "ip": "[::1]:61099", "status": 200, "duration": 0.0025045}
2026-03-20T21:05:51.521+0800	[34mINFO[0m	http/server.go:2286	HTTP Request completed	{"method": "GET", "path": "/api/v1/grades", "ip": "[::1]:55219", "status": 400, "duration": 0.0006836}
2026-03-20T21:05:51.522+0800	[34mINFO[0m	http/server.go:2286	HTTP Request completed	{"method": "GET", "path": "/api/v1/students", "ip": "[::1]:61099", "status": 200, "duration": 0.0012193}
2026-03-20T21:05:51.523+0800	[34mINFO[0m	http/server.go:2286	HTTP Request completed	{"method": "GET", "path": "/api/v1/grades", "ip": "[::1]:55219", "status": 400, "duration": 0.0005435}
2026-03-20T21:05:51.524+0800	[34mINFO[0m	http/server.go:2286	HTTP Request completed	{"method": "GET", "path": "/api/v1/students", "ip": "[::1]:61099", "status": 200, "duration": 0.0010938}
2026-03-20T21:05:51.895+0800	[34mINFO[0m	http/server.go:2286	HTTP Request completed	{"method": "GET", "path": "/api/v1/students", "ip": "[::1]:61099", "status": 200, "duration": 0.0010077}
2026-03-20T21:05:51.899+0800	[34mINFO[0m	http/server.go:2286	HTTP Request completed	{"method": "GET", "path": "/api/v1/students", "ip": "[::1]:61099", "status": 200, "duration": 0.0014054}
2026-03-20T21:05:52.186+0800	[34mINFO[0m	http/server.go:2286	HTTP Request completed	{"method": "GET", "path": "/api/v1/students", "ip": "[::1]:61099", "status": 200, "duration": 0.0010531}
2026-03-20T21:05:52.188+0800	[34mINFO[0m	http/server.go:2286	HTTP Request completed	{"method": "GET", "path": "/api/v1/students", "ip": "[::1]:61099", "status": 200, "duration": 0.0005065}
2026-03-20T21:05:52.433+0800	[34mINFO[0m	http/server.go:2286	HTTP Request completed	{"method": "GET", "path": "/api/v1/students", "ip": "[::1]:61099", "status": 200, "duration": 0.0005064}
2026-03-20T21:05:52.986+0800	[34mINFO[0m	http/server.go:2286	HTTP Request completed	{"method": "GET", "path": "/api/v1/students", "ip": "[::1]:61099", "status": 200, "duration": 0.0010331}
2026-03-20T21:05:52.987+0800	[34mINFO[0m	http/server.go:2286	HTTP Request completed	{"method": "GET", "path": "/api/v1/students", "ip": "[::1]:61099", "status": 200, "duration": 0.0009219}
2026-03-20T21:05:53.509+0800	[34mINFO[0m	http/server.go:2286	HTTP Request completed	{"method": "GET", "path": "/api/v1/students", "ip": "[::1]:61099", "status": 200, "duration": 0.0005107}
2026-03-20T21:05:53.513+0800	[34mINFO[0m	http/server.go:2286	HTTP Request completed	{"method": "GET", "path": "/api/v1/students", "ip": "[::1]:61099", "status": 200, "duration": 0.0010963}
2026-03-20T21:05:53.802+0800	[34mINFO[0m	http/server.go:2286	HTTP Request completed	{"method": "GET", "path": "/api/v1/students", "ip": "[::1]:61099", "status": 200, "duration": 0.0012631}
2026-03-20T21:06:47.747+0800	[34mINFO[0m	runtime/proc.go:290	Shutting down server...
2026-03-20T21:06:47.747+0800	[31mERROR[0m	runtime/asm_amd64.s:1771	Server error	{"error": "http: Server closed"}
2026-03-20T21:06:47.748+0800	[34mINFO[0m	runtime/proc.go:290	Server exited properly
2026-03-20T21:06:47.748+0800	[34mINFO[0m	cmd/main.go:108	Closing database connection...
2026-03-20T21:16:47.134+0800	[34mINFO[0m	runtime/proc.go:290	Starting application...
2026-03-20T21:16:47.151+0800	[34mINFO[0m	runtime/proc.go:290	Connecting to PostgreSQL database...
2026-03-20T21:16:47.188+0800	[34mINFO[0m	runtime/proc.go:290	Database connected successfully	{"database": "School-manajement"}
2026-03-20T21:16:47.188+0800	[34mINFO[0m	runtime/asm_amd64.s:1771	Starting server	{"port": ":8080"}
2026-03-20T21:17:01.209+0800	[34mINFO[0m	http/server.go:2286	HTTP Request completed	{"method": "GET", "path": "/api/v1/students", "ip": "[::1]:56791", "status": 200, "duration": 0.0022175}
2026-03-20T21:17:06.112+0800	[34mINFO[0m	http/server.go:2286	HTTP Request completed	{"method": "GET", "path": "/api/v1/students", "ip": "[::1]:56791", "status": 200, "duration": 0.0008338}
2026-03-20T21:17:06.114+0800	[34mINFO[0m	http/server.go:2286	HTTP Request completed	{"method": "GET", "path": "/api/v1/students", "ip": "[::1]:56791", "status": 200, "duration": 0.001406}
2026-03-20T21:17:11.033+0800	[34mINFO[0m	http/server.go:2286	HTTP Request completed	{"method": "GET", "path": "/api/v1/students", "ip": "[::1]:57047", "status": 200, "duration": 0.0014307}
2026-03-20T21:17:11.036+0800	[34mINFO[0m	http/server.go:2286	HTTP Request completed	{"method": "GET", "path": "/api/v1/students", "ip": "[::1]:57047", "status": 200, "duration": 0.0013292}
2026-03-20T21:17:17.068+0800	[34mINFO[0m	http/server.go:2286	HTTP Request completed	{"method": "GET", "path": "/api/v1/students", "ip": "[::1]:56791", "status": 200, "duration": 0.0031971}
2026-03-20T21:17:17.070+0800	[34mINFO[0m	http/server.go:2286	HTTP Request completed	{"method": "GET", "path": "/api/v1/students", "ip": "[::1]:56791", "status": 200, "duration": 0.0008429}
2026-03-20T21:17:17.111+0800	[34mINFO[0m	http/server.go:2286	HTTP Request completed	{"method": "GET", "path": "/api/v1/absensi/all-with-students", "ip": "[::1]:57047", "status": 200, "duration": 0.0456757}
2026-03-20T21:17:17.112+0800	[34mINFO[0m	http/server.go:2286	HTTP Request completed	{"method": "GET", "path": "/api/v1/absensi/all-with-students", "ip": "[::1]:57047", "status": 200, "duration": 0.0007777}
2026-03-20T21:17:18.061+0800	[34mINFO[0m	http/server.go:2286	HTTP Request completed	{"method": "GET", "path": "/api/v1/grades", "ip": "[::1]:56791", "status": 400, "duration": 0.0007544}
2026-03-20T21:17:18.062+0800	[34mINFO[0m	http/server.go:2286	HTTP Request completed	{"method": "GET", "path": "/api/v1/students", "ip": "[::1]:57047", "status": 200, "duration": 0.0012938}
2026-03-20T21:17:18.063+0800	[34mINFO[0m	http/server.go:2286	HTTP Request completed	{"method": "GET", "path": "/api/v1/grades", "ip": "[::1]:56791", "status": 400, "duration": 0.0006537}
2026-03-20T21:17:18.064+0800	[34mINFO[0m	http/server.go:2286	HTTP Request completed	{"method": "GET", "path": "/api/v1/students", "ip": "[::1]:57047", "status": 200, "duration": 0.0011931}
2026-03-20T21:30:12.318+0800	[34mINFO[0m	runtime/proc.go:290	Shutting down server...
2026-03-20T21:30:12.322+0800	[31mERROR[0m	runtime/asm_amd64.s:1771	Server error	{"error": "http: Server closed"}
2026-03-20T21:30:12.322+0800	[34mINFO[0m	runtime/proc.go:290	Server exited properly
2026-03-20T21:30:12.322+0800	[34mINFO[0m	cmd/main.go:108	Closing database connection...
2026-03-20T21:30:22.618+0800	[34mINFO[0m	runtime/proc.go:290	Starting application...
2026-03-20T21:30:22.632+0800	[34mINFO[0m	runtime/proc.go:290	Connecting to PostgreSQL database...
2026-03-20T21:30:22.661+0800	[34mINFO[0m	runtime/proc.go:290	Database connected successfully	{"database": "School-manajement"}
2026-03-20T21:30:22.661+0800	[34mINFO[0m	runtime/asm_amd64.s:1771	Starting server	{"port": ":8080"}
2026-03-20T21:30:35.165+0800	[34mINFO[0m	http/server.go:2286	HTTP Request completed	{"method": "GET", "path": "/api/v1/students", "ip": "[::1]:62793", "status": 200, "duration": 0.002393}
2026-03-20T21:30:35.167+0800	[34mINFO[0m	http/server.go:2286	HTTP Request completed	{"method": "GET", "path": "/api/v1/students", "ip": "[::1]:62793", "status": 200, "duration": 0.0010437}
2026-03-20T21:30:43.039+0800	[34mINFO[0m	http/server.go:2286	HTTP Request completed	{"method": "GET", "path": "/api/v1/absensi/all-with-students", "ip": "[::1]:62793", "status": 200, "duration": 0.0100483}
2026-03-20T21:30:43.043+0800	[34mINFO[0m	http/server.go:2286	HTTP Request completed	{"method": "GET", "path": "/api/v1/absensi/all-with-students", "ip": "[::1]:62793", "status": 200, "duration": 0.0027714}
2026-03-20T21:30:43.073+0800	[34mINFO[0m	http/server.go:2286	HTTP Request completed	{"method": "GET", "path": "/api/v1/students", "ip": "[::1]:64915", "status": 200, "duration": 0.0441778}
2026-03-20T21:30:43.075+0800	[34mINFO[0m	http/server.go:2286	HTTP Request completed	{"method": "GET", "path": "/api/v1/students", "ip": "[::1]:64915", "status": 200, "duration": 0.0007126}
2026-03-20T21:30:43.655+0800	[34mINFO[0m	http/server.go:2286	HTTP Request completed	{"method": "GET", "path": "/api/v1/students", "ip": "[::1]:64915", "status": 200, "duration": 0.0010271}
2026-03-20T21:30:43.657+0800	[34mINFO[0m	http/server.go:2286	HTTP Request completed	{"method": "GET", "path": "/api/v1/students", "ip": "[::1]:64915", "status": 200, "duration": 0.0013323}
2026-03-20T21:30:44.612+0800	[34mINFO[0m	http/server.go:2286	HTTP Request completed	{"method": "GET", "path": "/api/v1/students", "ip": "[::1]:64915", "status": 200, "duration": 0.0012691}
2026-03-20T21:30:44.614+0800	[34mINFO[0m	http/server.go:2286	HTTP Request completed	{"method": "GET", "path": "/api/v1/students", "ip": "[::1]:64915", "status": 200, "duration": 0.001061}
2026-03-20T21:30:45.432+0800	[34mINFO[0m	http/server.go:2286	HTTP Request completed	{"method": "GET", "path": "/api/v1/students", "ip": "[::1]:64915", "status": 200, "duration": 0.0005084}
2026-03-20T21:30:46.796+0800	[34mINFO[0m	http/server.go:2286	HTTP Request completed	{"method": "GET", "path": "/api/v1/students", "ip": "[::1]:64915", "status": 200, "duration": 0.0023124}
2026-03-20T21:30:46.800+0800	[34mINFO[0m	http/server.go:2286	HTTP Request completed	{"method": "GET", "path": "/api/v1/students", "ip": "[::1]:64915", "status": 200, "duration": 0.0009403}
2026-03-20T21:30:53.580+0800	[34mINFO[0m	http/server.go:2286	HTTP Request completed	{"method": "GET", "path": "/api/v1/students", "ip": "[::1]:62793", "status": 200, "duration": 0.0012617}
2026-03-20T21:30:53.582+0800	[34mINFO[0m	http/server.go:2286	HTTP Request completed	{"method": "GET", "path": "/api/v1/students", "ip": "[::1]:62793", "status": 200, "duration": 0.0014078}
2026-03-20T21:31:59.026+0800	[34mINFO[0m	runtime/proc.go:290	Shutting down server...
2026-03-20T21:31:59.026+0800	[31mERROR[0m	runtime/asm_amd64.s:1771	Server error	{"error": "http: Server closed"}
2026-03-20T21:31:59.026+0800	[34mINFO[0m	runtime/proc.go:290	Server exited properly
2026-03-20T21:31:59.026+0800	[34mINFO[0m	cmd/main.go:108	Closing database connection...
2026-03-20T21:53:32.814+0800	[34mINFO[0m	runtime/proc.go:290	Starting application...
2026-03-20T21:53:32.829+0800	[34mINFO[0m	runtime/proc.go:290	Connecting to PostgreSQL database...
2026-03-20T21:53:32.868+0800	[34mINFO[0m	runtime/proc.go:290	Database connected successfully	{"database": "School-manajement"}
2026-03-20T21:53:32.868+0800	[34mINFO[0m	runtime/asm_amd64.s:1771	Starting server	{"port": ":8080"}
2026-03-20T21:53:52.891+0800	[34mINFO[0m	http/server.go:2286	HTTP Request completed	{"method": "GET", "path": "/api/v1/students", "ip": "[::1]:50735", "status": 200, "duration": 0.0034841}
2026-03-20T21:53:52.894+0800	[34mINFO[0m	http/server.go:2286	HTTP Request completed	{"method": "GET", "path": "/api/v1/students", "ip": "[::1]:50735", "status": 200, "duration": 0.0010532}
2026-03-20T21:53:55.917+0800	[34mINFO[0m	http/server.go:2286	HTTP Request completed	{"method": "GET", "path": "/api/v1/students", "ip": "[::1]:50735", "status": 200, "duration": 0.0013093}
2026-03-20T21:53:55.921+0800	[34mINFO[0m	http/server.go:2286	HTTP Request completed	{"method": "GET", "path": "/api/v1/students", "ip": "[::1]:50735", "status": 200, "duration": 0.0014761}
2026-03-20T21:54:00.467+0800	[34mINFO[0m	http/server.go:2286	HTTP Request completed	{"method": "GET", "path": "/api/v1/students", "ip": "[::1]:50735", "status": 200, "duration": 0.0019312}
2026-03-20T21:54:02.315+0800	[34mINFO[0m	http/server.go:2286	HTTP Request completed	{"method": "GET", "path": "/api/v1/students", "ip": "[::1]:50735", "status": 200, "duration": 0.0010648}
2026-03-20T21:54:02.317+0800	[34mINFO[0m	http/server.go:2286	HTTP Request completed	{"method": "GET", "path": "/api/v1/students", "ip": "[::1]:50735", "status": 200, "duration": 0.0010495}
2026-03-20T21:54:02.720+0800	[34mINFO[0m	http/server.go:2286	HTTP Request completed	{"method": "GET", "path": "/api/v1/students", "ip": "[::1]:50735", "status": 200, "duration": 0.0010288}
2026-03-20T21:54:02.722+0800	[34mINFO[0m	http/server.go:2286	HTTP Request completed	{"method": "GET", "path": "/api/v1/students", "ip": "[::1]:50735", "status": 200, "duration": 0.0006159}
2026-03-20T21:54:03.134+0800	[34mINFO[0m	http/server.go:2286	HTTP Request completed	{"method": "GET", "path": "/api/v1/students", "ip": "[::1]:50735", "status": 200, "duration": 0.0019912}
2026-03-20T21:54:03.138+0800	[34mINFO[0m	http/server.go:2286	HTTP Request completed	{"method": "GET", "path": "/api/v1/students", "ip": "[::1]:50735", "status": 200, "duration": 0.0019784}
2026-03-20T21:54:03.174+0800	[34mINFO[0m	http/server.go:2286	HTTP Request completed	{"method": "GET", "path": "/api/v1/absensi/all-with-students", "ip": "[::1]:59502", "status": 200, "duration": 0.0424421}
2026-03-20T21:54:03.178+0800	[34mINFO[0m	http/server.go:2286	HTTP Request completed	{"method": "GET", "path": "/api/v1/absensi/all-with-students", "ip": "[::1]:59502", "status": 200, "duration": 0.0018916}
2026-03-20T21:54:03.979+0800	[34mINFO[0m	http/server.go:2286	HTTP Request completed	{"method": "GET", "path": "/api/v1/students", "ip": "[::1]:59502", "status": 200, "duration": 0.0013038}
2026-03-20T21:54:03.982+0800	[34mINFO[0m	http/server.go:2286	HTTP Request completed	{"method": "GET", "path": "/api/v1/students", "ip": "[::1]:59502", "status": 200, "duration": 0.001468}
2026-03-20T21:54:04.564+0800	[34mINFO[0m	http/server.go:2286	HTTP Request completed	{"method": "GET", "path": "/api/v1/absensi/all-with-students", "ip": "[::1]:59502", "status": 200, "duration": 0.0012979}
2026-03-20T21:54:04.564+0800	[34mINFO[0m	http/server.go:2286	HTTP Request completed	{"method": "GET", "path": "/api/v1/students", "ip": "[::1]:50735", "status": 200, "duration": 0.0012979}
2026-03-20T21:54:04.568+0800	[34mINFO[0m	http/server.go:2286	HTTP Request completed	{"method": "GET", "path": "/api/v1/absensi/all-with-students", "ip": "[::1]:59502", "status": 200, "duration": 0.0010757}
2026-03-20T21:54:04.569+0800	[34mINFO[0m	http/server.go:2286	HTTP Request completed	{"method": "GET", "path": "/api/v1/students", "ip": "[::1]:50735", "status": 200, "duration": 0.0012514}
2026-03-20T21:54:05.443+0800	[34mINFO[0m	http/server.go:2286	HTTP Request completed	{"method": "GET", "path": "/api/v1/students", "ip": "[::1]:50735", "status": 200, "duration": 0.0010411}
2026-03-20T21:54:05.445+0800	[34mINFO[0m	http/server.go:2286	HTTP Request completed	{"method": "GET", "path": "/api/v1/students", "ip": "[::1]:50735", "status": 200, "duration": 0.001039}
2026-03-20T21:54:10.229+0800	[34mINFO[0m	http/server.go:2286	HTTP Request completed	{"method": "GET", "path": "/api/v1/students", "ip": "[::1]:50735", "status": 200, "duration": 0.0015657}
2026-03-20T21:54:11.512+0800	[34mINFO[0m	http/server.go:2286	HTTP Request completed	{"method": "GET", "path": "/api/v1/students", "ip": "[::1]:50735", "status": 200, "duration": 0.0025292}
2026-03-20T21:54:11.520+0800	[34mINFO[0m	http/server.go:2286	HTTP Request completed	{"method": "GET", "path": "/api/v1/students", "ip": "[::1]:50735", "status": 200, "duration": 0.0012135}
2026-03-20T21:54:46.542+0800	[34mINFO[0m	runtime/proc.go:290	Shutting down server...
2026-03-20T21:54:46.543+0800	[31mERROR[0m	runtime/asm_amd64.s:1771	Server error	{"error": "http: Server closed"}
2026-03-20T21:54:46.543+0800	[34mINFO[0m	runtime/proc.go:290	Server exited properly
2026-03-20T21:54:46.547+0800	[34mINFO[0m	cmd/main.go:108	Closing database connection...
